Actual Or Estimated Wind And Solar Power Generation (B1630)
Time Series ID,Business Type,PSR Type,Settlement  Date,Settlement Period,Quantity (MW)
NGET-EMFIP-AGWS-TS-00189546,Wind generation,"Wind Onshore",2018-01-12,48,5399.207
NGET-EMFIP-AGWS-TS-00189545,Wind generation,"Wind Offshore",2018-01-12,48,1429.146
NGET-EMFIP-AGWS-TS-00189544,Solar generation,"Solar",2018-01-12,48,0
NGET-EMFIP-AGWS-TS-00189543,Wind generation,"Wind Onshore",2018-01-12,47,5576.768
NGET-EMFIP-AGWS-TS-00189542,Wind generation,"Wind Offshore",2018-01-12,47,1409.877
NGET-EMFIP-AGWS-TS-00189541,Solar generation,"Solar",2018-01-12,47,0
NGET-EMFIP-AGWS-TS-00189540,Wind generation,"Wind Onshore",2018-01-12,46,5573.975
NGET-EMFIP-AGWS-TS-00189539,Wind generation,"Wind Offshore",2018-01-12,46,1388.921
NGET-EMFIP-AGWS-TS-00189538,Solar generation,"Solar",2018-01-12,46,0
NGET-EMFIP-AGWS-TS-00189537,Wind generation,"Wind Onshore",2018-01-12,45,5499.401
NGET-EMFIP-AGWS-TS-00189536,Wind generation,"Wind Offshore",2018-01-12,45,1414.817
NGET-EMFIP-AGWS-TS-00189535,Solar generation,"Solar",2018-01-12,45,0
NGET-EMFIP-AGWS-TS-00189534,Wind generation,"Wind Onshore",2018-01-12,44,5354.07
NGET-EMFIP-AGWS-TS-00189533,Wind generation,"Wind Offshore",2018-01-12,44,1336.978
NGET-EMFIP-AGWS-TS-00189532,Solar generation,"Solar",2018-01-12,44,0
NGET-EMFIP-AGWS-TS-00189531,Wind generation,"Wind Onshore",2018-01-12,43,5324.375
NGET-EMFIP-AGWS-TS-00189530,Wind generation,"Wind Offshore",2018-01-12,43,1349.88
NGET-EMFIP-AGWS-TS-00189529,Solar generation,"Solar",2018-01-12,43,0
NGET-EMFIP-AGWS-TS-00189528,Wind generation,"Wind Onshore",2018-01-12,42,5360.271
NGET-EMFIP-AGWS-TS-00189527,Wind generation,"Wind Offshore",2018-01-12,42,1258.776
NGET-EMFIP-AGWS-TS-00189526,Solar generation,"Solar",2018-01-12,42,0
NGET-EMFIP-AGWS-TS-00189525,Wind generation,"Wind Onshore",2018-01-12,41,5516.771
NGET-EMFIP-AGWS-TS-00189524,Wind generation,"Wind Offshore",2018-01-12,41,1250.816
NGET-EMFIP-AGWS-TS-00189523,Solar generation,"Solar",2018-01-12,41,0
NGET-EMFIP-AGWS-TS-00189522,Wind generation,"Wind Onshore",2018-01-12,40,5460.242
NGET-EMFIP-AGWS-TS-00189521,Wind generation,"Wind Offshore",2018-01-12,40,1188.266
NGET-EMFIP-AGWS-TS-00189520,Solar generation,"Solar",2018-01-12,40,0
NGET-EMFIP-AGWS-TS-00189519,Wind generation,"Wind Onshore",2018-01-12,39,5464.102
NGET-EMFIP-AGWS-TS-00189518,Wind generation,"Wind Offshore",2018-01-12,39,1176.397
NGET-EMFIP-AGWS-TS-00189517,Solar generation,"Solar",2018-01-12,39,0
NGET-EMFIP-AGWS-TS-00189516,Wind generation,"Wind Onshore",2018-01-12,38,5442.921
NGET-EMFIP-AGWS-TS-00189515,Wind generation,"Wind Offshore",2018-01-12,38,1112.846
NGET-EMFIP-AGWS-TS-00189514,Solar generation,"Solar",2018-01-12,38,0
NGET-EMFIP-AGWS-TS-00189513,Wind generation,"Wind Onshore",2018-01-12,37,5344.64
NGET-EMFIP-AGWS-TS-00189512,Wind generation,"Wind Offshore",2018-01-12,37,1065.453
NGET-EMFIP-AGWS-TS-00189511,Solar generation,"Solar",2018-01-12,37,0
NGET-EMFIP-AGWS-TS-00189510,Wind generation,"Wind Onshore",2018-01-12,36,5113.15
NGET-EMFIP-AGWS-TS-00189509,Wind generation,"Wind Offshore",2018-01-12,36,961.545
NGET-EMFIP-AGWS-TS-00189508,Solar generation,"Solar",2018-01-12,36,0
NGET-EMFIP-AGWS-TS-00189507,Wind generation,"Wind Onshore",2018-01-12,35,4854.521
NGET-EMFIP-AGWS-TS-00189506,Wind generation,"Wind Offshore",2018-01-12,35,912.069
NGET-EMFIP-AGWS-TS-00189505,Solar generation,"Solar",2018-01-12,35,0
NGET-EMFIP-AGWS-TS-00189504,Wind generation,"Wind Onshore",2018-01-12,34,4839.017
NGET-EMFIP-AGWS-TS-00189503,Wind generation,"Wind Offshore",2018-01-12,34,906.022
NGET-EMFIP-AGWS-TS-00189502,Solar generation,"Solar",2018-01-12,34,0
NGET-EMFIP-AGWS-TS-00189501,Wind generation,"Wind Onshore",2018-01-12,33,4657.608
NGET-EMFIP-AGWS-TS-00189500,Wind generation,"Wind Offshore",2018-01-12,33,892.165
NGET-EMFIP-AGWS-TS-00189499,Solar generation,"Solar",2018-01-12,33,3
NGET-EMFIP-AGWS-TS-00189495,Wind generation,"Wind Onshore",2018-01-12,31,4621.165
NGET-EMFIP-AGWS-TS-00189494,Wind generation,"Wind Offshore",2018-01-12,31,895.365
NGET-EMFIP-AGWS-TS-00189493,Solar generation,"Solar",2018-01-12,31,244
NGET-EMFIP-AGWS-TS-00189492,Wind generation,"Wind Onshore",2018-01-12,30,4605.955
NGET-EMFIP-AGWS-TS-00189491,Wind generation,"Wind Offshore",2018-01-12,30,889.834
NGET-EMFIP-AGWS-TS-00189490,Solar generation,"Solar",2018-01-12,30,519
NGET-EMFIP-AGWS-TS-00189489,Wind generation,"Wind Onshore",2018-01-12,29,4633.473
NGET-EMFIP-AGWS-TS-00189488,Wind generation,"Wind Offshore",2018-01-12,29,835.914
NGET-EMFIP-AGWS-TS-00189487,Solar generation,"Solar",2018-01-12,29,811
NGET-EMFIP-AGWS-TS-00189486,Wind generation,"Wind Onshore",2018-01-12,28,4617.152
NGET-EMFIP-AGWS-TS-00189485,Wind generation,"Wind Offshore",2018-01-12,28,743.444
NGET-EMFIP-AGWS-TS-00189484,Solar generation,"Solar",2018-01-12,28,895
NGET-EMFIP-AGWS-TS-00189483,Wind generation,"Wind Onshore",2018-01-12,27,4560.982
NGET-EMFIP-AGWS-TS-00189482,Wind generation,"Wind Offshore",2018-01-12,27,690.979
NGET-EMFIP-AGWS-TS-00189481,Solar generation,"Solar",2018-01-12,27,1646
NGET-EMFIP-AGWS-TS-00189480,Wind generation,"Wind Onshore",2018-01-12,26,4468.492
NGET-EMFIP-AGWS-TS-00189479,Wind generation,"Wind Offshore",2018-01-12,26,701.829
NGET-EMFIP-AGWS-TS-00189478,Solar generation,"Solar",2018-01-12,26,1140
NGET-EMFIP-AGWS-TS-00189477,Wind generation,"Wind Onshore",2018-01-12,25,4398.393
NGET-EMFIP-AGWS-TS-00189476,Wind generation,"Wind Offshore",2018-01-12,25,662.42
NGET-EMFIP-AGWS-TS-00189475,Solar generation,"Solar",2018-01-12,25,1180
NGET-EMFIP-AGWS-TS-00189474,Wind generation,"Wind Onshore",2018-01-12,24,4368.611
NGET-EMFIP-AGWS-TS-00189473,Wind generation,"Wind Offshore",2018-01-12,24,541.291
NGET-EMFIP-AGWS-TS-00189472,Solar generation,"Solar",2018-01-12,24,1160
NGET-EMFIP-AGWS-TS-00189471,Wind generation,"Wind Onshore",2018-01-12,23,4121.294
NGET-EMFIP-AGWS-TS-00189470,Wind generation,"Wind Offshore",2018-01-12,23,525.486
NGET-EMFIP-AGWS-TS-00189469,Solar generation,"Solar",2018-01-12,23,1030
NGET-EMFIP-AGWS-TS-00189468,Wind generation,"Wind Onshore",2018-01-12,22,4034.171
NGET-EMFIP-AGWS-TS-00189467,Wind generation,"Wind Offshore",2018-01-12,22,522.11
NGET-EMFIP-AGWS-TS-00189466,Solar generation,"Solar",2018-01-12,22,813
NGET-EMFIP-AGWS-TS-00189465,Wind generation,"Wind Onshore",2018-01-12,21,4010.172
NGET-EMFIP-AGWS-TS-00189464,Wind generation,"Wind Offshore",2018-01-12,21,492.391
NGET-EMFIP-AGWS-TS-00189463,Solar generation,"Solar",2018-01-12,21,641
NGET-EMFIP-AGWS-TS-00189462,Wind generation,"Wind Onshore",2018-01-12,20,3890.85
NGET-EMFIP-AGWS-TS-00189461,Wind generation,"Wind Offshore",2018-01-12,20,435.997
NGET-EMFIP-AGWS-TS-00189460,Solar generation,"Solar",2018-01-12,20,419
NGET-EMFIP-AGWS-TS-00189459,Wind generation,"Wind Onshore",2018-01-12,19,3673.771
NGET-EMFIP-AGWS-TS-00189458,Wind generation,"Wind Offshore",2018-01-12,19,499.915
NGET-EMFIP-AGWS-TS-00189457,Solar generation,"Solar",2018-01-12,19,216
NGET-EMFIP-AGWS-TS-00189456,Wind generation,"Wind Onshore",2018-01-12,18,3431.384
NGET-EMFIP-AGWS-TS-00189455,Wind generation,"Wind Offshore",2018-01-12,18,399.658
NGET-EMFIP-AGWS-TS-00189454,Solar generation,"Solar",2018-01-12,18,68
NGET-EMFIP-AGWS-TS-00189453,Wind generation,"Wind Onshore",2018-01-12,17,3175.916
NGET-EMFIP-AGWS-TS-00189452,Wind generation,"Wind Offshore",2018-01-12,17,382.491
NGET-EMFIP-AGWS-TS-00189451,Solar generation,"Solar",2018-01-12,17,3
NGET-EMFIP-AGWS-TS-00189450,Wind generation,"Wind Onshore",2018-01-12,16,3078.851
NGET-EMFIP-AGWS-TS-00189449,Wind generation,"Wind Offshore",2018-01-12,16,411.839
NGET-EMFIP-AGWS-TS-00189448,Solar generation,"Solar",2018-01-12,16,0
NGET-EMFIP-AGWS-TS-00189447,Wind generation,"Wind Onshore",2018-01-12,15,2855.103
NGET-EMFIP-AGWS-TS-00189446,Wind generation,"Wind Offshore",2018-01-12,15,395.47
NGET-EMFIP-AGWS-TS-00189445,Solar generation,"Solar",2018-01-12,15,0
NGET-EMFIP-AGWS-TS-00189444,Wind generation,"Wind Onshore",2018-01-12,14,2653.074
NGET-EMFIP-AGWS-TS-00189443,Wind generation,"Wind Offshore",2018-01-12,14,445.625
NGET-EMFIP-AGWS-TS-00189442,Solar generation,"Solar",2018-01-12,14,0
NGET-EMFIP-AGWS-TS-00189441,Wind generation,"Wind Onshore",2018-01-12,13,2539.352
NGET-EMFIP-AGWS-TS-00189440,Wind generation,"Wind Offshore",2018-01-12,13,430.442
NGET-EMFIP-AGWS-TS-00189439,Solar generation,"Solar",2018-01-12,13,0
NGET-EMFIP-AGWS-TS-00189438,Wind generation,"Wind Onshore",2018-01-12,12,2372.954
NGET-EMFIP-AGWS-TS-00189437,Wind generation,"Wind Offshore",2018-01-12,12,324.698
NGET-EMFIP-AGWS-TS-00189436,Solar generation,"Solar",2018-01-12,12,0
NGET-EMFIP-AGWS-TS-00189435,Wind generation,"Wind Onshore",2018-01-12,11,2229.155
NGET-EMFIP-AGWS-TS-00189434,Wind generation,"Wind Offshore",2018-01-12,11,264.452
NGET-EMFIP-AGWS-TS-00189433,Solar generation,"Solar",2018-01-12,11,0
NGET-EMFIP-AGWS-TS-00189432,Wind generation,"Wind Onshore",2018-01-12,10,2102.69
NGET-EMFIP-AGWS-TS-00189431,Wind generation,"Wind Offshore",2018-01-12,10,323.726
NGET-EMFIP-AGWS-TS-00189430,Solar generation,"Solar",2018-01-12,10,0
NGET-EMFIP-AGWS-TS-00189429,Wind generation,"Wind Onshore",2018-01-12,9,2104.815
NGET-EMFIP-AGWS-TS-00189428,Wind generation,"Wind Offshore",2018-01-12,9,341.977
NGET-EMFIP-AGWS-TS-00189427,Solar generation,"Solar",2018-01-12,9,0
NGET-EMFIP-AGWS-TS-00189426,Wind generation,"Wind Onshore",2018-01-12,8,1856.226
NGET-EMFIP-AGWS-TS-00189425,Wind generation,"Wind Offshore",2018-01-12,8,295.531
NGET-EMFIP-AGWS-TS-00189424,Solar generation,"Solar",2018-01-12,8,0
NGET-EMFIP-AGWS-TS-00189423,Wind generation,"Wind Onshore",2018-01-12,7,1718.326
NGET-EMFIP-AGWS-TS-00189422,Wind generation,"Wind Offshore",2018-01-12,7,219.767
NGET-EMFIP-AGWS-TS-00189421,Solar generation,"Solar",2018-01-12,7,0
NGET-EMFIP-AGWS-TS-00189420,Wind generation,"Wind Onshore",2018-01-12,6,1667.568
NGET-EMFIP-AGWS-TS-00189419,Wind generation,"Wind Offshore",2018-01-12,6,189.909
NGET-EMFIP-AGWS-TS-00189418,Solar generation,"Solar",2018-01-12,6,0
NGET-EMFIP-AGWS-TS-00189417,Wind generation,"Wind Onshore",2018-01-12,5,1656.111
NGET-EMFIP-AGWS-TS-00189416,Wind generation,"Wind Offshore",2018-01-12,5,143.32
NGET-EMFIP-AGWS-TS-00189415,Solar generation,"Solar",2018-01-12,5,0
NGET-EMFIP-AGWS-TS-00189414,Wind generation,"Wind Onshore",2018-01-12,4,1475.838
NGET-EMFIP-AGWS-TS-00189413,Wind generation,"Wind Offshore",2018-01-12,4,125.544
NGET-EMFIP-AGWS-TS-00189412,Solar generation,"Solar",2018-01-12,4,0
NGET-EMFIP-AGWS-TS-00189411,Wind generation,"Wind Onshore",2018-01-12,3,1478.258
NGET-EMFIP-AGWS-TS-00189410,Wind generation,"Wind Offshore",2018-01-12,3,122.095
NGET-EMFIP-AGWS-TS-00189409,Solar generation,"Solar",2018-01-12,3,0
NGET-EMFIP-AGWS-TS-00189408,Wind generation,"Wind Onshore",2018-01-12,2,1417.727
NGET-EMFIP-AGWS-TS-00189407,Wind generation,"Wind Offshore",2018-01-12,2,115.041
NGET-EMFIP-AGWS-TS-00189406,Solar generation,"Solar",2018-01-12,2,0
NGET-EMFIP-AGWS-TS-00189405,Wind generation,"Wind Onshore",2018-01-12,1,1402.877
NGET-EMFIP-AGWS-TS-00189404,Wind generation,"Wind Offshore",2018-01-12,1,121.165
NGET-EMFIP-AGWS-TS-00189403,Solar generation,"Solar",2018-01-12,1,0