Actual Or Estimated Wind And Solar Power Generation (B1630)
Time Series ID,Business Type,PSR Type,Settlement  Date,Settlement Period,Quantity (MW)
NGET-EMFIP-AGWS-TS-00192068,Wind generation,"Wind Onshore",2018-01-28,48,5735.559
NGET-EMFIP-AGWS-TS-00192067,Wind generation,"Wind Offshore",2018-01-28,48,3697.609
NGET-EMFIP-AGWS-TS-00192066,Solar generation,"Solar",2018-01-28,48,0
NGET-EMFIP-AGWS-TS-00192065,Wind generation,"Wind Onshore",2018-01-28,47,5627.013
NGET-EMFIP-AGWS-TS-00192064,Wind generation,"Wind Offshore",2018-01-28,47,3766.416
NGET-EMFIP-AGWS-TS-00192063,Solar generation,"Solar",2018-01-28,47,0
NGET-EMFIP-AGWS-TS-00192062,Wind generation,"Wind Onshore",2018-01-28,46,5641.185
NGET-EMFIP-AGWS-TS-00192061,Wind generation,"Wind Offshore",2018-01-28,46,3714.681
NGET-EMFIP-AGWS-TS-00192060,Solar generation,"Solar",2018-01-28,46,0
NGET-EMFIP-AGWS-TS-00192059,Wind generation,"Wind Onshore",2018-01-28,45,6068.149
NGET-EMFIP-AGWS-TS-00192058,Wind generation,"Wind Offshore",2018-01-28,45,3737.579
NGET-EMFIP-AGWS-TS-00192057,Solar generation,"Solar",2018-01-28,45,0
NGET-EMFIP-AGWS-TS-00192056,Wind generation,"Wind Onshore",2018-01-28,44,6091.377
NGET-EMFIP-AGWS-TS-00192055,Wind generation,"Wind Offshore",2018-01-28,44,3760.736
NGET-EMFIP-AGWS-TS-00192054,Solar generation,"Solar",2018-01-28,44,0
NGET-EMFIP-AGWS-TS-00192053,Wind generation,"Wind Onshore",2018-01-28,43,6355.495
NGET-EMFIP-AGWS-TS-00192052,Wind generation,"Wind Offshore",2018-01-28,43,3730.444
NGET-EMFIP-AGWS-TS-00192051,Solar generation,"Solar",2018-01-28,43,0
NGET-EMFIP-AGWS-TS-00192050,Wind generation,"Wind Onshore",2018-01-28,42,6523.604
NGET-EMFIP-AGWS-TS-00192049,Wind generation,"Wind Offshore",2018-01-28,42,3667.151
NGET-EMFIP-AGWS-TS-00192048,Solar generation,"Solar",2018-01-28,42,0
NGET-EMFIP-AGWS-TS-00192047,Wind generation,"Wind Onshore",2018-01-28,41,6512.062
NGET-EMFIP-AGWS-TS-00192046,Wind generation,"Wind Offshore",2018-01-28,41,3618.855
NGET-EMFIP-AGWS-TS-00192045,Solar generation,"Solar",2018-01-28,41,0
NGET-EMFIP-AGWS-TS-00192044,Wind generation,"Wind Onshore",2018-01-28,40,6457.275
NGET-EMFIP-AGWS-TS-00192043,Wind generation,"Wind Offshore",2018-01-28,40,3697.497
NGET-EMFIP-AGWS-TS-00192042,Solar generation,"Solar",2018-01-28,40,0
NGET-EMFIP-AGWS-TS-00192041,Wind generation,"Wind Onshore",2018-01-28,39,6456.448
NGET-EMFIP-AGWS-TS-00192040,Wind generation,"Wind Offshore",2018-01-28,39,3700.082
NGET-EMFIP-AGWS-TS-00192039,Solar generation,"Solar",2018-01-28,39,0
NGET-EMFIP-AGWS-TS-00192038,Wind generation,"Wind Onshore",2018-01-28,38,6418.546
NGET-EMFIP-AGWS-TS-00192037,Wind generation,"Wind Offshore",2018-01-28,38,3666.347
NGET-EMFIP-AGWS-TS-00192036,Solar generation,"Solar",2018-01-28,38,0
NGET-EMFIP-AGWS-TS-00192035,Wind generation,"Wind Onshore",2018-01-28,37,6390.626
NGET-EMFIP-AGWS-TS-00192034,Wind generation,"Wind Offshore",2018-01-28,37,3777.202
NGET-EMFIP-AGWS-TS-00192033,Solar generation,"Solar",2018-01-28,37,0
NGET-EMFIP-AGWS-TS-00192032,Wind generation,"Wind Onshore",2018-01-28,36,6342.25
NGET-EMFIP-AGWS-TS-00192031,Wind generation,"Wind Offshore",2018-01-28,36,3737.397
NGET-EMFIP-AGWS-TS-00192030,Solar generation,"Solar",2018-01-28,36,0
NGET-EMFIP-AGWS-TS-00192029,Wind generation,"Wind Onshore",2018-01-28,35,6325.581
NGET-EMFIP-AGWS-TS-00192028,Wind generation,"Wind Offshore",2018-01-28,35,3744.645
NGET-EMFIP-AGWS-TS-00192027,Solar generation,"Solar",2018-01-28,35,0
NGET-EMFIP-AGWS-TS-00192026,Wind generation,"Wind Onshore",2018-01-28,34,6198.343
NGET-EMFIP-AGWS-TS-00192025,Wind generation,"Wind Offshore",2018-01-28,34,3783.038
NGET-EMFIP-AGWS-TS-00192024,Solar generation,"Solar",2018-01-28,34,8
NGET-EMFIP-AGWS-TS-00192023,Wind generation,"Wind Onshore",2018-01-28,33,6255.834
NGET-EMFIP-AGWS-TS-00192022,Wind generation,"Wind Offshore",2018-01-28,33,3798.76
NGET-EMFIP-AGWS-TS-00192021,Solar generation,"Solar",2018-01-28,33,77
NGET-EMFIP-AGWS-TS-00192020,Wind generation,"Wind Onshore",2018-01-28,32,6293.931
NGET-EMFIP-AGWS-TS-00192019,Wind generation,"Wind Offshore",2018-01-28,32,3750.469
NGET-EMFIP-AGWS-TS-00192018,Solar generation,"Solar",2018-01-28,32,266
NGET-EMFIP-AGWS-TS-00192017,Wind generation,"Wind Onshore",2018-01-28,31,6341.309
NGET-EMFIP-AGWS-TS-00192016,Wind generation,"Wind Offshore",2018-01-28,31,3711.282
NGET-EMFIP-AGWS-TS-00192015,Solar generation,"Solar",2018-01-28,31,608
NGET-EMFIP-AGWS-TS-00192014,Wind generation,"Wind Onshore",2018-01-28,30,6448.831
NGET-EMFIP-AGWS-TS-00192013,Wind generation,"Wind Offshore",2018-01-28,30,3807.038
NGET-EMFIP-AGWS-TS-00192012,Solar generation,"Solar",2018-01-28,30,953
NGET-EMFIP-AGWS-TS-00192011,Wind generation,"Wind Onshore",2018-01-28,29,6445.694
NGET-EMFIP-AGWS-TS-00192010,Wind generation,"Wind Offshore",2018-01-28,29,3898.95
NGET-EMFIP-AGWS-TS-00192009,Solar generation,"Solar",2018-01-28,29,1290
NGET-EMFIP-AGWS-TS-00192008,Wind generation,"Wind Onshore",2018-01-28,28,6471.951
NGET-EMFIP-AGWS-TS-00192007,Wind generation,"Wind Offshore",2018-01-28,28,3886.85
NGET-EMFIP-AGWS-TS-00192006,Solar generation,"Solar",2018-01-28,28,1500
NGET-EMFIP-AGWS-TS-00192005,Wind generation,"Wind Onshore",2018-01-28,27,6512.32
NGET-EMFIP-AGWS-TS-00192004,Wind generation,"Wind Offshore",2018-01-28,27,3839.58
NGET-EMFIP-AGWS-TS-00192003,Solar generation,"Solar",2018-01-28,27,1200
NGET-EMFIP-AGWS-TS-00192002,Wind generation,"Wind Onshore",2018-01-28,26,6460.787
NGET-EMFIP-AGWS-TS-00192001,Wind generation,"Wind Offshore",2018-01-28,26,3843.407
NGET-EMFIP-AGWS-TS-00192000,Solar generation,"Solar",2018-01-28,26,1920
NGET-EMFIP-AGWS-TS-00191999,Wind generation,"Wind Onshore",2018-01-28,25,6334.454
NGET-EMFIP-AGWS-TS-00191998,Wind generation,"Wind Offshore",2018-01-28,25,3760.486
NGET-EMFIP-AGWS-TS-00191997,Solar generation,"Solar",2018-01-28,25,1990
NGET-EMFIP-AGWS-TS-00191996,Wind generation,"Wind Onshore",2018-01-28,24,6218.957
NGET-EMFIP-AGWS-TS-00191995,Wind generation,"Wind Offshore",2018-01-28,24,3697.308
NGET-EMFIP-AGWS-TS-00191994,Solar generation,"Solar",2018-01-28,24,1890
NGET-EMFIP-AGWS-TS-00191993,Wind generation,"Wind Onshore",2018-01-28,23,6267.562
NGET-EMFIP-AGWS-TS-00191992,Wind generation,"Wind Offshore",2018-01-28,23,3702.735
NGET-EMFIP-AGWS-TS-00191991,Solar generation,"Solar",2018-01-28,23,1840
NGET-EMFIP-AGWS-TS-00191990,Wind generation,"Wind Onshore",2018-01-28,22,6034.362
NGET-EMFIP-AGWS-TS-00191989,Wind generation,"Wind Offshore",2018-01-28,22,3690.718
NGET-EMFIP-AGWS-TS-00191988,Solar generation,"Solar",2018-01-28,22,1600
NGET-EMFIP-AGWS-TS-00191987,Wind generation,"Wind Onshore",2018-01-28,21,5998.491
NGET-EMFIP-AGWS-TS-00191986,Wind generation,"Wind Offshore",2018-01-28,21,3684.371
NGET-EMFIP-AGWS-TS-00191985,Solar generation,"Solar",2018-01-28,21,1430
NGET-EMFIP-AGWS-TS-00191984,Wind generation,"Wind Onshore",2018-01-28,20,5652.61
NGET-EMFIP-AGWS-TS-00191983,Wind generation,"Wind Offshore",2018-01-28,20,3764.966
NGET-EMFIP-AGWS-TS-00191982,Solar generation,"Solar",2018-01-28,20,893
NGET-EMFIP-AGWS-TS-00191981,Wind generation,"Wind Onshore",2018-01-28,19,5721.26
NGET-EMFIP-AGWS-TS-00191980,Wind generation,"Wind Offshore",2018-01-28,19,3719.207
NGET-EMFIP-AGWS-TS-00191979,Solar generation,"Solar",2018-01-28,19,467
NGET-EMFIP-AGWS-TS-00191968,Wind generation,"Wind Onshore",2018-01-28,18,5585.415
NGET-EMFIP-AGWS-TS-00191967,Wind generation,"Wind Offshore",2018-01-28,18,3581.253
NGET-EMFIP-AGWS-TS-00191966,Solar generation,"Solar",2018-01-28,18,185
NGET-EMFIP-AGWS-TS-00191965,Wind generation,"Wind Onshore",2018-01-28,17,5490.02
NGET-EMFIP-AGWS-TS-00191964,Wind generation,"Wind Offshore",2018-01-28,17,3517.464
NGET-EMFIP-AGWS-TS-00191963,Solar generation,"Solar",2018-01-28,17,32
NGET-EMFIP-AGWS-TS-00191962,Wind generation,"Wind Onshore",2018-01-28,16,5557.08
NGET-EMFIP-AGWS-TS-00191961,Wind generation,"Wind Offshore",2018-01-28,16,3386
NGET-EMFIP-AGWS-TS-00191960,Solar generation,"Solar",2018-01-28,16,0
NGET-EMFIP-AGWS-TS-00191959,Wind generation,"Wind Onshore",2018-01-28,15,5513.42
NGET-EMFIP-AGWS-TS-00191958,Wind generation,"Wind Offshore",2018-01-28,15,3263.4
NGET-EMFIP-AGWS-TS-00191957,Solar generation,"Solar",2018-01-28,15,0
NGET-EMFIP-AGWS-TS-00191956,Wind generation,"Wind Onshore",2018-01-28,14,5330.202
NGET-EMFIP-AGWS-TS-00191955,Wind generation,"Wind Offshore",2018-01-28,14,3147.676
NGET-EMFIP-AGWS-TS-00191954,Solar generation,"Solar",2018-01-28,14,0
NGET-EMFIP-AGWS-TS-00191953,Wind generation,"Wind Onshore",2018-01-28,13,5043.854
NGET-EMFIP-AGWS-TS-00191952,Wind generation,"Wind Offshore",2018-01-28,13,3171.418
NGET-EMFIP-AGWS-TS-00191951,Solar generation,"Solar",2018-01-28,13,0
NGET-EMFIP-AGWS-TS-00191950,Wind generation,"Wind Onshore",2018-01-28,12,4930.685
NGET-EMFIP-AGWS-TS-00191949,Wind generation,"Wind Offshore",2018-01-28,12,3127.186
NGET-EMFIP-AGWS-TS-00191948,Solar generation,"Solar",2018-01-28,12,0
NGET-EMFIP-AGWS-TS-00191947,Wind generation,"Wind Onshore",2018-01-28,11,5066.423
NGET-EMFIP-AGWS-TS-00191946,Wind generation,"Wind Offshore",2018-01-28,11,3254.209
NGET-EMFIP-AGWS-TS-00191945,Solar generation,"Solar",2018-01-28,11,0
NGET-EMFIP-AGWS-TS-00191944,Wind generation,"Wind Onshore",2018-01-28,10,5143.649
NGET-EMFIP-AGWS-TS-00191943,Wind generation,"Wind Offshore",2018-01-28,10,3091.997
NGET-EMFIP-AGWS-TS-00191942,Solar generation,"Solar",2018-01-28,10,0
NGET-EMFIP-AGWS-TS-00191941,Wind generation,"Wind Onshore",2018-01-28,9,5015.558
NGET-EMFIP-AGWS-TS-00191940,Wind generation,"Wind Offshore",2018-01-28,9,2937.806
NGET-EMFIP-AGWS-TS-00191939,Solar generation,"Solar",2018-01-28,9,0
NGET-EMFIP-AGWS-TS-00191938,Wind generation,"Wind Onshore",2018-01-28,8,4957.842
NGET-EMFIP-AGWS-TS-00191937,Wind generation,"Wind Offshore",2018-01-28,8,3149.46
NGET-EMFIP-AGWS-TS-00191936,Solar generation,"Solar",2018-01-28,8,0
NGET-EMFIP-AGWS-TS-00191935,Wind generation,"Wind Onshore",2018-01-28,7,4776.554
NGET-EMFIP-AGWS-TS-00191934,Wind generation,"Wind Offshore",2018-01-28,7,3260.252
NGET-EMFIP-AGWS-TS-00191933,Solar generation,"Solar",2018-01-28,7,0
NGET-EMFIP-AGWS-TS-00191932,Wind generation,"Wind Onshore",2018-01-28,6,4859.248
NGET-EMFIP-AGWS-TS-00191931,Wind generation,"Wind Offshore",2018-01-28,6,3370.711
NGET-EMFIP-AGWS-TS-00191930,Solar generation,"Solar",2018-01-28,6,0
NGET-EMFIP-AGWS-TS-00191929,Wind generation,"Wind Onshore",2018-01-28,5,4893.593
NGET-EMFIP-AGWS-TS-00191928,Wind generation,"Wind Offshore",2018-01-28,5,3516.524
NGET-EMFIP-AGWS-TS-00191927,Solar generation,"Solar",2018-01-28,5,0
NGET-EMFIP-AGWS-TS-00191926,Wind generation,"Wind Onshore",2018-01-28,4,5002.216
NGET-EMFIP-AGWS-TS-00191925,Wind generation,"Wind Offshore",2018-01-28,4,3498.872
NGET-EMFIP-AGWS-TS-00191924,Solar generation,"Solar",2018-01-28,4,0
NGET-EMFIP-AGWS-TS-00191923,Wind generation,"Wind Onshore",2018-01-28,3,5034.626
NGET-EMFIP-AGWS-TS-00191922,Wind generation,"Wind Offshore",2018-01-28,3,3518.791
NGET-EMFIP-AGWS-TS-00191921,Solar generation,"Solar",2018-01-28,3,0
NGET-EMFIP-AGWS-TS-00191920,Wind generation,"Wind Onshore",2018-01-28,2,5139.147
NGET-EMFIP-AGWS-TS-00191919,Wind generation,"Wind Offshore",2018-01-28,2,3487.868
NGET-EMFIP-AGWS-TS-00191918,Solar generation,"Solar",2018-01-28,2,0
NGET-EMFIP-AGWS-TS-00191917,Wind generation,"Wind Onshore",2018-01-28,1,5090.713
NGET-EMFIP-AGWS-TS-00191916,Wind generation,"Wind Offshore",2018-01-28,1,3600.574
NGET-EMFIP-AGWS-TS-00191915,Solar generation,"Solar",2018-01-28,1,0