Actual Or Estimated Wind And Solar Power Generation (B1630)
Time Series ID,Business Type,PSR Type,Settlement  Date,Settlement Period,Quantity (MW)
NGET-EMFIP-AGWS-TS-00189402,Wind generation,"Wind Onshore",2018-01-11,48,1301.938
NGET-EMFIP-AGWS-TS-00189401,Wind generation,"Wind Offshore",2018-01-11,48,163.02
NGET-EMFIP-AGWS-TS-00189400,Solar generation,"Solar",2018-01-11,48,0
NGET-EMFIP-AGWS-TS-00189399,Wind generation,"Wind Onshore",2018-01-11,47,1172.969
NGET-EMFIP-AGWS-TS-00189398,Wind generation,"Wind Offshore",2018-01-11,47,186.214
NGET-EMFIP-AGWS-TS-00189397,Solar generation,"Solar",2018-01-11,47,0
NGET-EMFIP-AGWS-TS-00189396,Wind generation,"Wind Onshore",2018-01-11,46,992.62
NGET-EMFIP-AGWS-TS-00189395,Wind generation,"Wind Offshore",2018-01-11,46,203.944
NGET-EMFIP-AGWS-TS-00189394,Solar generation,"Solar",2018-01-11,46,0
NGET-EMFIP-AGWS-TS-00189393,Wind generation,"Wind Onshore",2018-01-11,45,940.169
NGET-EMFIP-AGWS-TS-00189392,Wind generation,"Wind Offshore",2018-01-11,45,240.001
NGET-EMFIP-AGWS-TS-00189391,Solar generation,"Solar",2018-01-11,45,0
NGET-EMFIP-AGWS-TS-00189390,Wind generation,"Wind Onshore",2018-01-11,44,758.489
NGET-EMFIP-AGWS-TS-00189389,Wind generation,"Wind Offshore",2018-01-11,44,244.275
NGET-EMFIP-AGWS-TS-00189388,Solar generation,"Solar",2018-01-11,44,0
NGET-EMFIP-AGWS-TS-00189387,Wind generation,"Wind Onshore",2018-01-11,43,669.642
NGET-EMFIP-AGWS-TS-00189386,Wind generation,"Wind Offshore",2018-01-11,43,250.996
NGET-EMFIP-AGWS-TS-00189385,Solar generation,"Solar",2018-01-11,43,0
NGET-EMFIP-AGWS-TS-00189384,Wind generation,"Wind Onshore",2018-01-11,42,621.368
NGET-EMFIP-AGWS-TS-00189383,Wind generation,"Wind Offshore",2018-01-11,42,246.592
NGET-EMFIP-AGWS-TS-00189382,Solar generation,"Solar",2018-01-11,42,0
NGET-EMFIP-AGWS-TS-00189381,Wind generation,"Wind Onshore",2018-01-11,41,597.514
NGET-EMFIP-AGWS-TS-00189380,Wind generation,"Wind Offshore",2018-01-11,41,210.637
NGET-EMFIP-AGWS-TS-00189379,Solar generation,"Solar",2018-01-11,41,0
NGET-EMFIP-AGWS-TS-00189366,Wind generation,"Wind Onshore",2018-01-11,39,594.105
NGET-EMFIP-AGWS-TS-00189365,Wind generation,"Wind Offshore",2018-01-11,39,169.592
NGET-EMFIP-AGWS-TS-00189364,Solar generation,"Solar",2018-01-11,39,0
NGET-EMFIP-AGWS-TS-00189363,Wind generation,"Wind Onshore",2018-01-11,38,605.84
NGET-EMFIP-AGWS-TS-00189362,Wind generation,"Wind Offshore",2018-01-11,38,182.707
NGET-EMFIP-AGWS-TS-00189361,Solar generation,"Solar",2018-01-11,38,0
NGET-EMFIP-AGWS-TS-00189360,Wind generation,"Wind Onshore",2018-01-11,37,617.031
NGET-EMFIP-AGWS-TS-00189359,Wind generation,"Wind Offshore",2018-01-11,37,182.998
NGET-EMFIP-AGWS-TS-00189358,Solar generation,"Solar",2018-01-11,37,0
NGET-EMFIP-AGWS-TS-00189357,Wind generation,"Wind Onshore",2018-01-11,36,597.464
NGET-EMFIP-AGWS-TS-00189356,Wind generation,"Wind Offshore",2018-01-11,36,161.084
NGET-EMFIP-AGWS-TS-00189355,Solar generation,"Solar",2018-01-11,36,1
NGET-EMFIP-AGWS-TS-00189354,Wind generation,"Wind Onshore",2018-01-11,35,508.466
NGET-EMFIP-AGWS-TS-00189353,Wind generation,"Wind Offshore",2018-01-11,35,187.846
NGET-EMFIP-AGWS-TS-00189352,Solar generation,"Solar",2018-01-11,35,0
NGET-EMFIP-AGWS-TS-00189351,Wind generation,"Wind Onshore",2018-01-11,34,441.772
NGET-EMFIP-AGWS-TS-00189350,Wind generation,"Wind Offshore",2018-01-11,34,196.535
NGET-EMFIP-AGWS-TS-00189349,Solar generation,"Solar",2018-01-11,34,0
NGET-EMFIP-AGWS-TS-00189348,Wind generation,"Wind Onshore",2018-01-11,33,374.262
NGET-EMFIP-AGWS-TS-00189347,Wind generation,"Wind Offshore",2018-01-11,33,213.203
NGET-EMFIP-AGWS-TS-00189346,Solar generation,"Solar",2018-01-11,33,20
NGET-EMFIP-AGWS-TS-00189345,Wind generation,"Wind Onshore",2018-01-11,32,390.597
NGET-EMFIP-AGWS-TS-00189344,Wind generation,"Wind Offshore",2018-01-11,32,270.127
NGET-EMFIP-AGWS-TS-00189343,Solar generation,"Solar",2018-01-11,32,177
NGET-EMFIP-AGWS-TS-00189342,Wind generation,"Wind Onshore",2018-01-11,31,394.636
NGET-EMFIP-AGWS-TS-00189341,Wind generation,"Wind Offshore",2018-01-11,31,298.545
NGET-EMFIP-AGWS-TS-00189340,Solar generation,"Solar",2018-01-11,31,475
NGET-EMFIP-AGWS-TS-00189339,Wind generation,"Wind Onshore",2018-01-11,30,425.797
NGET-EMFIP-AGWS-TS-00189338,Wind generation,"Wind Offshore",2018-01-11,30,264.417
NGET-EMFIP-AGWS-TS-00189337,Solar generation,"Solar",2018-01-11,30,875
NGET-EMFIP-AGWS-TS-00189336,Wind generation,"Wind Onshore",2018-01-11,29,412.839
NGET-EMFIP-AGWS-TS-00189335,Wind generation,"Wind Offshore",2018-01-11,29,234.693
NGET-EMFIP-AGWS-TS-00189334,Solar generation,"Solar",2018-01-11,29,1190
NGET-EMFIP-AGWS-TS-00189333,Wind generation,"Wind Onshore",2018-01-11,28,483.387
NGET-EMFIP-AGWS-TS-00189332,Wind generation,"Wind Offshore",2018-01-11,28,285.615
NGET-EMFIP-AGWS-TS-00189331,Solar generation,"Solar",2018-01-11,28,1510
NGET-EMFIP-AGWS-TS-00189330,Wind generation,"Wind Onshore",2018-01-11,27,447.363
NGET-EMFIP-AGWS-TS-00189329,Wind generation,"Wind Offshore",2018-01-11,27,272.446
NGET-EMFIP-AGWS-TS-00189328,Solar generation,"Solar",2018-01-11,27,1539
NGET-EMFIP-AGWS-TS-00189327,Wind generation,"Wind Onshore",2018-01-11,26,496.057
NGET-EMFIP-AGWS-TS-00189326,Wind generation,"Wind Offshore",2018-01-11,26,229.663
NGET-EMFIP-AGWS-TS-00189325,Solar generation,"Solar",2018-01-11,26,1760
NGET-EMFIP-AGWS-TS-00189324,Wind generation,"Wind Onshore",2018-01-11,25,523.441
NGET-EMFIP-AGWS-TS-00189323,Wind generation,"Wind Offshore",2018-01-11,25,213.637
NGET-EMFIP-AGWS-TS-00189322,Solar generation,"Solar",2018-01-11,25,1830
NGET-EMFIP-AGWS-TS-00189321,Wind generation,"Wind Onshore",2018-01-11,24,579.825
NGET-EMFIP-AGWS-TS-00189320,Wind generation,"Wind Offshore",2018-01-11,24,234.305
NGET-EMFIP-AGWS-TS-00189319,Solar generation,"Solar",2018-01-11,24,1710
NGET-EMFIP-AGWS-TS-00189318,Wind generation,"Wind Onshore",2018-01-11,23,638.093
NGET-EMFIP-AGWS-TS-00189317,Wind generation,"Wind Offshore",2018-01-11,23,247.395
NGET-EMFIP-AGWS-TS-00189316,Solar generation,"Solar",2018-01-11,23,1540
NGET-EMFIP-AGWS-TS-00189315,Wind generation,"Wind Onshore",2018-01-11,22,640.993
NGET-EMFIP-AGWS-TS-00189314,Wind generation,"Wind Offshore",2018-01-11,22,253.466
NGET-EMFIP-AGWS-TS-00189313,Solar generation,"Solar",2018-01-11,22,1220
NGET-EMFIP-AGWS-TS-00189312,Wind generation,"Wind Onshore",2018-01-11,21,645.156
NGET-EMFIP-AGWS-TS-00189311,Wind generation,"Wind Offshore",2018-01-11,21,263.308
NGET-EMFIP-AGWS-TS-00189310,Solar generation,"Solar",2018-01-11,21,966
NGET-EMFIP-AGWS-TS-00189309,Wind generation,"Wind Onshore",2018-01-11,20,645.793
NGET-EMFIP-AGWS-TS-00189308,Wind generation,"Wind Offshore",2018-01-11,20,232.203
NGET-EMFIP-AGWS-TS-00189307,Solar generation,"Solar",2018-01-11,20,582
NGET-EMFIP-AGWS-TS-00189306,Wind generation,"Wind Onshore",2018-01-11,19,648.718
NGET-EMFIP-AGWS-TS-00189305,Wind generation,"Wind Offshore",2018-01-11,19,237.109
NGET-EMFIP-AGWS-TS-00189304,Solar generation,"Solar",2018-01-11,19,284
NGET-EMFIP-AGWS-TS-00189303,Wind generation,"Wind Onshore",2018-01-11,18,670.81
NGET-EMFIP-AGWS-TS-00189302,Wind generation,"Wind Offshore",2018-01-11,18,295.29
NGET-EMFIP-AGWS-TS-00189301,Solar generation,"Solar",2018-01-11,18,79
NGET-EMFIP-AGWS-TS-00189300,Wind generation,"Wind Onshore",2018-01-11,17,718.566
NGET-EMFIP-AGWS-TS-00189299,Wind generation,"Wind Offshore",2018-01-11,17,373.957
NGET-EMFIP-AGWS-TS-00189298,Solar generation,"Solar",2018-01-11,17,2
NGET-EMFIP-AGWS-TS-00189297,Wind generation,"Wind Onshore",2018-01-11,16,764.411
NGET-EMFIP-AGWS-TS-00189296,Wind generation,"Wind Offshore",2018-01-11,16,350.133
NGET-EMFIP-AGWS-TS-00189295,Solar generation,"Solar",2018-01-11,16,0
NGET-EMFIP-AGWS-TS-00189294,Wind generation,"Wind Onshore",2018-01-11,15,759.082
NGET-EMFIP-AGWS-TS-00189293,Wind generation,"Wind Offshore",2018-01-11,15,333.674
NGET-EMFIP-AGWS-TS-00189292,Solar generation,"Solar",2018-01-11,15,0
NGET-EMFIP-AGWS-TS-00189291,Wind generation,"Wind Onshore",2018-01-11,14,827.214
NGET-EMFIP-AGWS-TS-00189290,Wind generation,"Wind Offshore",2018-01-11,14,338.335
NGET-EMFIP-AGWS-TS-00189289,Solar generation,"Solar",2018-01-11,14,0
NGET-EMFIP-AGWS-TS-00189288,Wind generation,"Wind Onshore",2018-01-11,13,850.943
NGET-EMFIP-AGWS-TS-00189287,Wind generation,"Wind Offshore",2018-01-11,13,338.318
NGET-EMFIP-AGWS-TS-00189286,Solar generation,"Solar",2018-01-11,13,0
NGET-EMFIP-AGWS-TS-00189285,Wind generation,"Wind Onshore",2018-01-11,12,859.076
NGET-EMFIP-AGWS-TS-00189284,Wind generation,"Wind Offshore",2018-01-11,12,351.882
NGET-EMFIP-AGWS-TS-00189283,Solar generation,"Solar",2018-01-11,12,0
NGET-EMFIP-AGWS-TS-00189282,Wind generation,"Wind Onshore",2018-01-11,11,857.015
NGET-EMFIP-AGWS-TS-00189281,Wind generation,"Wind Offshore",2018-01-11,11,349.468
NGET-EMFIP-AGWS-TS-00189280,Solar generation,"Solar",2018-01-11,11,0
NGET-EMFIP-AGWS-TS-00189279,Wind generation,"Wind Onshore",2018-01-11,10,848.398
NGET-EMFIP-AGWS-TS-00189278,Wind generation,"Wind Offshore",2018-01-11,10,367.556
NGET-EMFIP-AGWS-TS-00189277,Solar generation,"Solar",2018-01-11,10,0
NGET-EMFIP-AGWS-TS-00189276,Wind generation,"Wind Onshore",2018-01-11,9,856.074
NGET-EMFIP-AGWS-TS-00189275,Wind generation,"Wind Offshore",2018-01-11,9,365.451
NGET-EMFIP-AGWS-TS-00189274,Solar generation,"Solar",2018-01-11,9,0
NGET-EMFIP-AGWS-TS-00189273,Wind generation,"Wind Onshore",2018-01-11,8,880.908
NGET-EMFIP-AGWS-TS-00189272,Wind generation,"Wind Offshore",2018-01-11,8,355.201
NGET-EMFIP-AGWS-TS-00189271,Solar generation,"Solar",2018-01-11,8,0
NGET-EMFIP-AGWS-TS-00189270,Wind generation,"Wind Onshore",2018-01-11,7,917.995
NGET-EMFIP-AGWS-TS-00189269,Wind generation,"Wind Offshore",2018-01-11,7,331.875
NGET-EMFIP-AGWS-TS-00189268,Solar generation,"Solar",2018-01-11,7,0
NGET-EMFIP-AGWS-TS-00189267,Wind generation,"Wind Onshore",2018-01-11,6,900.797
NGET-EMFIP-AGWS-TS-00189266,Wind generation,"Wind Offshore",2018-01-11,6,347.703
NGET-EMFIP-AGWS-TS-00189265,Solar generation,"Solar",2018-01-11,6,0
NGET-EMFIP-AGWS-TS-00189264,Wind generation,"Wind Onshore",2018-01-11,5,893.841
NGET-EMFIP-AGWS-TS-00189263,Wind generation,"Wind Offshore",2018-01-11,5,356.129
NGET-EMFIP-AGWS-TS-00189262,Solar generation,"Solar",2018-01-11,5,0
NGET-EMFIP-AGWS-TS-00189261,Wind generation,"Wind Onshore",2018-01-11,4,845.903
NGET-EMFIP-AGWS-TS-00189260,Wind generation,"Wind Offshore",2018-01-11,4,330.884
NGET-EMFIP-AGWS-TS-00189259,Solar generation,"Solar",2018-01-11,4,0
NGET-EMFIP-AGWS-TS-00189258,Wind generation,"Wind Onshore",2018-01-11,3,863.079
NGET-EMFIP-AGWS-TS-00189257,Wind generation,"Wind Offshore",2018-01-11,3,312.379
NGET-EMFIP-AGWS-TS-00189256,Solar generation,"Solar",2018-01-11,3,0
NGET-EMFIP-AGWS-TS-00189255,Wind generation,"Wind Onshore",2018-01-11,2,826.911
NGET-EMFIP-AGWS-TS-00189254,Wind generation,"Wind Offshore",2018-01-11,2,299.127
NGET-EMFIP-AGWS-TS-00189253,Solar generation,"Solar",2018-01-11,2,0
NGET-EMFIP-AGWS-TS-00189252,Wind generation,"Wind Onshore",2018-01-11,1,805.54
NGET-EMFIP-AGWS-TS-00189251,Wind generation,"Wind Offshore",2018-01-11,1,328.069
NGET-EMFIP-AGWS-TS-00189250,Solar generation,"Solar",2018-01-11,1,0