Actual Or Estimated Wind And Solar Power Generation (B1630)
Time Series ID,Business Type,PSR Type,Settlement  Date,Settlement Period,Quantity (MW)
NGET-EMFIP-AGWS-TS-00221722,Wind generation,"Wind Onshore",2018-07-28,48,3394.389
NGET-EMFIP-AGWS-TS-00221721,Wind generation,"Wind Offshore",2018-07-28,48,1956.747
NGET-EMFIP-AGWS-TS-00221720,Solar generation,"Solar",2018-07-28,48,0
NGET-EMFIP-AGWS-TS-00221719,Wind generation,"Wind Onshore",2018-07-28,47,3539.466
NGET-EMFIP-AGWS-TS-00221718,Wind generation,"Wind Offshore",2018-07-28,47,2069.451
NGET-EMFIP-AGWS-TS-00221717,Solar generation,"Solar",2018-07-28,47,0
NGET-EMFIP-AGWS-TS-00221716,Wind generation,"Wind Onshore",2018-07-28,46,3685.93
NGET-EMFIP-AGWS-TS-00221715,Wind generation,"Wind Offshore",2018-07-28,46,2084.368
NGET-EMFIP-AGWS-TS-00221714,Solar generation,"Solar",2018-07-28,46,0
NGET-EMFIP-AGWS-TS-00221713,Wind generation,"Wind Onshore",2018-07-28,45,3804.72
NGET-EMFIP-AGWS-TS-00221712,Wind generation,"Wind Offshore",2018-07-28,45,2106.513
NGET-EMFIP-AGWS-TS-00221711,Solar generation,"Solar",2018-07-28,45,5
NGET-EMFIP-AGWS-TS-00221710,Wind generation,"Wind Onshore",2018-07-28,44,3786.454
NGET-EMFIP-AGWS-TS-00221709,Wind generation,"Wind Offshore",2018-07-28,44,2277.903
NGET-EMFIP-AGWS-TS-00221708,Solar generation,"Solar",2018-07-28,44,4
NGET-EMFIP-AGWS-TS-00221707,Wind generation,"Wind Onshore",2018-07-28,43,3977.634
NGET-EMFIP-AGWS-TS-00221706,Wind generation,"Wind Offshore",2018-07-28,43,2294.592
NGET-EMFIP-AGWS-TS-00221705,Solar generation,"Solar",2018-07-28,43,197
NGET-EMFIP-AGWS-TS-00221704,Wind generation,"Wind Onshore",2018-07-28,42,4177.261
NGET-EMFIP-AGWS-TS-00221703,Wind generation,"Wind Offshore",2018-07-28,42,2174.722
NGET-EMFIP-AGWS-TS-00221702,Solar generation,"Solar",2018-07-28,42,42
NGET-EMFIP-AGWS-TS-00221701,Wind generation,"Wind Onshore",2018-07-28,41,4262.877
NGET-EMFIP-AGWS-TS-00221700,Wind generation,"Wind Offshore",2018-07-28,41,1946.399
NGET-EMFIP-AGWS-TS-00221699,Solar generation,"Solar",2018-07-28,41,249
NGET-EMFIP-AGWS-TS-00221698,Wind generation,"Wind Onshore",2018-07-28,40,4754.985
NGET-EMFIP-AGWS-TS-00221697,Wind generation,"Wind Offshore",2018-07-28,40,1751.338
NGET-EMFIP-AGWS-TS-00221696,Solar generation,"Solar",2018-07-28,40,557
NGET-EMFIP-AGWS-TS-00221695,Wind generation,"Wind Onshore",2018-07-28,39,4713.211
NGET-EMFIP-AGWS-TS-00221694,Wind generation,"Wind Offshore",2018-07-28,39,1991.668
NGET-EMFIP-AGWS-TS-00221693,Solar generation,"Solar",2018-07-28,39,899
NGET-EMFIP-AGWS-TS-00221692,Wind generation,"Wind Onshore",2018-07-28,38,4824.436
NGET-EMFIP-AGWS-TS-00221691,Wind generation,"Wind Offshore",2018-07-28,38,2188.008
NGET-EMFIP-AGWS-TS-00221690,Solar generation,"Solar",2018-07-28,38,1440
NGET-EMFIP-AGWS-TS-00221689,Wind generation,"Wind Onshore",2018-07-28,37,4880.973
NGET-EMFIP-AGWS-TS-00221688,Wind generation,"Wind Offshore",2018-07-28,37,2361.626
NGET-EMFIP-AGWS-TS-00221687,Solar generation,"Solar",2018-07-28,37,1880
NGET-EMFIP-AGWS-TS-00221686,Wind generation,"Wind Onshore",2018-07-28,36,4575.685
NGET-EMFIP-AGWS-TS-00221685,Wind generation,"Wind Offshore",2018-07-28,36,2149.684
NGET-EMFIP-AGWS-TS-00221684,Solar generation,"Solar",2018-07-28,36,2290
NGET-EMFIP-AGWS-TS-00221683,Wind generation,"Wind Onshore",2018-07-28,35,4972.066
NGET-EMFIP-AGWS-TS-00221682,Wind generation,"Wind Offshore",2018-07-28,35,2085.527
NGET-EMFIP-AGWS-TS-00221681,Solar generation,"Solar",2018-07-28,35,2790
NGET-EMFIP-AGWS-TS-00221680,Wind generation,"Wind Onshore",2018-07-28,34,5081.676
NGET-EMFIP-AGWS-TS-00221679,Wind generation,"Wind Offshore",2018-07-28,34,2093.737
NGET-EMFIP-AGWS-TS-00221678,Solar generation,"Solar",2018-07-28,34,3320
NGET-EMFIP-AGWS-TS-00221677,Wind generation,"Wind Onshore",2018-07-28,33,5072.298
NGET-EMFIP-AGWS-TS-00221676,Wind generation,"Wind Offshore",2018-07-28,33,2354.242
NGET-EMFIP-AGWS-TS-00221675,Solar generation,"Solar",2018-07-28,33,3840
NGET-EMFIP-AGWS-TS-00221674,Wind generation,"Wind Onshore",2018-07-28,32,5012.585
NGET-EMFIP-AGWS-TS-00221673,Wind generation,"Wind Offshore",2018-07-28,32,2530.395
NGET-EMFIP-AGWS-TS-00221672,Solar generation,"Solar",2018-07-28,32,4420
NGET-EMFIP-AGWS-TS-00221671,Wind generation,"Wind Onshore",2018-07-28,31,5115.503
NGET-EMFIP-AGWS-TS-00221670,Wind generation,"Wind Offshore",2018-07-28,31,2507.475
NGET-EMFIP-AGWS-TS-00221669,Solar generation,"Solar",2018-07-28,31,4960
NGET-EMFIP-AGWS-TS-00221668,Wind generation,"Wind Onshore",2018-07-28,30,5020.893
NGET-EMFIP-AGWS-TS-00221667,Wind generation,"Wind Offshore",2018-07-28,30,2499.742
NGET-EMFIP-AGWS-TS-00221666,Solar generation,"Solar",2018-07-28,30,5090
NGET-EMFIP-AGWS-TS-00221665,Wind generation,"Wind Onshore",2018-07-28,29,5086.398
NGET-EMFIP-AGWS-TS-00221664,Wind generation,"Wind Offshore",2018-07-28,29,2581.223
NGET-EMFIP-AGWS-TS-00221663,Solar generation,"Solar",2018-07-28,29,4906
NGET-EMFIP-AGWS-TS-00221662,Wind generation,"Wind Onshore",2018-07-28,28,4860.297
NGET-EMFIP-AGWS-TS-00221661,Wind generation,"Wind Offshore",2018-07-28,28,2734.885
NGET-EMFIP-AGWS-TS-00221660,Solar generation,"Solar",2018-07-28,28,6350
NGET-EMFIP-AGWS-TS-00221659,Wind generation,"Wind Onshore",2018-07-28,27,4812.233
NGET-EMFIP-AGWS-TS-00221658,Wind generation,"Wind Offshore",2018-07-28,27,2782.797
NGET-EMFIP-AGWS-TS-00221657,Solar generation,"Solar",2018-07-28,27,6490
NGET-EMFIP-AGWS-TS-00221656,Wind generation,"Wind Onshore",2018-07-28,26,4494.289
NGET-EMFIP-AGWS-TS-00221655,Wind generation,"Wind Offshore",2018-07-28,26,2439.09
NGET-EMFIP-AGWS-TS-00221654,Solar generation,"Solar",2018-07-28,26,6580
NGET-EMFIP-AGWS-TS-00221653,Wind generation,"Wind Onshore",2018-07-28,25,4989.849
NGET-EMFIP-AGWS-TS-00221652,Wind generation,"Wind Offshore",2018-07-28,25,2557.703
NGET-EMFIP-AGWS-TS-00221651,Solar generation,"Solar",2018-07-28,25,6360
NGET-EMFIP-AGWS-TS-00221650,Wind generation,"Wind Onshore",2018-07-28,24,4638.35
NGET-EMFIP-AGWS-TS-00221649,Wind generation,"Wind Offshore",2018-07-28,24,2908.699
NGET-EMFIP-AGWS-TS-00221648,Solar generation,"Solar",2018-07-28,24,5710
NGET-EMFIP-AGWS-TS-00221647,Wind generation,"Wind Onshore",2018-07-28,23,4411.978
NGET-EMFIP-AGWS-TS-00221646,Wind generation,"Wind Offshore",2018-07-28,23,2802.196
NGET-EMFIP-AGWS-TS-00221645,Solar generation,"Solar",2018-07-28,23,5440
NGET-EMFIP-AGWS-TS-00221644,Wind generation,"Wind Onshore",2018-07-28,22,4500.319
NGET-EMFIP-AGWS-TS-00221643,Wind generation,"Wind Offshore",2018-07-28,22,2956.075
NGET-EMFIP-AGWS-TS-00221642,Solar generation,"Solar",2018-07-28,22,4910
NGET-EMFIP-AGWS-TS-00221641,Wind generation,"Wind Onshore",2018-07-28,21,4615.391
NGET-EMFIP-AGWS-TS-00221640,Wind generation,"Wind Offshore",2018-07-28,21,2980.189
NGET-EMFIP-AGWS-TS-00221639,Solar generation,"Solar",2018-07-28,21,3450
NGET-EMFIP-AGWS-TS-00221638,Wind generation,"Wind Onshore",2018-07-28,20,4125.966
NGET-EMFIP-AGWS-TS-00221637,Wind generation,"Wind Offshore",2018-07-28,20,2684.095
NGET-EMFIP-AGWS-TS-00221636,Solar generation,"Solar",2018-07-28,20,3840
NGET-EMFIP-AGWS-TS-00221635,Wind generation,"Wind Onshore",2018-07-28,19,3878.247
NGET-EMFIP-AGWS-TS-00221634,Wind generation,"Wind Offshore",2018-07-28,19,2482.998
NGET-EMFIP-AGWS-TS-00221633,Solar generation,"Solar",2018-07-28,19,3510
NGET-EMFIP-AGWS-TS-00221632,Wind generation,"Wind Onshore",2018-07-28,18,3702.086
NGET-EMFIP-AGWS-TS-00221631,Wind generation,"Wind Offshore",2018-07-28,18,2284.523
NGET-EMFIP-AGWS-TS-00221630,Solar generation,"Solar",2018-07-28,18,2820
NGET-EMFIP-AGWS-TS-00221629,Wind generation,"Wind Onshore",2018-07-28,17,3761.946
NGET-EMFIP-AGWS-TS-00221628,Wind generation,"Wind Offshore",2018-07-28,17,2282.98
NGET-EMFIP-AGWS-TS-00221627,Solar generation,"Solar",2018-07-28,17,1121
NGET-EMFIP-AGWS-TS-00221626,Wind generation,"Wind Onshore",2018-07-28,16,3403.213
NGET-EMFIP-AGWS-TS-00221625,Wind generation,"Wind Offshore",2018-07-28,16,1919.677
NGET-EMFIP-AGWS-TS-00221624,Solar generation,"Solar",2018-07-28,16,1310
NGET-EMFIP-AGWS-TS-00221623,Wind generation,"Wind Onshore",2018-07-28,15,3147.145
NGET-EMFIP-AGWS-TS-00221622,Wind generation,"Wind Offshore",2018-07-28,15,1752.852
NGET-EMFIP-AGWS-TS-00221621,Solar generation,"Solar",2018-07-28,15,779
NGET-EMFIP-AGWS-TS-00221620,Wind generation,"Wind Onshore",2018-07-28,14,2914.965
NGET-EMFIP-AGWS-TS-00221619,Wind generation,"Wind Offshore",2018-07-28,14,1904.313
NGET-EMFIP-AGWS-TS-00221618,Solar generation,"Solar",2018-07-28,14,452
NGET-EMFIP-AGWS-TS-00221617,Wind generation,"Wind Onshore",2018-07-28,13,2633.404
NGET-EMFIP-AGWS-TS-00221616,Wind generation,"Wind Offshore",2018-07-28,13,1753.54
NGET-EMFIP-AGWS-TS-00221615,Solar generation,"Solar",2018-07-28,13,114
NGET-EMFIP-AGWS-TS-00221614,Wind generation,"Wind Onshore",2018-07-28,12,2637.616
NGET-EMFIP-AGWS-TS-00221613,Wind generation,"Wind Offshore",2018-07-28,12,1503.802
NGET-EMFIP-AGWS-TS-00221612,Solar generation,"Solar",2018-07-28,12,7
NGET-EMFIP-AGWS-TS-00221611,Wind generation,"Wind Onshore",2018-07-28,11,2730.332
NGET-EMFIP-AGWS-TS-00221610,Wind generation,"Wind Offshore",2018-07-28,11,1692.986
NGET-EMFIP-AGWS-TS-00221609,Solar generation,"Solar",2018-07-28,11,1
NGET-EMFIP-AGWS-TS-00221608,Wind generation,"Wind Onshore",2018-07-28,10,2748.616
NGET-EMFIP-AGWS-TS-00221607,Wind generation,"Wind Offshore",2018-07-28,10,1559.577
NGET-EMFIP-AGWS-TS-00221606,Solar generation,"Solar",2018-07-28,10,1
NGET-EMFIP-AGWS-TS-00221605,Wind generation,"Wind Onshore",2018-07-28,9,2792.767
NGET-EMFIP-AGWS-TS-00221604,Wind generation,"Wind Offshore",2018-07-28,9,1393.146
NGET-EMFIP-AGWS-TS-00221603,Solar generation,"Solar",2018-07-28,9,2
NGET-EMFIP-AGWS-TS-00221602,Wind generation,"Wind Onshore",2018-07-28,8,2876.748
NGET-EMFIP-AGWS-TS-00221601,Wind generation,"Wind Offshore",2018-07-28,8,1359.201
NGET-EMFIP-AGWS-TS-00221600,Solar generation,"Solar",2018-07-28,8,1
NGET-EMFIP-AGWS-TS-00221599,Wind generation,"Wind Onshore",2018-07-28,7,2581.514
NGET-EMFIP-AGWS-TS-00221598,Wind generation,"Wind Offshore",2018-07-28,7,1182.343
NGET-EMFIP-AGWS-TS-00221597,Solar generation,"Solar",2018-07-28,7,0
NGET-EMFIP-AGWS-TS-00221596,Wind generation,"Wind Onshore",2018-07-28,6,2529.872
NGET-EMFIP-AGWS-TS-00221595,Wind generation,"Wind Offshore",2018-07-28,6,1159.939
NGET-EMFIP-AGWS-TS-00221594,Solar generation,"Solar",2018-07-28,6,2
NGET-EMFIP-AGWS-TS-00221593,Wind generation,"Wind Onshore",2018-07-28,5,2664.947
NGET-EMFIP-AGWS-TS-00221592,Wind generation,"Wind Offshore",2018-07-28,5,1341.655
NGET-EMFIP-AGWS-TS-00221591,Solar generation,"Solar",2018-07-28,5,1
NGET-EMFIP-AGWS-TS-00221590,Wind generation,"Wind Onshore",2018-07-28,4,2390.412
NGET-EMFIP-AGWS-TS-00221589,Wind generation,"Wind Offshore",2018-07-28,4,1150.203
NGET-EMFIP-AGWS-TS-00221588,Solar generation,"Solar",2018-07-28,4,0
NGET-EMFIP-AGWS-TS-00221587,Wind generation,"Wind Onshore",2018-07-28,3,2430.059
NGET-EMFIP-AGWS-TS-00221586,Wind generation,"Wind Offshore",2018-07-28,3,1284.468
NGET-EMFIP-AGWS-TS-00221585,Solar generation,"Solar",2018-07-28,3,0
NGET-EMFIP-AGWS-TS-00221584,Wind generation,"Wind Onshore",2018-07-28,2,2261.978
NGET-EMFIP-AGWS-TS-00221583,Wind generation,"Wind Offshore",2018-07-28,2,1043.715
NGET-EMFIP-AGWS-TS-00221582,Solar generation,"Solar",2018-07-28,2,0
NGET-EMFIP-AGWS-TS-00221581,Wind generation,"Wind Onshore",2018-07-28,1,2294.713
NGET-EMFIP-AGWS-TS-00221580,Wind generation,"Wind Offshore",2018-07-28,1,992.975
NGET-EMFIP-AGWS-TS-00221579,Solar generation,"Solar",2018-07-28,1,0