Actual Or Estimated Wind And Solar Power Generation (B1630)
Time Series ID,Business Type,PSR Type,Settlement  Date,Settlement Period,Quantity (MW)
NGET-EMFIP-AGWS-TS-00220016,Wind generation,"Wind Onshore",2018-07-17,48,711.58
NGET-EMFIP-AGWS-TS-00220015,Wind generation,"Wind Offshore",2018-07-17,48,534.468
NGET-EMFIP-AGWS-TS-00220014,Solar generation,"Solar",2018-07-17,48,0
NGET-EMFIP-AGWS-TS-00220013,Wind generation,"Wind Onshore",2018-07-17,47,740.822
NGET-EMFIP-AGWS-TS-00220012,Wind generation,"Wind Offshore",2018-07-17,47,587.119
NGET-EMFIP-AGWS-TS-00220011,Solar generation,"Solar",2018-07-17,47,0
NGET-EMFIP-AGWS-TS-00220010,Wind generation,"Wind Onshore",2018-07-17,46,761.544
NGET-EMFIP-AGWS-TS-00220009,Wind generation,"Wind Offshore",2018-07-17,46,591.94
NGET-EMFIP-AGWS-TS-00220008,Solar generation,"Solar",2018-07-17,46,0
NGET-EMFIP-AGWS-TS-00220007,Wind generation,"Wind Onshore",2018-07-17,45,747.776
NGET-EMFIP-AGWS-TS-00220006,Wind generation,"Wind Offshore",2018-07-17,45,632.507
NGET-EMFIP-AGWS-TS-00220005,Solar generation,"Solar",2018-07-17,45,4
NGET-EMFIP-AGWS-TS-00220004,Wind generation,"Wind Onshore",2018-07-17,44,761.227
NGET-EMFIP-AGWS-TS-00220003,Wind generation,"Wind Offshore",2018-07-17,44,636.311
NGET-EMFIP-AGWS-TS-00220002,Solar generation,"Solar",2018-07-17,44,4
NGET-EMFIP-AGWS-TS-00220001,Wind generation,"Wind Onshore",2018-07-17,43,721.34
NGET-EMFIP-AGWS-TS-00220000,Wind generation,"Wind Offshore",2018-07-17,43,567.975
NGET-EMFIP-AGWS-TS-00219999,Solar generation,"Solar",2018-07-17,43,10
NGET-EMFIP-AGWS-TS-00219998,Wind generation,"Wind Onshore",2018-07-17,42,905.638
NGET-EMFIP-AGWS-TS-00219997,Wind generation,"Wind Offshore",2018-07-17,42,554.989
NGET-EMFIP-AGWS-TS-00219996,Solar generation,"Solar",2018-07-17,42,111
NGET-EMFIP-AGWS-TS-00219995,Wind generation,"Wind Onshore",2018-07-17,41,999.08
NGET-EMFIP-AGWS-TS-00219994,Wind generation,"Wind Offshore",2018-07-17,41,561.039
NGET-EMFIP-AGWS-TS-00219993,Solar generation,"Solar",2018-07-17,41,371
NGET-EMFIP-AGWS-TS-00219992,Wind generation,"Wind Onshore",2018-07-17,40,1135.958
NGET-EMFIP-AGWS-TS-00219991,Wind generation,"Wind Offshore",2018-07-17,40,571.163
NGET-EMFIP-AGWS-TS-00219990,Solar generation,"Solar",2018-07-17,40,711
NGET-EMFIP-AGWS-TS-00219989,Wind generation,"Wind Onshore",2018-07-17,39,1196.14
NGET-EMFIP-AGWS-TS-00219988,Wind generation,"Wind Offshore",2018-07-17,39,598.983
NGET-EMFIP-AGWS-TS-00219987,Solar generation,"Solar",2018-07-17,39,1120
NGET-EMFIP-AGWS-TS-00219986,Wind generation,"Wind Onshore",2018-07-17,38,1271.812
NGET-EMFIP-AGWS-TS-00219985,Wind generation,"Wind Offshore",2018-07-17,38,662.361
NGET-EMFIP-AGWS-TS-00219984,Solar generation,"Solar",2018-07-17,38,1580
NGET-EMFIP-AGWS-TS-00219983,Wind generation,"Wind Onshore",2018-07-17,37,1341.322
NGET-EMFIP-AGWS-TS-00219982,Wind generation,"Wind Offshore",2018-07-17,37,760.197
NGET-EMFIP-AGWS-TS-00219981,Solar generation,"Solar",2018-07-17,37,2100
NGET-EMFIP-AGWS-TS-00219980,Wind generation,"Wind Onshore",2018-07-17,36,1423.209
NGET-EMFIP-AGWS-TS-00219979,Wind generation,"Wind Offshore",2018-07-17,36,612.802
NGET-EMFIP-AGWS-TS-00219978,Solar generation,"Solar",2018-07-17,36,2480
NGET-EMFIP-AGWS-TS-00219977,Wind generation,"Wind Onshore",2018-07-17,35,1390.812
NGET-EMFIP-AGWS-TS-00219976,Wind generation,"Wind Offshore",2018-07-17,35,563.083
NGET-EMFIP-AGWS-TS-00219975,Solar generation,"Solar",2018-07-17,35,2870
NGET-EMFIP-AGWS-TS-00219974,Wind generation,"Wind Onshore",2018-07-17,34,1353.698
NGET-EMFIP-AGWS-TS-00219973,Wind generation,"Wind Offshore",2018-07-17,34,538.937
NGET-EMFIP-AGWS-TS-00219972,Solar generation,"Solar",2018-07-17,34,3190
NGET-EMFIP-AGWS-TS-00219971,Wind generation,"Wind Onshore",2018-07-17,33,1396.702
NGET-EMFIP-AGWS-TS-00219970,Wind generation,"Wind Offshore",2018-07-17,33,452.744
NGET-EMFIP-AGWS-TS-00219969,Solar generation,"Solar",2018-07-17,33,3560
NGET-EMFIP-AGWS-TS-00219968,Wind generation,"Wind Onshore",2018-07-17,32,1405.261
NGET-EMFIP-AGWS-TS-00219967,Wind generation,"Wind Offshore",2018-07-17,32,473.19
NGET-EMFIP-AGWS-TS-00219966,Solar generation,"Solar",2018-07-17,32,3890
NGET-EMFIP-AGWS-TS-00219965,Wind generation,"Wind Onshore",2018-07-17,31,1337.566
NGET-EMFIP-AGWS-TS-00219964,Wind generation,"Wind Offshore",2018-07-17,31,372.196
NGET-EMFIP-AGWS-TS-00219963,Solar generation,"Solar",2018-07-17,31,3990
NGET-EMFIP-AGWS-TS-00219962,Wind generation,"Wind Onshore",2018-07-17,30,1219.839
NGET-EMFIP-AGWS-TS-00219961,Wind generation,"Wind Offshore",2018-07-17,30,351.815
NGET-EMFIP-AGWS-TS-00219960,Solar generation,"Solar",2018-07-17,30,4170
NGET-EMFIP-AGWS-TS-00219959,Wind generation,"Wind Onshore",2018-07-17,29,1188.095
NGET-EMFIP-AGWS-TS-00219958,Wind generation,"Wind Offshore",2018-07-17,29,384.941
NGET-EMFIP-AGWS-TS-00219957,Solar generation,"Solar",2018-07-17,29,5291
NGET-EMFIP-AGWS-TS-00219956,Wind generation,"Wind Onshore",2018-07-17,28,1138.559
NGET-EMFIP-AGWS-TS-00219955,Wind generation,"Wind Offshore",2018-07-17,28,398.95
NGET-EMFIP-AGWS-TS-00219954,Solar generation,"Solar",2018-07-17,28,4380
NGET-EMFIP-AGWS-TS-00219953,Wind generation,"Wind Onshore",2018-07-17,27,1141.282
NGET-EMFIP-AGWS-TS-00219952,Wind generation,"Wind Offshore",2018-07-17,27,396.074
NGET-EMFIP-AGWS-TS-00219951,Solar generation,"Solar",2018-07-17,27,4230
NGET-EMFIP-AGWS-TS-00219950,Wind generation,"Wind Onshore",2018-07-17,26,1056.337
NGET-EMFIP-AGWS-TS-00219949,Wind generation,"Wind Offshore",2018-07-17,26,412.599
NGET-EMFIP-AGWS-TS-00219948,Solar generation,"Solar",2018-07-17,26,4240
NGET-EMFIP-AGWS-TS-00219947,Wind generation,"Wind Onshore",2018-07-17,25,1071.008
NGET-EMFIP-AGWS-TS-00219946,Wind generation,"Wind Offshore",2018-07-17,25,437.135
NGET-EMFIP-AGWS-TS-00219945,Solar generation,"Solar",2018-07-17,25,4360
NGET-EMFIP-AGWS-TS-00219944,Wind generation,"Wind Onshore",2018-07-17,24,1024.357
NGET-EMFIP-AGWS-TS-00219943,Wind generation,"Wind Offshore",2018-07-17,24,527.007
NGET-EMFIP-AGWS-TS-00219942,Solar generation,"Solar",2018-07-17,24,4440
NGET-EMFIP-AGWS-TS-00219941,Wind generation,"Wind Onshore",2018-07-17,23,933.351
NGET-EMFIP-AGWS-TS-00219940,Wind generation,"Wind Offshore",2018-07-17,23,636.377
NGET-EMFIP-AGWS-TS-00219939,Solar generation,"Solar",2018-07-17,23,4580
NGET-EMFIP-AGWS-TS-00219938,Wind generation,"Wind Onshore",2018-07-17,22,907.069
NGET-EMFIP-AGWS-TS-00219937,Wind generation,"Wind Offshore",2018-07-17,22,802.18
NGET-EMFIP-AGWS-TS-00219936,Solar generation,"Solar",2018-07-17,22,4520
NGET-EMFIP-AGWS-TS-00219935,Wind generation,"Wind Onshore",2018-07-17,21,881.487
NGET-EMFIP-AGWS-TS-00219934,Wind generation,"Wind Offshore",2018-07-17,21,893.568
NGET-EMFIP-AGWS-TS-00219933,Solar generation,"Solar",2018-07-17,21,4490
NGET-EMFIP-AGWS-TS-00219932,Wind generation,"Wind Onshore",2018-07-17,20,911.168
NGET-EMFIP-AGWS-TS-00219931,Wind generation,"Wind Offshore",2018-07-17,20,989.022
NGET-EMFIP-AGWS-TS-00219930,Solar generation,"Solar",2018-07-17,20,4120
NGET-EMFIP-AGWS-TS-00219929,Wind generation,"Wind Onshore",2018-07-17,19,863.1
NGET-EMFIP-AGWS-TS-00219928,Wind generation,"Wind Offshore",2018-07-17,19,867.515
NGET-EMFIP-AGWS-TS-00219927,Solar generation,"Solar",2018-07-17,19,3620
NGET-EMFIP-AGWS-TS-00219926,Wind generation,"Wind Onshore",2018-07-17,18,856.221
NGET-EMFIP-AGWS-TS-00219925,Wind generation,"Wind Offshore",2018-07-17,18,867.246
NGET-EMFIP-AGWS-TS-00219924,Solar generation,"Solar",2018-07-17,18,3040
NGET-EMFIP-AGWS-TS-00219923,Wind generation,"Wind Onshore",2018-07-17,17,798.103
NGET-EMFIP-AGWS-TS-00219922,Wind generation,"Wind Offshore",2018-07-17,17,891.828
NGET-EMFIP-AGWS-TS-00219921,Solar generation,"Solar",2018-07-17,17,1814
NGET-EMFIP-AGWS-TS-00219920,Wind generation,"Wind Onshore",2018-07-17,16,805.769
NGET-EMFIP-AGWS-TS-00219919,Wind generation,"Wind Offshore",2018-07-17,16,1028.763
NGET-EMFIP-AGWS-TS-00219918,Solar generation,"Solar",2018-07-17,16,1840
NGET-EMFIP-AGWS-TS-00219917,Wind generation,"Wind Onshore",2018-07-17,15,862.949
NGET-EMFIP-AGWS-TS-00219916,Wind generation,"Wind Offshore",2018-07-17,15,1192.324
NGET-EMFIP-AGWS-TS-00219915,Solar generation,"Solar",2018-07-17,15,1120
NGET-EMFIP-AGWS-TS-00219914,Wind generation,"Wind Onshore",2018-07-17,14,855.122
NGET-EMFIP-AGWS-TS-00219913,Wind generation,"Wind Offshore",2018-07-17,14,1314.216
NGET-EMFIP-AGWS-TS-00219912,Solar generation,"Solar",2018-07-17,14,812
NGET-EMFIP-AGWS-TS-00219911,Wind generation,"Wind Onshore",2018-07-17,13,850.812
NGET-EMFIP-AGWS-TS-00219910,Wind generation,"Wind Offshore",2018-07-17,13,1336.169
NGET-EMFIP-AGWS-TS-00219909,Solar generation,"Solar",2018-07-17,13,410
NGET-EMFIP-AGWS-TS-00219908,Wind generation,"Wind Onshore",2018-07-17,12,859.252
NGET-EMFIP-AGWS-TS-00219907,Wind generation,"Wind Offshore",2018-07-17,12,1258.881
NGET-EMFIP-AGWS-TS-00219906,Solar generation,"Solar",2018-07-17,12,123
NGET-EMFIP-AGWS-TS-00219905,Wind generation,"Wind Onshore",2018-07-17,11,839.593
NGET-EMFIP-AGWS-TS-00219904,Wind generation,"Wind Offshore",2018-07-17,11,1065.603
NGET-EMFIP-AGWS-TS-00219903,Solar generation,"Solar",2018-07-17,11,9
NGET-EMFIP-AGWS-TS-00219902,Wind generation,"Wind Onshore",2018-07-17,10,818.501
NGET-EMFIP-AGWS-TS-00219901,Wind generation,"Wind Offshore",2018-07-17,10,980.445
NGET-EMFIP-AGWS-TS-00219900,Solar generation,"Solar",2018-07-17,10,2
NGET-EMFIP-AGWS-TS-00219899,Wind generation,"Wind Onshore",2018-07-17,9,873.042
NGET-EMFIP-AGWS-TS-00219898,Wind generation,"Wind Offshore",2018-07-17,9,1035.71
NGET-EMFIP-AGWS-TS-00219897,Solar generation,"Solar",2018-07-17,9,0
NGET-EMFIP-AGWS-TS-00219896,Wind generation,"Wind Onshore",2018-07-17,8,881.102
NGET-EMFIP-AGWS-TS-00219895,Wind generation,"Wind Offshore",2018-07-17,8,995.424
NGET-EMFIP-AGWS-TS-00219894,Solar generation,"Solar",2018-07-17,8,0
NGET-EMFIP-AGWS-TS-00219893,Wind generation,"Wind Onshore",2018-07-17,7,872.034
NGET-EMFIP-AGWS-TS-00219892,Wind generation,"Wind Offshore",2018-07-17,7,835.092
NGET-EMFIP-AGWS-TS-00219891,Solar generation,"Solar",2018-07-17,7,0
NGET-EMFIP-AGWS-TS-00219890,Wind generation,"Wind Onshore",2018-07-17,6,849.097
NGET-EMFIP-AGWS-TS-00219889,Wind generation,"Wind Offshore",2018-07-17,6,895.097
NGET-EMFIP-AGWS-TS-00219888,Solar generation,"Solar",2018-07-17,6,1
NGET-EMFIP-AGWS-TS-00219887,Wind generation,"Wind Onshore",2018-07-17,5,768.027
NGET-EMFIP-AGWS-TS-00219886,Wind generation,"Wind Offshore",2018-07-17,5,793.064
NGET-EMFIP-AGWS-TS-00219885,Solar generation,"Solar",2018-07-17,5,1
NGET-EMFIP-AGWS-TS-00219884,Wind generation,"Wind Onshore",2018-07-17,4,703.513
NGET-EMFIP-AGWS-TS-00219883,Wind generation,"Wind Offshore",2018-07-17,4,738.374
NGET-EMFIP-AGWS-TS-00219882,Solar generation,"Solar",2018-07-17,4,0
NGET-EMFIP-AGWS-TS-00219881,Wind generation,"Wind Onshore",2018-07-17,3,789.892
NGET-EMFIP-AGWS-TS-00219880,Wind generation,"Wind Offshore",2018-07-17,3,698.775
NGET-EMFIP-AGWS-TS-00219879,Solar generation,"Solar",2018-07-17,3,0
NGET-EMFIP-AGWS-TS-00219878,Wind generation,"Wind Onshore",2018-07-17,2,864.968
NGET-EMFIP-AGWS-TS-00219877,Wind generation,"Wind Offshore",2018-07-17,2,880.903
NGET-EMFIP-AGWS-TS-00219876,Solar generation,"Solar",2018-07-17,2,0
NGET-EMFIP-AGWS-TS-00219875,Wind generation,"Wind Onshore",2018-07-17,1,844.238
NGET-EMFIP-AGWS-TS-00219874,Wind generation,"Wind Offshore",2018-07-17,1,1038.641
NGET-EMFIP-AGWS-TS-00219873,Solar generation,"Solar",2018-07-17,1,0