Actual Or Estimated Wind And Solar Power Generation (B1630)
Time Series ID,Business Type,PSR Type,Settlement  Date,Settlement Period,Quantity (MW)
NGET-EMFIP-AGWS-TS-00222199,Wind generation,"Wind Onshore",2018-07-31,48,2124.682
NGET-EMFIP-AGWS-TS-00222198,Wind generation,"Wind Offshore",2018-07-31,48,1418.454
NGET-EMFIP-AGWS-TS-00222197,Solar generation,"Solar",2018-07-31,48,0
NGET-EMFIP-AGWS-TS-00222196,Wind generation,"Wind Onshore",2018-07-31,47,2138.78
NGET-EMFIP-AGWS-TS-00222195,Wind generation,"Wind Offshore",2018-07-31,47,1597.431
NGET-EMFIP-AGWS-TS-00222194,Solar generation,"Solar",2018-07-31,47,0
NGET-EMFIP-AGWS-TS-00222193,Wind generation,"Wind Onshore",2018-07-31,46,2511.088
NGET-EMFIP-AGWS-TS-00222192,Wind generation,"Wind Offshore",2018-07-31,46,1593.897
NGET-EMFIP-AGWS-TS-00222191,Solar generation,"Solar",2018-07-31,46,0
NGET-EMFIP-AGWS-TS-00222190,Wind generation,"Wind Onshore",2018-07-31,45,2503.596
NGET-EMFIP-AGWS-TS-00222189,Wind generation,"Wind Offshore",2018-07-31,45,1528.594
NGET-EMFIP-AGWS-TS-00222188,Solar generation,"Solar",2018-07-31,45,2
NGET-EMFIP-AGWS-TS-00222187,Wind generation,"Wind Onshore",2018-07-31,44,2586.295
NGET-EMFIP-AGWS-TS-00222186,Wind generation,"Wind Offshore",2018-07-31,44,1620.804
NGET-EMFIP-AGWS-TS-00222185,Solar generation,"Solar",2018-07-31,44,2
NGET-EMFIP-AGWS-TS-00222184,Wind generation,"Wind Onshore",2018-07-31,43,2617.1
NGET-EMFIP-AGWS-TS-00222183,Wind generation,"Wind Offshore",2018-07-31,43,1661.533
NGET-EMFIP-AGWS-TS-00222182,Solar generation,"Solar",2018-07-31,43,271
NGET-EMFIP-AGWS-TS-00222181,Wind generation,"Wind Onshore",2018-07-31,42,2728.645
NGET-EMFIP-AGWS-TS-00222180,Wind generation,"Wind Offshore",2018-07-31,42,1583.839
NGET-EMFIP-AGWS-TS-00222179,Solar generation,"Solar",2018-07-31,42,271
NGET-EMFIP-AGWS-TS-00222178,Wind generation,"Wind Onshore",2018-07-31,41,2869.74
NGET-EMFIP-AGWS-TS-00222177,Wind generation,"Wind Offshore",2018-07-31,41,1547.415
NGET-EMFIP-AGWS-TS-00222176,Solar generation,"Solar",2018-07-31,41,990
NGET-EMFIP-AGWS-TS-00222175,Wind generation,"Wind Onshore",2018-07-31,40,3118.426
NGET-EMFIP-AGWS-TS-00222174,Wind generation,"Wind Offshore",2018-07-31,40,1584.944
NGET-EMFIP-AGWS-TS-00222173,Solar generation,"Solar",2018-07-31,40,990
NGET-EMFIP-AGWS-TS-00222172,Wind generation,"Wind Onshore",2018-07-31,39,3128.774
NGET-EMFIP-AGWS-TS-00222171,Wind generation,"Wind Offshore",2018-07-31,39,1590.985
NGET-EMFIP-AGWS-TS-00222170,Solar generation,"Solar",2018-07-31,39,1997
NGET-EMFIP-AGWS-TS-00222169,Wind generation,"Wind Onshore",2018-07-31,38,3520.933
NGET-EMFIP-AGWS-TS-00222168,Wind generation,"Wind Offshore",2018-07-31,38,1676.94
NGET-EMFIP-AGWS-TS-00222167,Solar generation,"Solar",2018-07-31,38,1997
NGET-EMFIP-AGWS-TS-00222166,Wind generation,"Wind Onshore",2018-07-31,37,3622.865
NGET-EMFIP-AGWS-TS-00222165,Wind generation,"Wind Offshore",2018-07-31,37,1705.596
NGET-EMFIP-AGWS-TS-00222164,Solar generation,"Solar",2018-07-31,37,3046
NGET-EMFIP-AGWS-TS-00222163,Wind generation,"Wind Onshore",2018-07-31,36,3876.183
NGET-EMFIP-AGWS-TS-00222162,Wind generation,"Wind Offshore",2018-07-31,36,1798.16
NGET-EMFIP-AGWS-TS-00222161,Solar generation,"Solar",2018-07-31,36,3046
NGET-EMFIP-AGWS-TS-00222160,Wind generation,"Wind Onshore",2018-07-31,35,3869.002
NGET-EMFIP-AGWS-TS-00222159,Wind generation,"Wind Offshore",2018-07-31,35,1628.806
NGET-EMFIP-AGWS-TS-00222158,Solar generation,"Solar",2018-07-31,35,4149
NGET-EMFIP-AGWS-TS-00222157,Wind generation,"Wind Onshore",2018-07-31,34,3818.429
NGET-EMFIP-AGWS-TS-00222156,Wind generation,"Wind Offshore",2018-07-31,34,1636.957
NGET-EMFIP-AGWS-TS-00222155,Solar generation,"Solar",2018-07-31,34,4149
NGET-EMFIP-AGWS-TS-00222154,Wind generation,"Wind Onshore",2018-07-31,33,3747.838
NGET-EMFIP-AGWS-TS-00222153,Wind generation,"Wind Offshore",2018-07-31,33,1528.112
NGET-EMFIP-AGWS-TS-00222152,Solar generation,"Solar",2018-07-31,33,5140
NGET-EMFIP-AGWS-TS-00222151,Wind generation,"Wind Onshore",2018-07-31,32,3644.227
NGET-EMFIP-AGWS-TS-00222150,Wind generation,"Wind Offshore",2018-07-31,32,1484.005
NGET-EMFIP-AGWS-TS-00222149,Solar generation,"Solar",2018-07-31,32,5140
NGET-EMFIP-AGWS-TS-00222148,Wind generation,"Wind Onshore",2018-07-31,31,3658.16
NGET-EMFIP-AGWS-TS-00222147,Wind generation,"Wind Offshore",2018-07-31,31,1514.121
NGET-EMFIP-AGWS-TS-00222146,Solar generation,"Solar",2018-07-31,31,5913
NGET-EMFIP-AGWS-TS-00222145,Wind generation,"Wind Onshore",2018-07-31,30,3585.524
NGET-EMFIP-AGWS-TS-00222144,Wind generation,"Wind Offshore",2018-07-31,30,1371.618
NGET-EMFIP-AGWS-TS-00222143,Solar generation,"Solar",2018-07-31,30,5913
NGET-EMFIP-AGWS-TS-00222142,Wind generation,"Wind Onshore",2018-07-31,29,3581.214
NGET-EMFIP-AGWS-TS-00222141,Wind generation,"Wind Offshore",2018-07-31,29,1469.686
NGET-EMFIP-AGWS-TS-00222140,Solar generation,"Solar",2018-07-31,29,6502
NGET-EMFIP-AGWS-TS-00222139,Wind generation,"Wind Onshore",2018-07-31,28,3576.024
NGET-EMFIP-AGWS-TS-00222138,Wind generation,"Wind Offshore",2018-07-31,28,1484.068
NGET-EMFIP-AGWS-TS-00222137,Solar generation,"Solar",2018-07-31,28,6660
NGET-EMFIP-AGWS-TS-00222136,Wind generation,"Wind Onshore",2018-07-31,27,3646.392
NGET-EMFIP-AGWS-TS-00222135,Wind generation,"Wind Offshore",2018-07-31,27,1520.952
NGET-EMFIP-AGWS-TS-00222134,Solar generation,"Solar",2018-07-31,27,6810
NGET-EMFIP-AGWS-TS-00222133,Wind generation,"Wind Onshore",2018-07-31,26,4180.389
NGET-EMFIP-AGWS-TS-00222132,Wind generation,"Wind Offshore",2018-07-31,26,1349.659
NGET-EMFIP-AGWS-TS-00222131,Solar generation,"Solar",2018-07-31,26,6720
NGET-EMFIP-AGWS-TS-00222130,Wind generation,"Wind Onshore",2018-07-31,25,4271.657
NGET-EMFIP-AGWS-TS-00222129,Wind generation,"Wind Offshore",2018-07-31,25,1404.699
NGET-EMFIP-AGWS-TS-00222128,Solar generation,"Solar",2018-07-31,25,6590
NGET-EMFIP-AGWS-TS-00222127,Wind generation,"Wind Onshore",2018-07-31,24,4199.249
NGET-EMFIP-AGWS-TS-00222126,Wind generation,"Wind Offshore",2018-07-31,24,1243.674
NGET-EMFIP-AGWS-TS-00222125,Solar generation,"Solar",2018-07-31,24,6430
NGET-EMFIP-AGWS-TS-00222124,Wind generation,"Wind Onshore",2018-07-31,23,3994.319
NGET-EMFIP-AGWS-TS-00222123,Wind generation,"Wind Offshore",2018-07-31,23,1430.449
NGET-EMFIP-AGWS-TS-00222122,Solar generation,"Solar",2018-07-31,23,6230
NGET-EMFIP-AGWS-TS-00222121,Wind generation,"Wind Onshore",2018-07-31,22,3880.428
NGET-EMFIP-AGWS-TS-00222120,Wind generation,"Wind Offshore",2018-07-31,22,1573.976
NGET-EMFIP-AGWS-TS-00222119,Solar generation,"Solar",2018-07-31,22,5840
NGET-EMFIP-AGWS-TS-00222118,Wind generation,"Wind Onshore",2018-07-31,21,3639.721
NGET-EMFIP-AGWS-TS-00222117,Wind generation,"Wind Offshore",2018-07-31,21,1499.561
NGET-EMFIP-AGWS-TS-00222116,Solar generation,"Solar",2018-07-31,21,4315
NGET-EMFIP-AGWS-TS-00222115,Wind generation,"Wind Onshore",2018-07-31,20,3541.431
NGET-EMFIP-AGWS-TS-00222114,Wind generation,"Wind Offshore",2018-07-31,20,1423.034
NGET-EMFIP-AGWS-TS-00222113,Solar generation,"Solar",2018-07-31,20,4770
NGET-EMFIP-AGWS-TS-00222112,Wind generation,"Wind Onshore",2018-07-31,19,3409.468
NGET-EMFIP-AGWS-TS-00222111,Wind generation,"Wind Offshore",2018-07-31,19,1126.39
NGET-EMFIP-AGWS-TS-00222110,Solar generation,"Solar",2018-07-31,19,4050
NGET-EMFIP-AGWS-TS-00222109,Wind generation,"Wind Onshore",2018-07-31,18,3038.373
NGET-EMFIP-AGWS-TS-00222108,Wind generation,"Wind Offshore",2018-07-31,18,1469.085
NGET-EMFIP-AGWS-TS-00222107,Solar generation,"Solar",2018-07-31,18,3290
NGET-EMFIP-AGWS-TS-00222106,Wind generation,"Wind Onshore",2018-07-31,17,2575.26
NGET-EMFIP-AGWS-TS-00222105,Wind generation,"Wind Offshore",2018-07-31,17,1341.239
NGET-EMFIP-AGWS-TS-00222104,Solar generation,"Solar",2018-07-31,17,1404
NGET-EMFIP-AGWS-TS-00222103,Wind generation,"Wind Onshore",2018-07-31,16,2109.148
NGET-EMFIP-AGWS-TS-00222102,Wind generation,"Wind Offshore",2018-07-31,16,1201.081
NGET-EMFIP-AGWS-TS-00222101,Solar generation,"Solar",2018-07-31,16,1570
NGET-EMFIP-AGWS-TS-00222100,Wind generation,"Wind Onshore",2018-07-31,15,1933.339
NGET-EMFIP-AGWS-TS-00222099,Wind generation,"Wind Offshore",2018-07-31,15,1101.283
NGET-EMFIP-AGWS-TS-00222098,Solar generation,"Solar",2018-07-31,15,923
NGET-EMFIP-AGWS-TS-00222097,Wind generation,"Wind Onshore",2018-07-31,14,1833.931
NGET-EMFIP-AGWS-TS-00222096,Wind generation,"Wind Offshore",2018-07-31,14,1083.181
NGET-EMFIP-AGWS-TS-00222095,Solar generation,"Solar",2018-07-31,14,450
NGET-EMFIP-AGWS-TS-00222094,Wind generation,"Wind Onshore",2018-07-31,13,1738.416
NGET-EMFIP-AGWS-TS-00222093,Wind generation,"Wind Offshore",2018-07-31,13,1143.324
NGET-EMFIP-AGWS-TS-00222092,Solar generation,"Solar",2018-07-31,13,132
NGET-EMFIP-AGWS-TS-00222091,Wind generation,"Wind Onshore",2018-07-31,12,1711.103
NGET-EMFIP-AGWS-TS-00222090,Wind generation,"Wind Offshore",2018-07-31,12,1186.244
NGET-EMFIP-AGWS-TS-00222089,Solar generation,"Solar",2018-07-31,12,13
NGET-EMFIP-AGWS-TS-00222088,Wind generation,"Wind Onshore",2018-07-31,11,1701.751
NGET-EMFIP-AGWS-TS-00222087,Wind generation,"Wind Offshore",2018-07-31,11,1217.949
NGET-EMFIP-AGWS-TS-00222086,Solar generation,"Solar",2018-07-31,11,1
NGET-EMFIP-AGWS-TS-00222085,Wind generation,"Wind Onshore",2018-07-31,10,1546.204
NGET-EMFIP-AGWS-TS-00222084,Wind generation,"Wind Offshore",2018-07-31,10,1098.145
NGET-EMFIP-AGWS-TS-00222083,Solar generation,"Solar",2018-07-31,10,0
NGET-EMFIP-AGWS-TS-00222082,Wind generation,"Wind Onshore",2018-07-31,9,1501.491
NGET-EMFIP-AGWS-TS-00222081,Wind generation,"Wind Offshore",2018-07-31,9,1259.785
NGET-EMFIP-AGWS-TS-00222080,Solar generation,"Solar",2018-07-31,9,1
NGET-EMFIP-AGWS-TS-00222079,Wind generation,"Wind Onshore",2018-07-31,8,1588.477
NGET-EMFIP-AGWS-TS-00222078,Wind generation,"Wind Offshore",2018-07-31,8,1355.374
NGET-EMFIP-AGWS-TS-00222077,Solar generation,"Solar",2018-07-31,8,0
NGET-EMFIP-AGWS-TS-00222076,Wind generation,"Wind Onshore",2018-07-31,7,1629.054
NGET-EMFIP-AGWS-TS-00222075,Wind generation,"Wind Offshore",2018-07-31,7,1420.657
NGET-EMFIP-AGWS-TS-00222074,Solar generation,"Solar",2018-07-31,7,0
NGET-EMFIP-AGWS-TS-00222073,Wind generation,"Wind Onshore",2018-07-31,6,1538.816
NGET-EMFIP-AGWS-TS-00222072,Wind generation,"Wind Offshore",2018-07-31,6,1453.441
NGET-EMFIP-AGWS-TS-00222071,Solar generation,"Solar",2018-07-31,6,2
NGET-EMFIP-AGWS-TS-00222070,Wind generation,"Wind Onshore",2018-07-31,5,1557.418
NGET-EMFIP-AGWS-TS-00222069,Wind generation,"Wind Offshore",2018-07-31,5,1576.316
NGET-EMFIP-AGWS-TS-00222068,Solar generation,"Solar",2018-07-31,5,1
NGET-EMFIP-AGWS-TS-00222067,Wind generation,"Wind Onshore",2018-07-31,4,1595.349
NGET-EMFIP-AGWS-TS-00222066,Wind generation,"Wind Offshore",2018-07-31,4,1649.124
NGET-EMFIP-AGWS-TS-00222065,Solar generation,"Solar",2018-07-31,4,0
NGET-EMFIP-AGWS-TS-00222064,Wind generation,"Wind Onshore",2018-07-31,3,1515.195
NGET-EMFIP-AGWS-TS-00222063,Wind generation,"Wind Offshore",2018-07-31,3,1825.049
NGET-EMFIP-AGWS-TS-00222062,Solar generation,"Solar",2018-07-31,3,0
NGET-EMFIP-AGWS-TS-00222061,Wind generation,"Wind Onshore",2018-07-31,2,1508.905
NGET-EMFIP-AGWS-TS-00222060,Wind generation,"Wind Offshore",2018-07-31,2,1798.536
NGET-EMFIP-AGWS-TS-00222059,Solar generation,"Solar",2018-07-31,2,0
NGET-EMFIP-AGWS-TS-00222045,Wind generation,"Wind Onshore",2018-07-31,1,1602.368
NGET-EMFIP-AGWS-TS-00222044,Wind generation,"Wind Offshore",2018-07-31,1,1869.17
NGET-EMFIP-AGWS-TS-00222043,Solar generation,"Solar",2018-07-31,1,0