Actual Or Estimated Wind And Solar Power Generation (B1630),,,,,
Time Series ID,Business Type,PSR Type,Settlement  Date,Settlement Period,Quantity (MW)
NGET-EMFIP-AGWS-TS-00221090,Wind generation,Wind Onshore,24/07/2018,48,747.803
NGET-EMFIP-AGWS-TS-00221089,Wind generation,Wind Offshore,24/07/2018,48,425.08
NGET-EMFIP-AGWS-TS-00221088,Solar generation,Solar,24/07/2018,48,0
NGET-EMFIP-AGWS-TS-00221087,Wind generation,Wind Onshore,24/07/2018,47,779.603
NGET-EMFIP-AGWS-TS-00221086,Wind generation,Wind Offshore,24/07/2018,47,483.445
NGET-EMFIP-AGWS-TS-00221085,Solar generation,Solar,24/07/2018,47,0
NGET-EMFIP-AGWS-TS-00221084,Wind generation,Wind Onshore,24/07/2018,46,820.354
NGET-EMFIP-AGWS-TS-00221083,Wind generation,Wind Offshore,24/07/2018,46,533.429
NGET-EMFIP-AGWS-TS-00221082,Solar generation,Solar,24/07/2018,46,0
NGET-EMFIP-AGWS-TS-00221081,Wind generation,Wind Onshore,24/07/2018,45,815.651
NGET-EMFIP-AGWS-TS-00221080,Wind generation,Wind Offshore,24/07/2018,45,484.653
NGET-EMFIP-AGWS-TS-00221079,Solar generation,Solar,24/07/2018,45,8
NGET-EMFIP-AGWS-TS-00221066,Wind generation,Wind Onshore,24/07/2018,44,869.824
NGET-EMFIP-AGWS-TS-00221065,Wind generation,Wind Offshore,24/07/2018,44,356.316
NGET-EMFIP-AGWS-TS-00221064,Solar generation,Solar,24/07/2018,44,10
NGET-EMFIP-AGWS-TS-00221063,Wind generation,Wind Onshore,24/07/2018,43,872.547
NGET-EMFIP-AGWS-TS-00221062,Wind generation,Wind Offshore,24/07/2018,43,363.183
NGET-EMFIP-AGWS-TS-00221061,Solar generation,Solar,24/07/2018,43,8
NGET-EMFIP-AGWS-TS-00221060,Wind generation,Wind Onshore,24/07/2018,42,971.142
NGET-EMFIP-AGWS-TS-00221059,Wind generation,Wind Offshore,24/07/2018,42,533.004
NGET-EMFIP-AGWS-TS-00221058,Solar generation,Solar,24/07/2018,42,98
NGET-EMFIP-AGWS-TS-00221057,Wind generation,Wind Onshore,24/07/2018,41,1062.419
NGET-EMFIP-AGWS-TS-00221056,Wind generation,Wind Offshore,24/07/2018,41,534.508
NGET-EMFIP-AGWS-TS-00221055,Solar generation,Solar,24/07/2018,41,393
NGET-EMFIP-AGWS-TS-00221054,Wind generation,Wind Onshore,24/07/2018,40,1207.703
NGET-EMFIP-AGWS-TS-00221053,Wind generation,Wind Offshore,24/07/2018,40,567.202
NGET-EMFIP-AGWS-TS-00221052,Solar generation,Solar,24/07/2018,40,766
NGET-EMFIP-AGWS-TS-00221051,Wind generation,Wind Onshore,24/07/2018,39,1270.242
NGET-EMFIP-AGWS-TS-00221050,Wind generation,Wind Offshore,24/07/2018,39,460.279
NGET-EMFIP-AGWS-TS-00221049,Solar generation,Solar,24/07/2018,39,1290
NGET-EMFIP-AGWS-TS-00221048,Wind generation,Wind Onshore,24/07/2018,38,1398.958
NGET-EMFIP-AGWS-TS-00221047,Wind generation,Wind Offshore,24/07/2018,38,461.045
NGET-EMFIP-AGWS-TS-00221046,Solar generation,Solar,24/07/2018,38,1840
NGET-EMFIP-AGWS-TS-00221045,Wind generation,Wind Onshore,24/07/2018,37,1376.359
NGET-EMFIP-AGWS-TS-00221044,Wind generation,Wind Offshore,24/07/2018,37,433.875
NGET-EMFIP-AGWS-TS-00221043,Solar generation,Solar,24/07/2018,37,2300
NGET-EMFIP-AGWS-TS-00221042,Wind generation,Wind Onshore,24/07/2018,36,1395.096
NGET-EMFIP-AGWS-TS-00221041,Wind generation,Wind Offshore,24/07/2018,36,471.858
NGET-EMFIP-AGWS-TS-00221040,Solar generation,Solar,24/07/2018,36,2820
NGET-EMFIP-AGWS-TS-00221039,Wind generation,Wind Onshore,24/07/2018,35,1329.407
NGET-EMFIP-AGWS-TS-00221038,Wind generation,Wind Offshore,24/07/2018,35,428.738
NGET-EMFIP-AGWS-TS-00221037,Solar generation,Solar,24/07/2018,35,3400
NGET-EMFIP-AGWS-TS-00221036,Wind generation,Wind Onshore,24/07/2018,34,1402.456
NGET-EMFIP-AGWS-TS-00221035,Wind generation,Wind Offshore,24/07/2018,34,395.156
NGET-EMFIP-AGWS-TS-00221034,Solar generation,Solar,24/07/2018,34,4040
NGET-EMFIP-AGWS-TS-00221033,Wind generation,Wind Onshore,24/07/2018,33,1355.981
NGET-EMFIP-AGWS-TS-00221032,Wind generation,Wind Offshore,24/07/2018,33,353.666
NGET-EMFIP-AGWS-TS-00221031,Solar generation,Solar,24/07/2018,33,4500
NGET-EMFIP-AGWS-TS-00221030,Wind generation,Wind Onshore,24/07/2018,32,1318.073
NGET-EMFIP-AGWS-TS-00221029,Wind generation,Wind Offshore,24/07/2018,32,314.108
NGET-EMFIP-AGWS-TS-00221028,Solar generation,Solar,24/07/2018,32,4940
NGET-EMFIP-AGWS-TS-00221027,Wind generation,Wind Onshore,24/07/2018,31,1330.462
NGET-EMFIP-AGWS-TS-00221026,Wind generation,Wind Offshore,24/07/2018,31,283.793
NGET-EMFIP-AGWS-TS-00221025,Solar generation,Solar,24/07/2018,31,5300
NGET-EMFIP-AGWS-TS-00221024,Wind generation,Wind Onshore,24/07/2018,30,1191.972
NGET-EMFIP-AGWS-TS-00221023,Wind generation,Wind Offshore,24/07/2018,30,279.957
NGET-EMFIP-AGWS-TS-00221022,Solar generation,Solar,24/07/2018,30,5520
NGET-EMFIP-AGWS-TS-00221021,Wind generation,Wind Onshore,24/07/2018,29,1122.537
NGET-EMFIP-AGWS-TS-00221020,Wind generation,Wind Offshore,24/07/2018,29,256.619
NGET-EMFIP-AGWS-TS-00221019,Solar generation,Solar,24/07/2018,29,5540
NGET-EMFIP-AGWS-TS-00221017,Wind generation,Wind Onshore,24/07/2018,28,998.635
NGET-EMFIP-AGWS-TS-00221016,Wind generation,Wind Offshore,24/07/2018,28,225.344
NGET-EMFIP-AGWS-TS-00221015,Solar generation,Solar,24/07/2018,28,5970
NGET-EMFIP-AGWS-TS-00221014,Wind generation,Wind Onshore,24/07/2018,27,968.196
NGET-EMFIP-AGWS-TS-00221013,Wind generation,Wind Offshore,24/07/2018,27,189.627
NGET-EMFIP-AGWS-TS-00221012,Solar generation,Solar,24/07/2018,27,6230
NGET-EMFIP-AGWS-TS-00221011,Wind generation,Wind Onshore,24/07/2018,26,989.85
NGET-EMFIP-AGWS-TS-00221010,Wind generation,Wind Offshore,24/07/2018,26,218.123
NGET-EMFIP-AGWS-TS-00221009,Solar generation,Solar,24/07/2018,26,6270
NGET-EMFIP-AGWS-TS-00221008,Wind generation,Wind Onshore,24/07/2018,25,977.137
NGET-EMFIP-AGWS-TS-00221007,Wind generation,Wind Offshore,24/07/2018,25,240.764
NGET-EMFIP-AGWS-TS-00221006,Solar generation,Solar,24/07/2018,25,6160
NGET-EMFIP-AGWS-TS-00221005,Wind generation,Wind Onshore,24/07/2018,24,882.485
NGET-EMFIP-AGWS-TS-00221004,Wind generation,Wind Offshore,24/07/2018,24,237.434
NGET-EMFIP-AGWS-TS-00221003,Solar generation,Solar,24/07/2018,24,5940
NGET-EMFIP-AGWS-TS-00221002,Wind generation,Wind Onshore,24/07/2018,23,888.173
NGET-EMFIP-AGWS-TS-00221001,Wind generation,Wind Offshore,24/07/2018,23,223.927
NGET-EMFIP-AGWS-TS-00221000,Solar generation,Solar,24/07/2018,23,5700
NGET-EMFIP-AGWS-TS-00220999,Wind generation,Wind Onshore,24/07/2018,22,788.943
NGET-EMFIP-AGWS-TS-00220998,Wind generation,Wind Offshore,24/07/2018,22,200.779
NGET-EMFIP-AGWS-TS-00220997,Solar generation,Solar,24/07/2018,22,5200
NGET-EMFIP-AGWS-TS-00220996,Wind generation,Wind Onshore,24/07/2018,21,776.45
NGET-EMFIP-AGWS-TS-00220995,Wind generation,Wind Offshore,24/07/2018,21,206.513
NGET-EMFIP-AGWS-TS-00220994,Solar generation,Solar,24/07/2018,21,4700
NGET-EMFIP-AGWS-TS-00220993,Wind generation,Wind Onshore,24/07/2018,20,763.557
NGET-EMFIP-AGWS-TS-00220992,Wind generation,Wind Offshore,24/07/2018,20,245.273
NGET-EMFIP-AGWS-TS-00220991,Solar generation,Solar,24/07/2018,20,4150
NGET-EMFIP-AGWS-TS-00220990,Wind generation,Wind Onshore,24/07/2018,19,735.591
NGET-EMFIP-AGWS-TS-00220989,Wind generation,Wind Offshore,24/07/2018,19,277.289
NGET-EMFIP-AGWS-TS-00220988,Solar generation,Solar,24/07/2018,19,3590
NGET-EMFIP-AGWS-TS-00220987,Wind generation,Wind Onshore,24/07/2018,18,707.102
NGET-EMFIP-AGWS-TS-00220986,Wind generation,Wind Offshore,24/07/2018,18,326.083
NGET-EMFIP-AGWS-TS-00220985,Solar generation,Solar,24/07/2018,18,2940
NGET-EMFIP-AGWS-TS-00220984,Wind generation,Wind Onshore,24/07/2018,17,668.686
NGET-EMFIP-AGWS-TS-00220983,Wind generation,Wind Offshore,24/07/2018,17,321.013
NGET-EMFIP-AGWS-TS-00220982,Solar generation,Solar,24/07/2018,17,1648
NGET-EMFIP-AGWS-TS-00220981,Wind generation,Wind Onshore,24/07/2018,16,636.721
NGET-EMFIP-AGWS-TS-00220980,Wind generation,Wind Offshore,24/07/2018,16,366.716
NGET-EMFIP-AGWS-TS-00220979,Solar generation,Solar,24/07/2018,16,1740
NGET-EMFIP-AGWS-TS-00220978,Wind generation,Wind Onshore,24/07/2018,15,669.592
NGET-EMFIP-AGWS-TS-00220977,Wind generation,Wind Offshore,24/07/2018,15,416.871
NGET-EMFIP-AGWS-TS-00220976,Solar generation,Solar,24/07/2018,15,1180
NGET-EMFIP-AGWS-TS-00220975,Wind generation,Wind Onshore,24/07/2018,14,689.21
NGET-EMFIP-AGWS-TS-00220974,Wind generation,Wind Offshore,24/07/2018,14,452.914
NGET-EMFIP-AGWS-TS-00220973,Solar generation,Solar,24/07/2018,14,712
NGET-EMFIP-AGWS-TS-00220972,Wind generation,Wind Onshore,24/07/2018,13,687.141
NGET-EMFIP-AGWS-TS-00220971,Wind generation,Wind Offshore,24/07/2018,13,446.338
NGET-EMFIP-AGWS-TS-00220970,Solar generation,Solar,24/07/2018,13,329
NGET-EMFIP-AGWS-TS-00220969,Wind generation,Wind Onshore,24/07/2018,12,742.41
NGET-EMFIP-AGWS-TS-00220968,Wind generation,Wind Offshore,24/07/2018,12,483.252
NGET-EMFIP-AGWS-TS-00220967,Solar generation,Solar,24/07/2018,12,81
NGET-EMFIP-AGWS-TS-00220966,Wind generation,Wind Onshore,24/07/2018,11,813.783
NGET-EMFIP-AGWS-TS-00220965,Wind generation,Wind Offshore,24/07/2018,11,427.327
NGET-EMFIP-AGWS-TS-00220964,Solar generation,Solar,24/07/2018,11,4
NGET-EMFIP-AGWS-TS-00220963,Wind generation,Wind Onshore,24/07/2018,10,898.937
NGET-EMFIP-AGWS-TS-00220962,Wind generation,Wind Offshore,24/07/2018,10,424.99
NGET-EMFIP-AGWS-TS-00220961,Solar generation,Solar,24/07/2018,10,1
NGET-EMFIP-AGWS-TS-00220960,Wind generation,Wind Onshore,24/07/2018,9,966.023
NGET-EMFIP-AGWS-TS-00220959,Wind generation,Wind Offshore,24/07/2018,9,509.963
NGET-EMFIP-AGWS-TS-00220958,Solar generation,Solar,24/07/2018,9,1
NGET-EMFIP-AGWS-TS-00220957,Wind generation,Wind Onshore,24/07/2018,8,1119.073
NGET-EMFIP-AGWS-TS-00220956,Wind generation,Wind Offshore,24/07/2018,8,564.65
NGET-EMFIP-AGWS-TS-00220955,Solar generation,Solar,24/07/2018,8,1
NGET-EMFIP-AGWS-TS-00220954,Wind generation,Wind Onshore,24/07/2018,7,1186.985
NGET-EMFIP-AGWS-TS-00220953,Wind generation,Wind Offshore,24/07/2018,7,763.581
NGET-EMFIP-AGWS-TS-00220952,Solar generation,Solar,24/07/2018,7,0
NGET-EMFIP-AGWS-TS-00220951,Wind generation,Wind Onshore,24/07/2018,6,1138.259
NGET-EMFIP-AGWS-TS-00220950,Wind generation,Wind Offshore,24/07/2018,6,994.172
NGET-EMFIP-AGWS-TS-00220949,Solar generation,Solar,24/07/2018,6,1
NGET-EMFIP-AGWS-TS-00220948,Wind generation,Wind Onshore,24/07/2018,5,1109.729
NGET-EMFIP-AGWS-TS-00220947,Wind generation,Wind Offshore,24/07/2018,5,1125.451
NGET-EMFIP-AGWS-TS-00220946,Solar generation,Solar,24/07/2018,5,1
NGET-EMFIP-AGWS-TS-00220945,Wind generation,Wind Onshore,24/07/2018,4,1126.636
NGET-EMFIP-AGWS-TS-00220944,Wind generation,Wind Offshore,24/07/2018,4,1217.702
NGET-EMFIP-AGWS-TS-00220943,Solar generation,Solar,24/07/2018,4,0
NGET-EMFIP-AGWS-TS-00220942,Wind generation,Wind Onshore,24/07/2018,3,1269.492
NGET-EMFIP-AGWS-TS-00220941,Wind generation,Wind Offshore,24/07/2018,3,1307.913
NGET-EMFIP-AGWS-TS-00220940,Solar generation,Solar,24/07/2018,3,0
NGET-EMFIP-AGWS-TS-00220942,Wind generation,Wind Onshore,24/07/2018,,1173.347
NGET-EMFIP-AGWS-TS-00220941,Wind generation,Wind Offshore,24/07/2018,,1420.2415
NGET-EMFIP-AGWS-TS-00220940,Solar generation,Solar,24/07/2018,,0
NGET-EMFIP-AGWS-TS-00220936,Wind generation,Wind Onshore,24/07/2018,1,1077.202
NGET-EMFIP-AGWS-TS-00220935,Wind generation,Wind Offshore,24/07/2018,1,1532.57
NGET-EMFIP-AGWS-TS-00220934,Solar generation,Solar,24/07/2018,1,0
