Actual Or Estimated Wind And Solar Power Generation (B1630)
Time Series ID,Business Type,PSR Type,Settlement  Date,Settlement Period,Quantity (MW)
NGET-EMFIP-AGWS-TS-00220170,Wind generation,"Wind Onshore",2018-07-18,48,362.894
NGET-EMFIP-AGWS-TS-00220169,Wind generation,"Wind Offshore",2018-07-18,48,245.38
NGET-EMFIP-AGWS-TS-00220168,Solar generation,"Solar",2018-07-18,48,0
NGET-EMFIP-AGWS-TS-00220167,Wind generation,"Wind Onshore",2018-07-18,47,357.504
NGET-EMFIP-AGWS-TS-00220166,Wind generation,"Wind Offshore",2018-07-18,47,260.536
NGET-EMFIP-AGWS-TS-00220165,Solar generation,"Solar",2018-07-18,47,0
NGET-EMFIP-AGWS-TS-00220164,Wind generation,"Wind Onshore",2018-07-18,46,370.443
NGET-EMFIP-AGWS-TS-00220163,Wind generation,"Wind Offshore",2018-07-18,46,278.072
NGET-EMFIP-AGWS-TS-00220162,Solar generation,"Solar",2018-07-18,46,0
NGET-EMFIP-AGWS-TS-00220161,Wind generation,"Wind Onshore",2018-07-18,45,375.693
NGET-EMFIP-AGWS-TS-00220160,Wind generation,"Wind Offshore",2018-07-18,45,298.824
NGET-EMFIP-AGWS-TS-00220159,Solar generation,"Solar",2018-07-18,45,1
NGET-EMFIP-AGWS-TS-00220156,Wind generation,"Wind Onshore",2018-07-18,44,395.45
NGET-EMFIP-AGWS-TS-00220155,Wind generation,"Wind Offshore",2018-07-18,44,291.446
NGET-EMFIP-AGWS-TS-00220154,Solar generation,"Solar",2018-07-18,44,3
NGET-EMFIP-AGWS-TS-00220153,Wind generation,"Wind Onshore",2018-07-18,43,393.88
NGET-EMFIP-AGWS-TS-00220152,Wind generation,"Wind Offshore",2018-07-18,43,314.562
NGET-EMFIP-AGWS-TS-00220151,Solar generation,"Solar",2018-07-18,43,10
NGET-EMFIP-AGWS-TS-00220150,Wind generation,"Wind Onshore",2018-07-18,42,422.527
NGET-EMFIP-AGWS-TS-00220149,Wind generation,"Wind Offshore",2018-07-18,42,371.91
NGET-EMFIP-AGWS-TS-00220148,Solar generation,"Solar",2018-07-18,42,104
NGET-EMFIP-AGWS-TS-00220147,Wind generation,"Wind Onshore",2018-07-18,41,420.157
NGET-EMFIP-AGWS-TS-00220146,Wind generation,"Wind Offshore",2018-07-18,41,374.866
NGET-EMFIP-AGWS-TS-00220145,Solar generation,"Solar",2018-07-18,41,329
NGET-EMFIP-AGWS-TS-00220144,Wind generation,"Wind Onshore",2018-07-18,40,461.353
NGET-EMFIP-AGWS-TS-00220143,Wind generation,"Wind Offshore",2018-07-18,40,359.599
NGET-EMFIP-AGWS-TS-00220142,Solar generation,"Solar",2018-07-18,40,630
NGET-EMFIP-AGWS-TS-00220141,Wind generation,"Wind Onshore",2018-07-18,39,475.793
NGET-EMFIP-AGWS-TS-00220140,Wind generation,"Wind Offshore",2018-07-18,39,359.88
NGET-EMFIP-AGWS-TS-00220139,Solar generation,"Solar",2018-07-18,39,998
NGET-EMFIP-AGWS-TS-00220138,Wind generation,"Wind Onshore",2018-07-18,38,512.838
NGET-EMFIP-AGWS-TS-00220137,Wind generation,"Wind Offshore",2018-07-18,38,335.279
NGET-EMFIP-AGWS-TS-00220136,Solar generation,"Solar",2018-07-18,38,1410
NGET-EMFIP-AGWS-TS-00220135,Wind generation,"Wind Onshore",2018-07-18,37,531.713
NGET-EMFIP-AGWS-TS-00220134,Wind generation,"Wind Offshore",2018-07-18,37,296.824
NGET-EMFIP-AGWS-TS-00220133,Solar generation,"Solar",2018-07-18,37,1860
NGET-EMFIP-AGWS-TS-00220132,Wind generation,"Wind Onshore",2018-07-18,36,553.847
NGET-EMFIP-AGWS-TS-00220131,Wind generation,"Wind Offshore",2018-07-18,36,270.893
NGET-EMFIP-AGWS-TS-00220130,Solar generation,"Solar",2018-07-18,36,2250
NGET-EMFIP-AGWS-TS-00220129,Wind generation,"Wind Onshore",2018-07-18,35,552.584
NGET-EMFIP-AGWS-TS-00220128,Wind generation,"Wind Offshore",2018-07-18,35,274.817
NGET-EMFIP-AGWS-TS-00220127,Solar generation,"Solar",2018-07-18,35,2660
NGET-EMFIP-AGWS-TS-00220126,Wind generation,"Wind Onshore",2018-07-18,34,578.738
NGET-EMFIP-AGWS-TS-00220125,Wind generation,"Wind Offshore",2018-07-18,34,272.42
NGET-EMFIP-AGWS-TS-00220124,Solar generation,"Solar",2018-07-18,34,3120
NGET-EMFIP-AGWS-TS-00220123,Wind generation,"Wind Onshore",2018-07-18,33,569.515
NGET-EMFIP-AGWS-TS-00220122,Wind generation,"Wind Offshore",2018-07-18,33,259.191
NGET-EMFIP-AGWS-TS-00220121,Solar generation,"Solar",2018-07-18,33,3480
NGET-EMFIP-AGWS-TS-00220120,Wind generation,"Wind Onshore",2018-07-18,32,566.826
NGET-EMFIP-AGWS-TS-00220119,Wind generation,"Wind Offshore",2018-07-18,32,229.347
NGET-EMFIP-AGWS-TS-00220118,Solar generation,"Solar",2018-07-18,32,4020
NGET-EMFIP-AGWS-TS-00220117,Wind generation,"Wind Onshore",2018-07-18,31,587.405
NGET-EMFIP-AGWS-TS-00220116,Wind generation,"Wind Offshore",2018-07-18,31,226.244
NGET-EMFIP-AGWS-TS-00220115,Solar generation,"Solar",2018-07-18,31,4370
NGET-EMFIP-AGWS-TS-00220114,Wind generation,"Wind Onshore",2018-07-18,30,568.042
NGET-EMFIP-AGWS-TS-00220113,Wind generation,"Wind Offshore",2018-07-18,30,200.634
NGET-EMFIP-AGWS-TS-00220112,Solar generation,"Solar",2018-07-18,30,4480
NGET-EMFIP-AGWS-TS-00220111,Wind generation,"Wind Onshore",2018-07-18,29,529.859
NGET-EMFIP-AGWS-TS-00220110,Wind generation,"Wind Offshore",2018-07-18,29,182.78
NGET-EMFIP-AGWS-TS-00220109,Solar generation,"Solar",2018-07-18,29,5403
NGET-EMFIP-AGWS-TS-00220108,Wind generation,"Wind Onshore",2018-07-18,28,550.958
NGET-EMFIP-AGWS-TS-00220107,Wind generation,"Wind Offshore",2018-07-18,28,139.979
NGET-EMFIP-AGWS-TS-00220106,Solar generation,"Solar",2018-07-18,28,4630
NGET-EMFIP-AGWS-TS-00220105,Wind generation,"Wind Onshore",2018-07-18,27,536.019
NGET-EMFIP-AGWS-TS-00220104,Wind generation,"Wind Offshore",2018-07-18,27,109.544
NGET-EMFIP-AGWS-TS-00220103,Solar generation,"Solar",2018-07-18,27,4730
NGET-EMFIP-AGWS-TS-00220102,Wind generation,"Wind Onshore",2018-07-18,26,498.74
NGET-EMFIP-AGWS-TS-00220101,Wind generation,"Wind Offshore",2018-07-18,26,112.111
NGET-EMFIP-AGWS-TS-00220100,Solar generation,"Solar",2018-07-18,26,4740
NGET-EMFIP-AGWS-TS-00220099,Wind generation,"Wind Onshore",2018-07-18,25,491.09
NGET-EMFIP-AGWS-TS-00220098,Wind generation,"Wind Offshore",2018-07-18,25,123.088
NGET-EMFIP-AGWS-TS-00220097,Solar generation,"Solar",2018-07-18,25,4580
NGET-EMFIP-AGWS-TS-00220096,Wind generation,"Wind Onshore",2018-07-18,24,445.145
NGET-EMFIP-AGWS-TS-00220095,Wind generation,"Wind Offshore",2018-07-18,24,214.796
NGET-EMFIP-AGWS-TS-00220094,Solar generation,"Solar",2018-07-18,24,4600
NGET-EMFIP-AGWS-TS-00220093,Wind generation,"Wind Onshore",2018-07-18,23,444.825
NGET-EMFIP-AGWS-TS-00220092,Wind generation,"Wind Offshore",2018-07-18,23,228.216
NGET-EMFIP-AGWS-TS-00220091,Solar generation,"Solar",2018-07-18,23,4760
NGET-EMFIP-AGWS-TS-00220090,Wind generation,"Wind Onshore",2018-07-18,22,422.296
NGET-EMFIP-AGWS-TS-00220089,Wind generation,"Wind Offshore",2018-07-18,22,229.806
NGET-EMFIP-AGWS-TS-00220088,Solar generation,"Solar",2018-07-18,22,4640
NGET-EMFIP-AGWS-TS-00220087,Wind generation,"Wind Onshore",2018-07-18,21,428.075
NGET-EMFIP-AGWS-TS-00220086,Wind generation,"Wind Offshore",2018-07-18,21,229.627
NGET-EMFIP-AGWS-TS-00220085,Solar generation,"Solar",2018-07-18,21,4390
NGET-EMFIP-AGWS-TS-00220084,Wind generation,"Wind Onshore",2018-07-18,20,405.377
NGET-EMFIP-AGWS-TS-00220083,Wind generation,"Wind Offshore",2018-07-18,20,230.353
NGET-EMFIP-AGWS-TS-00220082,Solar generation,"Solar",2018-07-18,20,3880
NGET-EMFIP-AGWS-TS-00220081,Wind generation,"Wind Onshore",2018-07-18,19,399.641
NGET-EMFIP-AGWS-TS-00220080,Wind generation,"Wind Offshore",2018-07-18,19,251.422
NGET-EMFIP-AGWS-TS-00220079,Solar generation,"Solar",2018-07-18,19,3370
NGET-EMFIP-AGWS-TS-00220070,Wind generation,"Wind Onshore",2018-07-18,18,315.808
NGET-EMFIP-AGWS-TS-00220069,Wind generation,"Wind Offshore",2018-07-18,18,18.463
NGET-EMFIP-AGWS-TS-00220068,Solar generation,"Solar",2018-07-18,18,2710
NGET-EMFIP-AGWS-TS-00220067,Wind generation,"Wind Onshore",2018-07-18,17,315.808
NGET-EMFIP-AGWS-TS-00220066,Wind generation,"Wind Offshore",2018-07-18,17,18.463
NGET-EMFIP-AGWS-TS-00220065,Solar generation,"Solar",2018-07-18,17,2121
NGET-EMFIP-AGWS-TS-00220064,Wind generation,"Wind Onshore",2018-07-18,16,442.797
NGET-EMFIP-AGWS-TS-00220063,Wind generation,"Wind Offshore",2018-07-18,16,306.75
NGET-EMFIP-AGWS-TS-00220062,Solar generation,"Solar",2018-07-18,16,1600
NGET-EMFIP-AGWS-TS-00220061,Wind generation,"Wind Onshore",2018-07-18,15,431.658
NGET-EMFIP-AGWS-TS-00220060,Wind generation,"Wind Offshore",2018-07-18,15,311.455
NGET-EMFIP-AGWS-TS-00220059,Solar generation,"Solar",2018-07-18,15,1120
NGET-EMFIP-AGWS-TS-00220058,Wind generation,"Wind Onshore",2018-07-18,14,495.626
NGET-EMFIP-AGWS-TS-00220057,Wind generation,"Wind Offshore",2018-07-18,14,306.942
NGET-EMFIP-AGWS-TS-00220056,Solar generation,"Solar",2018-07-18,14,642
NGET-EMFIP-AGWS-TS-00220055,Wind generation,"Wind Onshore",2018-07-18,13,519.569
NGET-EMFIP-AGWS-TS-00220054,Wind generation,"Wind Offshore",2018-07-18,13,351.719
NGET-EMFIP-AGWS-TS-00220053,Solar generation,"Solar",2018-07-18,13,310
NGET-EMFIP-AGWS-TS-00220052,Wind generation,"Wind Onshore",2018-07-18,12,571.199
NGET-EMFIP-AGWS-TS-00220051,Wind generation,"Wind Offshore",2018-07-18,12,338.39
NGET-EMFIP-AGWS-TS-00220050,Solar generation,"Solar",2018-07-18,12,96
NGET-EMFIP-AGWS-TS-00220049,Wind generation,"Wind Onshore",2018-07-18,11,581.512
NGET-EMFIP-AGWS-TS-00220048,Wind generation,"Wind Offshore",2018-07-18,11,268.95
NGET-EMFIP-AGWS-TS-00220047,Solar generation,"Solar",2018-07-18,11,9
NGET-EMFIP-AGWS-TS-00220046,Wind generation,"Wind Onshore",2018-07-18,10,601.677
NGET-EMFIP-AGWS-TS-00220045,Wind generation,"Wind Offshore",2018-07-18,10,247.615
NGET-EMFIP-AGWS-TS-00220044,Solar generation,"Solar",2018-07-18,10,1
NGET-EMFIP-AGWS-TS-00220043,Wind generation,"Wind Onshore",2018-07-18,9,604.661
NGET-EMFIP-AGWS-TS-00220042,Wind generation,"Wind Offshore",2018-07-18,9,281.749
NGET-EMFIP-AGWS-TS-00220041,Solar generation,"Solar",2018-07-18,9,1
NGET-EMFIP-AGWS-TS-00220040,Wind generation,"Wind Onshore",2018-07-18,8,629.07
NGET-EMFIP-AGWS-TS-00220039,Wind generation,"Wind Offshore",2018-07-18,8,334.332
NGET-EMFIP-AGWS-TS-00220038,Solar generation,"Solar",2018-07-18,8,1
NGET-EMFIP-AGWS-TS-00220037,Wind generation,"Wind Onshore",2018-07-18,7,639.958
NGET-EMFIP-AGWS-TS-00220036,Wind generation,"Wind Offshore",2018-07-18,7,369.818
NGET-EMFIP-AGWS-TS-00220035,Solar generation,"Solar",2018-07-18,7,0
NGET-EMFIP-AGWS-TS-00220034,Wind generation,"Wind Onshore",2018-07-18,6,436.28
NGET-EMFIP-AGWS-TS-00220033,Wind generation,"Wind Offshore",2018-07-18,6,37.236
NGET-EMFIP-AGWS-TS-00220032,Solar generation,"Solar",2018-07-18,6,1
NGET-EMFIP-AGWS-TS-00220031,Wind generation,"Wind Onshore",2018-07-18,5,642.214
NGET-EMFIP-AGWS-TS-00220030,Wind generation,"Wind Offshore",2018-07-18,5,416.089
NGET-EMFIP-AGWS-TS-00220029,Solar generation,"Solar",2018-07-18,5,1
NGET-EMFIP-AGWS-TS-00220028,Wind generation,"Wind Onshore",2018-07-18,4,683.966
NGET-EMFIP-AGWS-TS-00220027,Wind generation,"Wind Offshore",2018-07-18,4,418.583
NGET-EMFIP-AGWS-TS-00220026,Solar generation,"Solar",2018-07-18,4,0
NGET-EMFIP-AGWS-TS-00220025,Wind generation,"Wind Onshore",2018-07-18,3,742.343
NGET-EMFIP-AGWS-TS-00220024,Wind generation,"Wind Offshore",2018-07-18,3,466.935
NGET-EMFIP-AGWS-TS-00220023,Solar generation,"Solar",2018-07-18,3,0
NGET-EMFIP-AGWS-TS-00220022,Wind generation,"Wind Onshore",2018-07-18,2,756.127
NGET-EMFIP-AGWS-TS-00220021,Wind generation,"Wind Offshore",2018-07-18,2,485.316
NGET-EMFIP-AGWS-TS-00220020,Solar generation,"Solar",2018-07-18,2,0
NGET-EMFIP-AGWS-TS-00220019,Wind generation,"Wind Onshore",2018-07-18,1,741.835
NGET-EMFIP-AGWS-TS-00220018,Wind generation,"Wind Offshore",2018-07-18,1,516.572
NGET-EMFIP-AGWS-TS-00220017,Solar generation,"Solar",2018-07-18,1,0