Actual Or Estimated Wind And Solar Power Generation (B1630),,,,,
Time Series ID,Business Type,PSR Type,Settlement  Date,Settlement Period,Quantity (MW)
NGET-EMFIP-AGWS-TS-00219574,Wind generation,Wind Onshore,14/07/2018,48,1931.536
NGET-EMFIP-AGWS-TS-00219573,Wind generation,Wind Offshore,14/07/2018,48,1109.881
NGET-EMFIP-AGWS-TS-00219572,Solar generation,Solar,14/07/2018,48,0
NGET-EMFIP-AGWS-TS-00219571,Wind generation,Wind Onshore,14/07/2018,47,2016.081
NGET-EMFIP-AGWS-TS-00219570,Wind generation,Wind Offshore,14/07/2018,47,1056.802
NGET-EMFIP-AGWS-TS-00219569,Solar generation,Solar,14/07/2018,47,0
NGET-EMFIP-AGWS-TS-00219568,Wind generation,Wind Onshore,14/07/2018,46,2030.818
NGET-EMFIP-AGWS-TS-00219567,Wind generation,Wind Offshore,14/07/2018,46,1009.491
NGET-EMFIP-AGWS-TS-00219566,Solar generation,Solar,14/07/2018,46,0
NGET-EMFIP-AGWS-TS-00219565,Wind generation,Wind Onshore,14/07/2018,45,2044.698
NGET-EMFIP-AGWS-TS-00219564,Wind generation,Wind Offshore,14/07/2018,45,997.394
NGET-EMFIP-AGWS-TS-00219563,Solar generation,Solar,14/07/2018,45,7
NGET-EMFIP-AGWS-TS-00219562,Wind generation,Wind Onshore,14/07/2018,44,2149.24
NGET-EMFIP-AGWS-TS-00219561,Wind generation,Wind Offshore,14/07/2018,44,1039.729
NGET-EMFIP-AGWS-TS-00219560,Solar generation,Solar,14/07/2018,44,7
NGET-EMFIP-AGWS-TS-00219559,Wind generation,Wind Onshore,14/07/2018,43,2180.791
NGET-EMFIP-AGWS-TS-00219558,Wind generation,Wind Offshore,14/07/2018,43,1043.542
NGET-EMFIP-AGWS-TS-00219557,Solar generation,Solar,14/07/2018,43,501
NGET-EMFIP-AGWS-TS-00219556,Wind generation,Wind Onshore,14/07/2018,42,2290.102
NGET-EMFIP-AGWS-TS-00219555,Wind generation,Wind Offshore,14/07/2018,42,1034.26
NGET-EMFIP-AGWS-TS-00219554,Solar generation,Solar,14/07/2018,42,195
NGET-EMFIP-AGWS-TS-00219553,Wind generation,Wind Onshore,14/07/2018,41,2236.796
NGET-EMFIP-AGWS-TS-00219552,Wind generation,Wind Offshore,14/07/2018,41,916.351
NGET-EMFIP-AGWS-TS-00219551,Solar generation,Solar,14/07/2018,41,567
NGET-EMFIP-AGWS-TS-00219550,Wind generation,Wind Onshore,14/07/2018,40,2376.048
NGET-EMFIP-AGWS-TS-00219549,Wind generation,Wind Offshore,14/07/2018,40,872.518
NGET-EMFIP-AGWS-TS-00219548,Solar generation,Solar,14/07/2018,40,1030
NGET-EMFIP-AGWS-TS-00219547,Wind generation,Wind Onshore,14/07/2018,39,2507.007
NGET-EMFIP-AGWS-TS-00219546,Wind generation,Wind Offshore,14/07/2018,39,842.032
NGET-EMFIP-AGWS-TS-00219545,Solar generation,Solar,14/07/2018,39,1600
NGET-EMFIP-AGWS-TS-00219544,Wind generation,Wind Onshore,14/07/2018,38,2738.442
NGET-EMFIP-AGWS-TS-00219543,Wind generation,Wind Offshore,14/07/2018,38,779.257
NGET-EMFIP-AGWS-TS-00219542,Solar generation,Solar,14/07/2018,38,2240
NGET-EMFIP-AGWS-TS-00219541,Wind generation,Wind Onshore,14/07/2018,37,2826.16
NGET-EMFIP-AGWS-TS-00219540,Wind generation,Wind Offshore,14/07/2018,37,695.508
NGET-EMFIP-AGWS-TS-00219539,Solar generation,Solar,14/07/2018,37,2900
NGET-EMFIP-AGWS-TS-00219538,Wind generation,Wind Onshore,14/07/2018,36,2986.191
NGET-EMFIP-AGWS-TS-00219537,Wind generation,Wind Offshore,14/07/2018,36,681.975
NGET-EMFIP-AGWS-TS-00219536,Solar generation,Solar,14/07/2018,36,3670
NGET-EMFIP-AGWS-TS-00219535,Wind generation,Wind Onshore,14/07/2018,35,2948.004
NGET-EMFIP-AGWS-TS-00219534,Wind generation,Wind Offshore,14/07/2018,35,718.719
NGET-EMFIP-AGWS-TS-00219533,Solar generation,Solar,14/07/2018,35,4370
NGET-EMFIP-AGWS-TS-00219532,Wind generation,Wind Onshore,14/07/2018,34,2930.309
NGET-EMFIP-AGWS-TS-00219531,Wind generation,Wind Offshore,14/07/2018,34,660.645
NGET-EMFIP-AGWS-TS-00219530,Solar generation,Solar,14/07/2018,34,5030
NGET-EMFIP-AGWS-TS-00219529,Wind generation,Wind Onshore,14/07/2018,33,2936.27
NGET-EMFIP-AGWS-TS-00219528,Wind generation,Wind Offshore,14/07/2018,33,583.053
NGET-EMFIP-AGWS-TS-00219527,Solar generation,Solar,14/07/2018,33,5620
NGET-EMFIP-AGWS-TS-00219526,Wind generation,Wind Onshore,14/07/2018,32,2951.487
NGET-EMFIP-AGWS-TS-00219525,Wind generation,Wind Offshore,14/07/2018,32,526.358
NGET-EMFIP-AGWS-TS-00219524,Solar generation,Solar,14/07/2018,32,6200
NGET-EMFIP-AGWS-TS-00219523,Wind generation,Wind Onshore,14/07/2018,31,2914.934
NGET-EMFIP-AGWS-TS-00219522,Wind generation,Wind Offshore,14/07/2018,31,520.364
NGET-EMFIP-AGWS-TS-00219521,Solar generation,Solar,14/07/2018,31,6590
NGET-EMFIP-AGWS-TS-00219520,Wind generation,Wind Onshore,14/07/2018,30,2817.335
NGET-EMFIP-AGWS-TS-00219519,Wind generation,Wind Offshore,14/07/2018,30,504.881
NGET-EMFIP-AGWS-TS-00219518,Solar generation,Solar,14/07/2018,30,7090
NGET-EMFIP-AGWS-TS-00219517,Wind generation,Wind Onshore,14/07/2018,29,2732.369
NGET-EMFIP-AGWS-TS-00219516,Wind generation,Wind Offshore,14/07/2018,29,472.458
NGET-EMFIP-AGWS-TS-00219515,Solar generation,Solar,14/07/2018,29,7542
NGET-EMFIP-AGWS-TS-00219514,Wind generation,Wind Onshore,14/07/2018,28,2685.958
NGET-EMFIP-AGWS-TS-00219513,Wind generation,Wind Offshore,14/07/2018,28,434.511
NGET-EMFIP-AGWS-TS-00219512,Solar generation,Solar,14/07/2018,28,7510
NGET-EMFIP-AGWS-TS-00219511,Wind generation,Wind Onshore,14/07/2018,27,2610.869
NGET-EMFIP-AGWS-TS-00219510,Wind generation,Wind Offshore,14/07/2018,27,414.974
NGET-EMFIP-AGWS-TS-00219509,Solar generation,Solar,14/07/2018,27,7580
NGET-EMFIP-AGWS-TS-00219508,Wind generation,Wind Onshore,14/07/2018,26,2447.426
NGET-EMFIP-AGWS-TS-00219507,Wind generation,Wind Offshore,14/07/2018,26,378.326
NGET-EMFIP-AGWS-TS-00219506,Solar generation,Solar,14/07/2018,26,7470
NGET-EMFIP-AGWS-TS-00219505,Wind generation,Wind Onshore,14/07/2018,25,2368.801
NGET-EMFIP-AGWS-TS-00219504,Wind generation,Wind Offshore,14/07/2018,25,334.702
NGET-EMFIP-AGWS-TS-00219503,Solar generation,Solar,14/07/2018,25,7330
NGET-EMFIP-AGWS-TS-00219502,Wind generation,Wind Onshore,14/07/2018,24,2204.226
NGET-EMFIP-AGWS-TS-00219501,Wind generation,Wind Offshore,14/07/2018,24,297.091
NGET-EMFIP-AGWS-TS-00219500,Solar generation,Solar,14/07/2018,24,7120
NGET-EMFIP-AGWS-TS-00219499,Wind generation,Wind Onshore,14/07/2018,23,2145.654
NGET-EMFIP-AGWS-TS-00219498,Wind generation,Wind Offshore,14/07/2018,23,287.065
NGET-EMFIP-AGWS-TS-00219497,Solar generation,Solar,14/07/2018,23,6830
NGET-EMFIP-AGWS-TS-00219496,Wind generation,Wind Onshore,14/07/2018,22,2030.651
NGET-EMFIP-AGWS-TS-00219495,Wind generation,Wind Offshore,14/07/2018,22,232.333
NGET-EMFIP-AGWS-TS-00219494,Solar generation,Solar,14/07/2018,22,6450
NGET-EMFIP-AGWS-TS-00219493,Wind generation,Wind Onshore,14/07/2018,21,1928.17
NGET-EMFIP-AGWS-TS-00219492,Wind generation,Wind Offshore,14/07/2018,21,187.474
NGET-EMFIP-AGWS-TS-00219491,Solar generation,Solar,14/07/2018,21,5910
NGET-EMFIP-AGWS-TS-00219490,Wind generation,Wind Onshore,14/07/2018,20,1729.557
NGET-EMFIP-AGWS-TS-00219489,Wind generation,Wind Offshore,14/07/2018,20,194.822
NGET-EMFIP-AGWS-TS-00219488,Solar generation,Solar,14/07/2018,20,5230
NGET-EMFIP-AGWS-TS-00219487,Wind generation,Wind Onshore,14/07/2018,19,1544.303
NGET-EMFIP-AGWS-TS-00219486,Wind generation,Wind Offshore,14/07/2018,19,193.244
NGET-EMFIP-AGWS-TS-00219485,Solar generation,Solar,14/07/2018,19,4450
NGET-EMFIP-AGWS-TS-00219487,Wind generation,Wind Onshore,14/07/2018,,1398.6535
NGET-EMFIP-AGWS-TS-00219486,Wind generation,Wind Offshore,14/07/2018,,212.42
NGET-EMFIP-AGWS-TS-00219485,Solar generation,Solar,14/07/2018,,3198.5
NGET-EMFIP-AGWS-TS-00219481,Wind generation,Wind Onshore,14/07/2018,17,1253.004
NGET-EMFIP-AGWS-TS-00219480,Wind generation,Wind Offshore,14/07/2018,17,231.596
NGET-EMFIP-AGWS-TS-00219479,Solar generation,Solar,14/07/2018,17,1947
NGET-EMFIP-AGWS-TS-00219474,Wind generation,Wind Onshore,14/07/2018,16,1169.634
NGET-EMFIP-AGWS-TS-00219473,Wind generation,Wind Offshore,14/07/2018,16,211.899
NGET-EMFIP-AGWS-TS-00219472,Solar generation,Solar,14/07/2018,16,2180
NGET-EMFIP-AGWS-TS-00219471,Wind generation,Wind Onshore,14/07/2018,15,1068.52
NGET-EMFIP-AGWS-TS-00219470,Wind generation,Wind Offshore,14/07/2018,15,193.52
NGET-EMFIP-AGWS-TS-00219469,Solar generation,Solar,14/07/2018,15,1520
NGET-EMFIP-AGWS-TS-00219468,Wind generation,Wind Onshore,14/07/2018,14,1002.442
NGET-EMFIP-AGWS-TS-00219467,Wind generation,Wind Offshore,14/07/2018,14,194.079
NGET-EMFIP-AGWS-TS-00219466,Solar generation,Solar,14/07/2018,14,954
NGET-EMFIP-AGWS-TS-00219465,Wind generation,Wind Onshore,14/07/2018,13,983.359
NGET-EMFIP-AGWS-TS-00219464,Wind generation,Wind Offshore,14/07/2018,13,202.266
NGET-EMFIP-AGWS-TS-00219463,Solar generation,Solar,14/07/2018,13,512
NGET-EMFIP-AGWS-TS-00219462,Wind generation,Wind Onshore,14/07/2018,12,945.049
NGET-EMFIP-AGWS-TS-00219461,Wind generation,Wind Offshore,14/07/2018,12,216.068
NGET-EMFIP-AGWS-TS-00219460,Solar generation,Solar,14/07/2018,12,176
NGET-EMFIP-AGWS-TS-00219459,Wind generation,Wind Onshore,14/07/2018,11,898.592
NGET-EMFIP-AGWS-TS-00219458,Wind generation,Wind Offshore,14/07/2018,11,239.787
NGET-EMFIP-AGWS-TS-00219457,Solar generation,Solar,14/07/2018,11,19
NGET-EMFIP-AGWS-TS-00219456,Wind generation,Wind Onshore,14/07/2018,10,822.016
NGET-EMFIP-AGWS-TS-00219455,Wind generation,Wind Offshore,14/07/2018,10,251.637
NGET-EMFIP-AGWS-TS-00219454,Solar generation,Solar,14/07/2018,10,1
NGET-EMFIP-AGWS-TS-00219453,Wind generation,Wind Onshore,14/07/2018,9,767.494
NGET-EMFIP-AGWS-TS-00219452,Wind generation,Wind Offshore,14/07/2018,9,292.145
NGET-EMFIP-AGWS-TS-00219451,Solar generation,Solar,14/07/2018,9,1
NGET-EMFIP-AGWS-TS-00219450,Wind generation,Wind Onshore,14/07/2018,8,715.681
NGET-EMFIP-AGWS-TS-00219449,Wind generation,Wind Offshore,14/07/2018,8,306.829
NGET-EMFIP-AGWS-TS-00219448,Solar generation,Solar,14/07/2018,8,0
NGET-EMFIP-AGWS-TS-00219447,Wind generation,Wind Onshore,14/07/2018,7,649.998
NGET-EMFIP-AGWS-TS-00219446,Wind generation,Wind Offshore,14/07/2018,7,289.831
NGET-EMFIP-AGWS-TS-00219445,Solar generation,Solar,14/07/2018,7,0
NGET-EMFIP-AGWS-TS-00219444,Wind generation,Wind Onshore,14/07/2018,6,653.446
NGET-EMFIP-AGWS-TS-00219443,Wind generation,Wind Offshore,14/07/2018,6,295.25
NGET-EMFIP-AGWS-TS-00219442,Solar generation,Solar,14/07/2018,6,4
NGET-EMFIP-AGWS-TS-00219441,Wind generation,Wind Onshore,14/07/2018,5,593.78
NGET-EMFIP-AGWS-TS-00219440,Wind generation,Wind Offshore,14/07/2018,5,292.501
NGET-EMFIP-AGWS-TS-00219439,Solar generation,Solar,14/07/2018,5,2
NGET-EMFIP-AGWS-TS-00219438,Wind generation,Wind Onshore,14/07/2018,4,572.865
NGET-EMFIP-AGWS-TS-00219437,Wind generation,Wind Offshore,14/07/2018,4,272.821
NGET-EMFIP-AGWS-TS-00219436,Solar generation,Solar,14/07/2018,4,0
NGET-EMFIP-AGWS-TS-00219435,Wind generation,Wind Onshore,14/07/2018,3,569.005
NGET-EMFIP-AGWS-TS-00219434,Wind generation,Wind Offshore,14/07/2018,3,260.24
NGET-EMFIP-AGWS-TS-00219433,Solar generation,Solar,14/07/2018,3,0
NGET-EMFIP-AGWS-TS-00219432,Wind generation,Wind Onshore,14/07/2018,2,572.691
NGET-EMFIP-AGWS-TS-00219431,Wind generation,Wind Offshore,14/07/2018,2,264.969
NGET-EMFIP-AGWS-TS-00219430,Solar generation,Solar,14/07/2018,2,0
NGET-EMFIP-AGWS-TS-00219429,Wind generation,Wind Onshore,14/07/2018,1,580.273
NGET-EMFIP-AGWS-TS-00219428,Wind generation,Wind Offshore,14/07/2018,1,264.145
NGET-EMFIP-AGWS-TS-00219427,Solar generation,Solar,14/07/2018,1,0
