Actual Or Estimated Wind And Solar Power Generation (B1630),,,,,
Time Series ID,Business Type,PSR Type,Settlement  Date,Settlement Period,Quantity (MW)
NGET-EMFIP-AGWS-TS-00217716,Wind generation,Wind Onshore,03/07/2018,48,1302.482
NGET-EMFIP-AGWS-TS-00217715,Wind generation,Wind Offshore,03/07/2018,48,1310.946
NGET-EMFIP-AGWS-TS-00217714,Solar generation,Solar,03/07/2018,48,0
NGET-EMFIP-AGWS-TS-00217713,Wind generation,Wind Onshore,03/07/2018,47,1243.083
NGET-EMFIP-AGWS-TS-00217712,Wind generation,Wind Offshore,03/07/2018,47,1199.958
NGET-EMFIP-AGWS-TS-00217711,Solar generation,Solar,03/07/2018,47,0
NGET-EMFIP-AGWS-TS-00217710,Wind generation,Wind Onshore,03/07/2018,46,1268.068
NGET-EMFIP-AGWS-TS-00217709,Wind generation,Wind Offshore,03/07/2018,46,1201.931
NGET-EMFIP-AGWS-TS-00217708,Solar generation,Solar,03/07/2018,46,0
NGET-EMFIP-AGWS-TS-00217707,Wind generation,Wind Onshore,03/07/2018,45,1232.709
NGET-EMFIP-AGWS-TS-00217706,Wind generation,Wind Offshore,03/07/2018,45,1301.074
NGET-EMFIP-AGWS-TS-00217705,Solar generation,Solar,03/07/2018,45,11
NGET-EMFIP-AGWS-TS-00217704,Wind generation,Wind Onshore,03/07/2018,44,1322.36
NGET-EMFIP-AGWS-TS-00217703,Wind generation,Wind Offshore,03/07/2018,44,1251.908
NGET-EMFIP-AGWS-TS-00217702,Solar generation,Solar,03/07/2018,44,6
NGET-EMFIP-AGWS-TS-00217701,Wind generation,Wind Onshore,03/07/2018,43,1338.554
NGET-EMFIP-AGWS-TS-00217700,Wind generation,Wind Offshore,03/07/2018,43,1210.308
NGET-EMFIP-AGWS-TS-00217699,Solar generation,Solar,03/07/2018,43,554
NGET-EMFIP-AGWS-TS-00217686,Wind generation,Wind Onshore,03/07/2018,42,1397.584
NGET-EMFIP-AGWS-TS-00217685,Wind generation,Wind Offshore,03/07/2018,42,1260.065
NGET-EMFIP-AGWS-TS-00217684,Solar generation,Solar,03/07/2018,42,270
NGET-EMFIP-AGWS-TS-00217683,Wind generation,Wind Onshore,03/07/2018,41,1403.534
NGET-EMFIP-AGWS-TS-00217682,Wind generation,Wind Offshore,03/07/2018,41,1195.173
NGET-EMFIP-AGWS-TS-00217681,Solar generation,Solar,03/07/2018,41,623
NGET-EMFIP-AGWS-TS-00217680,Wind generation,Wind Onshore,03/07/2018,40,1473.5
NGET-EMFIP-AGWS-TS-00217679,Wind generation,Wind Offshore,03/07/2018,40,1257.971
NGET-EMFIP-AGWS-TS-00217678,Solar generation,Solar,03/07/2018,40,1110
NGET-EMFIP-AGWS-TS-00217677,Wind generation,Wind Onshore,03/07/2018,39,1492.509
NGET-EMFIP-AGWS-TS-00217676,Wind generation,Wind Offshore,03/07/2018,39,1237.056
NGET-EMFIP-AGWS-TS-00217675,Solar generation,Solar,03/07/2018,39,1630
NGET-EMFIP-AGWS-TS-00217674,Wind generation,Wind Onshore,03/07/2018,38,1518.388
NGET-EMFIP-AGWS-TS-00217673,Wind generation,Wind Offshore,03/07/2018,38,1142.542
NGET-EMFIP-AGWS-TS-00217672,Solar generation,Solar,03/07/2018,38,2170
NGET-EMFIP-AGWS-TS-00217671,Wind generation,Wind Onshore,03/07/2018,37,1541.727
NGET-EMFIP-AGWS-TS-00217670,Wind generation,Wind Offshore,03/07/2018,37,1120.484
NGET-EMFIP-AGWS-TS-00217669,Solar generation,Solar,03/07/2018,37,2850
NGET-EMFIP-AGWS-TS-00217668,Wind generation,Wind Onshore,03/07/2018,36,1562.497
NGET-EMFIP-AGWS-TS-00217667,Wind generation,Wind Offshore,03/07/2018,36,1113.713
NGET-EMFIP-AGWS-TS-00217666,Solar generation,Solar,03/07/2018,36,3680
NGET-EMFIP-AGWS-TS-00217665,Wind generation,Wind Onshore,03/07/2018,35,1558.474
NGET-EMFIP-AGWS-TS-00217664,Wind generation,Wind Offshore,03/07/2018,35,1086.669
NGET-EMFIP-AGWS-TS-00217663,Solar generation,Solar,03/07/2018,35,4560
NGET-EMFIP-AGWS-TS-00217662,Wind generation,Wind Onshore,03/07/2018,34,1599.794
NGET-EMFIP-AGWS-TS-00217661,Wind generation,Wind Offshore,03/07/2018,34,1116.723
NGET-EMFIP-AGWS-TS-00217660,Solar generation,Solar,03/07/2018,34,5270
NGET-EMFIP-AGWS-TS-00217659,Wind generation,Wind Onshore,03/07/2018,33,1604.245
NGET-EMFIP-AGWS-TS-00217658,Wind generation,Wind Offshore,03/07/2018,33,1208.551
NGET-EMFIP-AGWS-TS-00217657,Solar generation,Solar,03/07/2018,33,5970
NGET-EMFIP-AGWS-TS-00217656,Wind generation,Wind Onshore,03/07/2018,32,1627.03
NGET-EMFIP-AGWS-TS-00217655,Wind generation,Wind Offshore,03/07/2018,32,1196.178
NGET-EMFIP-AGWS-TS-00217654,Solar generation,Solar,03/07/2018,32,6540
NGET-EMFIP-AGWS-TS-00217653,Wind generation,Wind Onshore,03/07/2018,31,1621.895
NGET-EMFIP-AGWS-TS-00217652,Wind generation,Wind Offshore,03/07/2018,31,1141.453
NGET-EMFIP-AGWS-TS-00217651,Solar generation,Solar,03/07/2018,31,7100
NGET-EMFIP-AGWS-TS-00217650,Wind generation,Wind Onshore,03/07/2018,30,1579.146
NGET-EMFIP-AGWS-TS-00217649,Wind generation,Wind Offshore,03/07/2018,30,1081.701
NGET-EMFIP-AGWS-TS-00217648,Solar generation,Solar,03/07/2018,30,7480
NGET-EMFIP-AGWS-TS-00217647,Wind generation,Wind Onshore,03/07/2018,29,1510.037
NGET-EMFIP-AGWS-TS-00217646,Wind generation,Wind Offshore,03/07/2018,29,1011.866
NGET-EMFIP-AGWS-TS-00217645,Solar generation,Solar,03/07/2018,29,7678
NGET-EMFIP-AGWS-TS-00217644,Wind generation,Wind Onshore,03/07/2018,28,1524.446
NGET-EMFIP-AGWS-TS-00217643,Wind generation,Wind Offshore,03/07/2018,28,1115.751
NGET-EMFIP-AGWS-TS-00217642,Solar generation,Solar,03/07/2018,28,8020
NGET-EMFIP-AGWS-TS-00217641,Wind generation,Wind Onshore,03/07/2018,27,1505.618
NGET-EMFIP-AGWS-TS-00217640,Wind generation,Wind Offshore,03/07/2018,27,1244.123
NGET-EMFIP-AGWS-TS-00217639,Solar generation,Solar,03/07/2018,27,8090
NGET-EMFIP-AGWS-TS-00217638,Wind generation,Wind Onshore,03/07/2018,26,1492.362
NGET-EMFIP-AGWS-TS-00217637,Wind generation,Wind Offshore,03/07/2018,26,1270.403
NGET-EMFIP-AGWS-TS-00217636,Solar generation,Solar,03/07/2018,26,8160
NGET-EMFIP-AGWS-TS-00217635,Wind generation,Wind Onshore,03/07/2018,25,1477.822
NGET-EMFIP-AGWS-TS-00217634,Wind generation,Wind Offshore,03/07/2018,25,1188.427
NGET-EMFIP-AGWS-TS-00217633,Solar generation,Solar,03/07/2018,25,8120
NGET-EMFIP-AGWS-TS-00217632,Wind generation,Wind Onshore,03/07/2018,24,1437.055
NGET-EMFIP-AGWS-TS-00217631,Wind generation,Wind Offshore,03/07/2018,24,1104.229
NGET-EMFIP-AGWS-TS-00217630,Solar generation,Solar,03/07/2018,24,7910
NGET-EMFIP-AGWS-TS-00217629,Wind generation,Wind Onshore,03/07/2018,23,1477.286
NGET-EMFIP-AGWS-TS-00217628,Wind generation,Wind Offshore,03/07/2018,23,1230.153
NGET-EMFIP-AGWS-TS-00217627,Solar generation,Solar,03/07/2018,23,7520
NGET-EMFIP-AGWS-TS-00217626,Wind generation,Wind Onshore,03/07/2018,22,1490.555
NGET-EMFIP-AGWS-TS-00217625,Wind generation,Wind Offshore,03/07/2018,22,1318.389
NGET-EMFIP-AGWS-TS-00217624,Solar generation,Solar,03/07/2018,22,6860
NGET-EMFIP-AGWS-TS-00217626,Wind generation,Wind Onshore,03/07/2018,,1453.967
NGET-EMFIP-AGWS-TS-00217625,Wind generation,Wind Offshore,03/07/2018,,1415.76
NGET-EMFIP-AGWS-TS-00217624,Solar generation,Solar,03/07/2018,,6210
NGET-EMFIP-AGWS-TS-00217620,Wind generation,Wind Onshore,03/07/2018,20,1417.379
NGET-EMFIP-AGWS-TS-00217619,Wind generation,Wind Offshore,03/07/2018,20,1513.131
NGET-EMFIP-AGWS-TS-00217618,Solar generation,Solar,03/07/2018,20,5560
NGET-EMFIP-AGWS-TS-00217617,Wind generation,Wind Onshore,03/07/2018,19,1423.146
NGET-EMFIP-AGWS-TS-00217616,Wind generation,Wind Offshore,03/07/2018,19,1539.741
NGET-EMFIP-AGWS-TS-00217615,Solar generation,Solar,03/07/2018,19,4620
NGET-EMFIP-AGWS-TS-00217614,Wind generation,Wind Onshore,03/07/2018,18,1416.54
NGET-EMFIP-AGWS-TS-00217613,Wind generation,Wind Offshore,03/07/2018,18,1562.152
NGET-EMFIP-AGWS-TS-00217612,Solar generation,Solar,03/07/2018,18,4120
NGET-EMFIP-AGWS-TS-00217611,Wind generation,Wind Onshore,03/07/2018,17,1405.261
NGET-EMFIP-AGWS-TS-00217610,Wind generation,Wind Offshore,03/07/2018,17,1589.883
NGET-EMFIP-AGWS-TS-00217609,Solar generation,Solar,03/07/2018,17,3060
NGET-EMFIP-AGWS-TS-00217608,Wind generation,Wind Onshore,03/07/2018,16,1378.826
NGET-EMFIP-AGWS-TS-00217607,Wind generation,Wind Offshore,03/07/2018,16,1718.248
NGET-EMFIP-AGWS-TS-00217606,Solar generation,Solar,03/07/2018,16,2320
NGET-EMFIP-AGWS-TS-00217605,Wind generation,Wind Onshore,03/07/2018,15,1424.657
NGET-EMFIP-AGWS-TS-00217604,Wind generation,Wind Offshore,03/07/2018,15,1708.276
NGET-EMFIP-AGWS-TS-00217603,Solar generation,Solar,03/07/2018,15,1620
NGET-EMFIP-AGWS-TS-00217602,Wind generation,Wind Onshore,03/07/2018,14,1435.505
NGET-EMFIP-AGWS-TS-00217601,Wind generation,Wind Offshore,03/07/2018,14,1754.447
NGET-EMFIP-AGWS-TS-00217600,Solar generation,Solar,03/07/2018,14,1050
NGET-EMFIP-AGWS-TS-00217599,Wind generation,Wind Onshore,03/07/2018,13,1442.686
NGET-EMFIP-AGWS-TS-00217598,Wind generation,Wind Offshore,03/07/2018,13,1805.963
NGET-EMFIP-AGWS-TS-00217597,Solar generation,Solar,03/07/2018,13,619
NGET-EMFIP-AGWS-TS-00217596,Wind generation,Wind Onshore,03/07/2018,12,1478.398
NGET-EMFIP-AGWS-TS-00217595,Wind generation,Wind Offshore,03/07/2018,12,1941.22
NGET-EMFIP-AGWS-TS-00217594,Solar generation,Solar,03/07/2018,12,282
NGET-EMFIP-AGWS-TS-00217593,Wind generation,Wind Onshore,03/07/2018,11,1508.877
NGET-EMFIP-AGWS-TS-00217592,Wind generation,Wind Offshore,03/07/2018,11,2061.926
NGET-EMFIP-AGWS-TS-00217591,Solar generation,Solar,03/07/2018,11,62
NGET-EMFIP-AGWS-TS-00217590,Wind generation,Wind Onshore,03/07/2018,10,1504.536
NGET-EMFIP-AGWS-TS-00217589,Wind generation,Wind Offshore,03/07/2018,10,2175.904
NGET-EMFIP-AGWS-TS-00217588,Solar generation,Solar,03/07/2018,10,2
NGET-EMFIP-AGWS-TS-00217587,Wind generation,Wind Onshore,03/07/2018,9,1478.591
NGET-EMFIP-AGWS-TS-00217586,Wind generation,Wind Offshore,03/07/2018,9,2249.436
NGET-EMFIP-AGWS-TS-00217585,Solar generation,Solar,03/07/2018,9,1
NGET-EMFIP-AGWS-TS-00217584,Wind generation,Wind Onshore,03/07/2018,8,1528.438
NGET-EMFIP-AGWS-TS-00217583,Wind generation,Wind Offshore,03/07/2018,8,2258.876
NGET-EMFIP-AGWS-TS-00217582,Solar generation,Solar,03/07/2018,8,1
NGET-EMFIP-AGWS-TS-00217581,Wind generation,Wind Onshore,03/07/2018,7,1560.439
NGET-EMFIP-AGWS-TS-00217580,Wind generation,Wind Offshore,03/07/2018,7,2384.043
NGET-EMFIP-AGWS-TS-00217579,Solar generation,Solar,03/07/2018,7,0
NGET-EMFIP-AGWS-TS-00217574,Wind generation,Wind Onshore,03/07/2018,6,1621.144
NGET-EMFIP-AGWS-TS-00217573,Wind generation,Wind Offshore,03/07/2018,6,2310.996
NGET-EMFIP-AGWS-TS-00217572,Solar generation,Solar,03/07/2018,6,2
NGET-EMFIP-AGWS-TS-00217571,Wind generation,Wind Onshore,03/07/2018,5,1633.568
NGET-EMFIP-AGWS-TS-00217570,Wind generation,Wind Offshore,03/07/2018,5,2245.769
NGET-EMFIP-AGWS-TS-00217569,Solar generation,Solar,03/07/2018,5,0
NGET-EMFIP-AGWS-TS-00217568,Wind generation,Wind Onshore,03/07/2018,4,1700.253
NGET-EMFIP-AGWS-TS-00217567,Wind generation,Wind Offshore,03/07/2018,4,2242.21
NGET-EMFIP-AGWS-TS-00217566,Solar generation,Solar,03/07/2018,4,0
NGET-EMFIP-AGWS-TS-00217565,Wind generation,Wind Onshore,03/07/2018,3,1694.114
NGET-EMFIP-AGWS-TS-00217564,Wind generation,Wind Offshore,03/07/2018,3,2350.78
NGET-EMFIP-AGWS-TS-00217563,Solar generation,Solar,03/07/2018,3,0
NGET-EMFIP-AGWS-TS-00217562,Wind generation,Wind Onshore,03/07/2018,2,1730.133
NGET-EMFIP-AGWS-TS-00217561,Wind generation,Wind Offshore,03/07/2018,2,2408.494
NGET-EMFIP-AGWS-TS-00217560,Solar generation,Solar,03/07/2018,2,0
NGET-EMFIP-AGWS-TS-00217559,Wind generation,Wind Onshore,03/07/2018,1,1776.478
NGET-EMFIP-AGWS-TS-00217558,Wind generation,Wind Offshore,03/07/2018,1,2415.828
NGET-EMFIP-AGWS-TS-00217557,Solar generation,Solar,03/07/2018,1,0
