Actual Or Estimated Wind And Solar Power Generation (B1630)
Time Series ID,Business Type,PSR Type,Settlement  Date,Settlement Period,Quantity (MW)
NGET-EMFIP-AGWS-TS-00219246,Wind generation,"Wind Onshore",2018-07-12,48,451.187
NGET-EMFIP-AGWS-TS-00219245,Wind generation,"Wind Offshore",2018-07-12,48,428.561
NGET-EMFIP-AGWS-TS-00219244,Solar generation,"Solar",2018-07-12,48,0
NGET-EMFIP-AGWS-TS-00219243,Wind generation,"Wind Onshore",2018-07-12,47,474.293
NGET-EMFIP-AGWS-TS-00219242,Wind generation,"Wind Offshore",2018-07-12,47,387.095
NGET-EMFIP-AGWS-TS-00219241,Solar generation,"Solar",2018-07-12,47,0
NGET-EMFIP-AGWS-TS-00219240,Wind generation,"Wind Onshore",2018-07-12,46,514.692
NGET-EMFIP-AGWS-TS-00219239,Wind generation,"Wind Offshore",2018-07-12,46,383.463
NGET-EMFIP-AGWS-TS-00219238,Solar generation,"Solar",2018-07-12,46,0
NGET-EMFIP-AGWS-TS-00219237,Wind generation,"Wind Onshore",2018-07-12,45,512.153
NGET-EMFIP-AGWS-TS-00219236,Wind generation,"Wind Offshore",2018-07-12,45,369.219
NGET-EMFIP-AGWS-TS-00219235,Solar generation,"Solar",2018-07-12,45,7
NGET-EMFIP-AGWS-TS-00219234,Wind generation,"Wind Onshore",2018-07-12,44,535.128
NGET-EMFIP-AGWS-TS-00219233,Wind generation,"Wind Offshore",2018-07-12,44,391.67
NGET-EMFIP-AGWS-TS-00219232,Solar generation,"Solar",2018-07-12,44,7
NGET-EMFIP-AGWS-TS-00219231,Wind generation,"Wind Onshore",2018-07-12,43,515.832
NGET-EMFIP-AGWS-TS-00219230,Wind generation,"Wind Offshore",2018-07-12,43,372.766
NGET-EMFIP-AGWS-TS-00219229,Solar generation,"Solar",2018-07-12,43,13
NGET-EMFIP-AGWS-TS-00219228,Wind generation,"Wind Onshore",2018-07-12,42,537.321
NGET-EMFIP-AGWS-TS-00219227,Wind generation,"Wind Offshore",2018-07-12,42,349.305
NGET-EMFIP-AGWS-TS-00219226,Solar generation,"Solar",2018-07-12,42,127
NGET-EMFIP-AGWS-TS-00219225,Wind generation,"Wind Onshore",2018-07-12,41,510.555
NGET-EMFIP-AGWS-TS-00219224,Wind generation,"Wind Offshore",2018-07-12,41,339.868
NGET-EMFIP-AGWS-TS-00219223,Solar generation,"Solar",2018-07-12,41,376
NGET-EMFIP-AGWS-TS-00219222,Wind generation,"Wind Onshore",2018-07-12,40,548.026
NGET-EMFIP-AGWS-TS-00219221,Wind generation,"Wind Offshore",2018-07-12,40,327.946
NGET-EMFIP-AGWS-TS-00219220,Solar generation,"Solar",2018-07-12,40,728
NGET-EMFIP-AGWS-TS-00219219,Wind generation,"Wind Onshore",2018-07-12,39,559.963
NGET-EMFIP-AGWS-TS-00219218,Wind generation,"Wind Offshore",2018-07-12,39,335.93
NGET-EMFIP-AGWS-TS-00219217,Solar generation,"Solar",2018-07-12,39,1110
NGET-EMFIP-AGWS-TS-00219216,Wind generation,"Wind Onshore",2018-07-12,38,582.524
NGET-EMFIP-AGWS-TS-00219215,Wind generation,"Wind Offshore",2018-07-12,38,350.318
NGET-EMFIP-AGWS-TS-00219214,Solar generation,"Solar",2018-07-12,38,1670
NGET-EMFIP-AGWS-TS-00219213,Wind generation,"Wind Onshore",2018-07-12,37,583.847
NGET-EMFIP-AGWS-TS-00219212,Wind generation,"Wind Offshore",2018-07-12,37,301.426
NGET-EMFIP-AGWS-TS-00219211,Solar generation,"Solar",2018-07-12,37,2260
NGET-EMFIP-AGWS-TS-00219210,Wind generation,"Wind Onshore",2018-07-12,36,559.887
NGET-EMFIP-AGWS-TS-00219209,Wind generation,"Wind Offshore",2018-07-12,36,236.538
NGET-EMFIP-AGWS-TS-00219208,Solar generation,"Solar",2018-07-12,36,2810
NGET-EMFIP-AGWS-TS-00219207,Wind generation,"Wind Onshore",2018-07-12,35,540.848
NGET-EMFIP-AGWS-TS-00219206,Wind generation,"Wind Offshore",2018-07-12,35,210.902
NGET-EMFIP-AGWS-TS-00219205,Solar generation,"Solar",2018-07-12,35,3330
NGET-EMFIP-AGWS-TS-00219204,Wind generation,"Wind Onshore",2018-07-12,34,551.468
NGET-EMFIP-AGWS-TS-00219203,Wind generation,"Wind Offshore",2018-07-12,34,215.29
NGET-EMFIP-AGWS-TS-00219202,Solar generation,"Solar",2018-07-12,34,3890
NGET-EMFIP-AGWS-TS-00219201,Wind generation,"Wind Onshore",2018-07-12,33,550.984
NGET-EMFIP-AGWS-TS-00219200,Wind generation,"Wind Offshore",2018-07-12,33,221.756
NGET-EMFIP-AGWS-TS-00219199,Solar generation,"Solar",2018-07-12,33,4420
NGET-EMFIP-AGWS-TS-00219188,Wind generation,"Wind Onshore",2018-07-12,32,531.503
NGET-EMFIP-AGWS-TS-00219187,Wind generation,"Wind Offshore",2018-07-12,32,202.891
NGET-EMFIP-AGWS-TS-00219186,Solar generation,"Solar",2018-07-12,32,4960
NGET-EMFIP-AGWS-TS-00219185,Wind generation,"Wind Onshore",2018-07-12,31,536.915
NGET-EMFIP-AGWS-TS-00219184,Wind generation,"Wind Offshore",2018-07-12,31,211.817
NGET-EMFIP-AGWS-TS-00219183,Solar generation,"Solar",2018-07-12,31,5250
NGET-EMFIP-AGWS-TS-00219182,Wind generation,"Wind Onshore",2018-07-12,30,511.352
NGET-EMFIP-AGWS-TS-00219181,Wind generation,"Wind Offshore",2018-07-12,30,203.631
NGET-EMFIP-AGWS-TS-00219180,Solar generation,"Solar",2018-07-12,30,5670
NGET-EMFIP-AGWS-TS-00219179,Wind generation,"Wind Onshore",2018-07-12,29,500.512
NGET-EMFIP-AGWS-TS-00219178,Wind generation,"Wind Offshore",2018-07-12,29,207.195
NGET-EMFIP-AGWS-TS-00219177,Solar generation,"Solar",2018-07-12,29,6444
NGET-EMFIP-AGWS-TS-00219176,Wind generation,"Wind Onshore",2018-07-12,28,494.716
NGET-EMFIP-AGWS-TS-00219175,Wind generation,"Wind Offshore",2018-07-12,28,206.276
NGET-EMFIP-AGWS-TS-00219174,Solar generation,"Solar",2018-07-12,28,6030
NGET-EMFIP-AGWS-TS-00219173,Wind generation,"Wind Onshore",2018-07-12,27,488.37
NGET-EMFIP-AGWS-TS-00219172,Wind generation,"Wind Offshore",2018-07-12,27,228.672
NGET-EMFIP-AGWS-TS-00219171,Solar generation,"Solar",2018-07-12,27,6040
NGET-EMFIP-AGWS-TS-00219170,Wind generation,"Wind Onshore",2018-07-12,26,477.474
NGET-EMFIP-AGWS-TS-00219169,Wind generation,"Wind Offshore",2018-07-12,26,237.19
NGET-EMFIP-AGWS-TS-00219168,Solar generation,"Solar",2018-07-12,26,5730
NGET-EMFIP-AGWS-TS-00219167,Wind generation,"Wind Onshore",2018-07-12,25,472.159
NGET-EMFIP-AGWS-TS-00219166,Wind generation,"Wind Offshore",2018-07-12,25,240.264
NGET-EMFIP-AGWS-TS-00219165,Solar generation,"Solar",2018-07-12,25,5430
NGET-EMFIP-AGWS-TS-00219164,Wind generation,"Wind Onshore",2018-07-12,24,491.866
NGET-EMFIP-AGWS-TS-00219163,Wind generation,"Wind Offshore",2018-07-12,24,282.364
NGET-EMFIP-AGWS-TS-00219162,Solar generation,"Solar",2018-07-12,24,5090
NGET-EMFIP-AGWS-TS-00219161,Wind generation,"Wind Onshore",2018-07-12,23,476.27
NGET-EMFIP-AGWS-TS-00219160,Wind generation,"Wind Offshore",2018-07-12,23,307.713
NGET-EMFIP-AGWS-TS-00219159,Solar generation,"Solar",2018-07-12,23,4590
NGET-EMFIP-AGWS-TS-00219156,Wind generation,"Wind Onshore",2018-07-12,22,498.363
NGET-EMFIP-AGWS-TS-00219155,Wind generation,"Wind Offshore",2018-07-12,22,336.365
NGET-EMFIP-AGWS-TS-00219154,Solar generation,"Solar",2018-07-12,22,3780
NGET-EMFIP-AGWS-TS-00219153,Wind generation,"Wind Onshore",2018-07-12,21,477.077
NGET-EMFIP-AGWS-TS-00219152,Wind generation,"Wind Offshore",2018-07-12,21,347.479
NGET-EMFIP-AGWS-TS-00219151,Solar generation,"Solar",2018-07-12,21,3110
NGET-EMFIP-AGWS-TS-00219150,Wind generation,"Wind Onshore",2018-07-12,20,495.17
NGET-EMFIP-AGWS-TS-00219149,Wind generation,"Wind Offshore",2018-07-12,20,394.527
NGET-EMFIP-AGWS-TS-00219148,Solar generation,"Solar",2018-07-12,20,2610
NGET-EMFIP-AGWS-TS-00219147,Wind generation,"Wind Onshore",2018-07-12,19,486.221
NGET-EMFIP-AGWS-TS-00219146,Wind generation,"Wind Offshore",2018-07-12,19,415.705
NGET-EMFIP-AGWS-TS-00219145,Solar generation,"Solar",2018-07-12,19,2170
NGET-EMFIP-AGWS-TS-00219144,Wind generation,"Wind Onshore",2018-07-12,18,505.349
NGET-EMFIP-AGWS-TS-00219143,Wind generation,"Wind Offshore",2018-07-12,18,454.783
NGET-EMFIP-AGWS-TS-00219142,Solar generation,"Solar",2018-07-12,18,1790
NGET-EMFIP-AGWS-TS-00219141,Wind generation,"Wind Onshore",2018-07-12,17,506.453
NGET-EMFIP-AGWS-TS-00219140,Wind generation,"Wind Offshore",2018-07-12,17,503.942
NGET-EMFIP-AGWS-TS-00219139,Solar generation,"Solar",2018-07-12,17,1216
NGET-EMFIP-AGWS-TS-00219128,Wind generation,"Wind Onshore",2018-07-12,16,463.516
NGET-EMFIP-AGWS-TS-00219127,Wind generation,"Wind Offshore",2018-07-12,16,498.018
NGET-EMFIP-AGWS-TS-00219126,Solar generation,"Solar",2018-07-12,16,1040
NGET-EMFIP-AGWS-TS-00219125,Wind generation,"Wind Onshore",2018-07-12,15,463.031
NGET-EMFIP-AGWS-TS-00219124,Wind generation,"Wind Offshore",2018-07-12,15,455.29
NGET-EMFIP-AGWS-TS-00219123,Solar generation,"Solar",2018-07-12,15,727
NGET-EMFIP-AGWS-TS-00219122,Wind generation,"Wind Onshore",2018-07-12,14,471.28
NGET-EMFIP-AGWS-TS-00219121,Wind generation,"Wind Offshore",2018-07-12,14,455.917
NGET-EMFIP-AGWS-TS-00219120,Solar generation,"Solar",2018-07-12,14,451
NGET-EMFIP-AGWS-TS-00219119,Wind generation,"Wind Onshore",2018-07-12,13,464.585
NGET-EMFIP-AGWS-TS-00219118,Wind generation,"Wind Offshore",2018-07-12,13,473.297
NGET-EMFIP-AGWS-TS-00219117,Solar generation,"Solar",2018-07-12,13,234
NGET-EMFIP-AGWS-TS-00219116,Wind generation,"Wind Onshore",2018-07-12,12,495.551
NGET-EMFIP-AGWS-TS-00219115,Wind generation,"Wind Offshore",2018-07-12,12,480.621
NGET-EMFIP-AGWS-TS-00219114,Solar generation,"Solar",2018-07-12,12,72
NGET-EMFIP-AGWS-TS-00219113,Wind generation,"Wind Onshore",2018-07-12,11,510.825
NGET-EMFIP-AGWS-TS-00219112,Wind generation,"Wind Offshore",2018-07-12,11,498.394
NGET-EMFIP-AGWS-TS-00219111,Solar generation,"Solar",2018-07-12,11,7
NGET-EMFIP-AGWS-TS-00219110,Wind generation,"Wind Onshore",2018-07-12,10,501.685
NGET-EMFIP-AGWS-TS-00219109,Wind generation,"Wind Offshore",2018-07-12,10,486.977
NGET-EMFIP-AGWS-TS-00219108,Solar generation,"Solar",2018-07-12,10,1
NGET-EMFIP-AGWS-TS-00219107,Wind generation,"Wind Onshore",2018-07-12,9,515.833
NGET-EMFIP-AGWS-TS-00219106,Wind generation,"Wind Offshore",2018-07-12,9,466.3
NGET-EMFIP-AGWS-TS-00219105,Solar generation,"Solar",2018-07-12,9,1
NGET-EMFIP-AGWS-TS-00219104,Wind generation,"Wind Onshore",2018-07-12,8,540.745
NGET-EMFIP-AGWS-TS-00219103,Wind generation,"Wind Offshore",2018-07-12,8,465.641
NGET-EMFIP-AGWS-TS-00219102,Solar generation,"Solar",2018-07-12,8,0
NGET-EMFIP-AGWS-TS-00219101,Wind generation,"Wind Onshore",2018-07-12,7,557.402
NGET-EMFIP-AGWS-TS-00219100,Wind generation,"Wind Offshore",2018-07-12,7,478.551
NGET-EMFIP-AGWS-TS-00219099,Solar generation,"Solar",2018-07-12,7,1
NGET-EMFIP-AGWS-TS-00219084,Wind generation,"Wind Onshore",2018-07-12,6,522.875
NGET-EMFIP-AGWS-TS-00219083,Wind generation,"Wind Offshore",2018-07-12,6,462.422
NGET-EMFIP-AGWS-TS-00219082,Solar generation,"Solar",2018-07-12,6,1
NGET-EMFIP-AGWS-TS-00219081,Wind generation,"Wind Onshore",2018-07-12,5,542.725
NGET-EMFIP-AGWS-TS-00219080,Wind generation,"Wind Offshore",2018-07-12,5,484.833
NGET-EMFIP-AGWS-TS-00219079,Solar generation,"Solar",2018-07-12,5,0
NGET-EMFIP-AGWS-TS-00219078,Wind generation,"Wind Onshore",2018-07-12,4,564.367
NGET-EMFIP-AGWS-TS-00219077,Wind generation,"Wind Offshore",2018-07-12,4,477.24
NGET-EMFIP-AGWS-TS-00219076,Solar generation,"Solar",2018-07-12,4,0
NGET-EMFIP-AGWS-TS-00219075,Wind generation,"Wind Onshore",2018-07-12,3,586.84
NGET-EMFIP-AGWS-TS-00219074,Wind generation,"Wind Offshore",2018-07-12,3,540.416
NGET-EMFIP-AGWS-TS-00219073,Solar generation,"Solar",2018-07-12,3,0
NGET-EMFIP-AGWS-TS-00219072,Wind generation,"Wind Onshore",2018-07-12,2,605.674
NGET-EMFIP-AGWS-TS-00219071,Wind generation,"Wind Offshore",2018-07-12,2,541.491
NGET-EMFIP-AGWS-TS-00219070,Solar generation,"Solar",2018-07-12,2,0
NGET-EMFIP-AGWS-TS-00219069,Wind generation,"Wind Onshore",2018-07-12,1,613.396
NGET-EMFIP-AGWS-TS-00219068,Wind generation,"Wind Offshore",2018-07-12,1,537.669
NGET-EMFIP-AGWS-TS-00219067,Solar generation,"Solar",2018-07-12,1,0