Actual Or Estimated Wind And Solar Power Generation (B1630)
Time Series ID,Business Type,PSR Type,Settlement  Date,Settlement Period,Quantity (MW)
NGET-EMFIP-AGWS-TS-00209253,Wind generation,"Wind Onshore",2018-05-14,48,991.51
NGET-EMFIP-AGWS-TS-00209252,Wind generation,"Wind Offshore",2018-05-14,48,1761.795
NGET-EMFIP-AGWS-TS-00209251,Solar generation,"Solar",2018-05-14,48,0
NGET-EMFIP-AGWS-TS-00209250,Wind generation,"Wind Onshore",2018-05-14,47,1029.55
NGET-EMFIP-AGWS-TS-00209249,Wind generation,"Wind Offshore",2018-05-14,47,1888.654
NGET-EMFIP-AGWS-TS-00209248,Solar generation,"Solar",2018-05-14,47,0
NGET-EMFIP-AGWS-TS-00209247,Wind generation,"Wind Onshore",2018-05-14,46,1072.225
NGET-EMFIP-AGWS-TS-00209246,Wind generation,"Wind Offshore",2018-05-14,46,1972.575
NGET-EMFIP-AGWS-TS-00209245,Solar generation,"Solar",2018-05-14,46,0
NGET-EMFIP-AGWS-TS-00209244,Wind generation,"Wind Onshore",2018-05-14,45,1099.799
NGET-EMFIP-AGWS-TS-00209243,Wind generation,"Wind Offshore",2018-05-14,45,1936.696
NGET-EMFIP-AGWS-TS-00209242,Solar generation,"Solar",2018-05-14,45,1
NGET-EMFIP-AGWS-TS-00209241,Wind generation,"Wind Onshore",2018-05-14,44,1141.989
NGET-EMFIP-AGWS-TS-00209240,Wind generation,"Wind Offshore",2018-05-14,44,2061.189
NGET-EMFIP-AGWS-TS-00209239,Solar generation,"Solar",2018-05-14,44,9
NGET-EMFIP-AGWS-TS-00209229,Wind generation,"Wind Onshore",2018-05-14,43,1128.241
NGET-EMFIP-AGWS-TS-00209228,Wind generation,"Wind Offshore",2018-05-14,43,2102.682
NGET-EMFIP-AGWS-TS-00209227,Solar generation,"Solar",2018-05-14,43,278
NGET-EMFIP-AGWS-TS-00209226,Wind generation,"Wind Onshore",2018-05-14,42,1205.642
NGET-EMFIP-AGWS-TS-00209225,Wind generation,"Wind Offshore",2018-05-14,42,2266.737
NGET-EMFIP-AGWS-TS-00209224,Solar generation,"Solar",2018-05-14,42,39
NGET-EMFIP-AGWS-TS-00209223,Wind generation,"Wind Onshore",2018-05-14,41,1232.362
NGET-EMFIP-AGWS-TS-00209222,Wind generation,"Wind Offshore",2018-05-14,41,2432.585
NGET-EMFIP-AGWS-TS-00209221,Solar generation,"Solar",2018-05-14,41,300
NGET-EMFIP-AGWS-TS-00209220,Wind generation,"Wind Onshore",2018-05-14,40,1342.737
NGET-EMFIP-AGWS-TS-00209219,Wind generation,"Wind Offshore",2018-05-14,40,2507.585
NGET-EMFIP-AGWS-TS-00209218,Solar generation,"Solar",2018-05-14,40,782
NGET-EMFIP-AGWS-TS-00209217,Wind generation,"Wind Onshore",2018-05-14,39,1376.318
NGET-EMFIP-AGWS-TS-00209216,Wind generation,"Wind Offshore",2018-05-14,39,2600.986
NGET-EMFIP-AGWS-TS-00209215,Solar generation,"Solar",2018-05-14,39,1390
NGET-EMFIP-AGWS-TS-00209214,Wind generation,"Wind Onshore",2018-05-14,38,1525.992
NGET-EMFIP-AGWS-TS-00209213,Wind generation,"Wind Offshore",2018-05-14,38,2600.167
NGET-EMFIP-AGWS-TS-00209212,Solar generation,"Solar",2018-05-14,38,2100
NGET-EMFIP-AGWS-TS-00209211,Wind generation,"Wind Onshore",2018-05-14,37,1582.82
NGET-EMFIP-AGWS-TS-00209210,Wind generation,"Wind Offshore",2018-05-14,37,2575.782
NGET-EMFIP-AGWS-TS-00209209,Solar generation,"Solar",2018-05-14,37,2850
NGET-EMFIP-AGWS-TS-00209208,Wind generation,"Wind Onshore",2018-05-14,36,1581.614
NGET-EMFIP-AGWS-TS-00209207,Wind generation,"Wind Offshore",2018-05-14,36,2367.687
NGET-EMFIP-AGWS-TS-00209206,Solar generation,"Solar",2018-05-14,36,3670
NGET-EMFIP-AGWS-TS-00209205,Wind generation,"Wind Onshore",2018-05-14,35,1587.331
NGET-EMFIP-AGWS-TS-00209204,Wind generation,"Wind Offshore",2018-05-14,35,2288.111
NGET-EMFIP-AGWS-TS-00209203,Solar generation,"Solar",2018-05-14,35,4520
NGET-EMFIP-AGWS-TS-00209202,Wind generation,"Wind Onshore",2018-05-14,34,1520.786
NGET-EMFIP-AGWS-TS-00209201,Wind generation,"Wind Offshore",2018-05-14,34,2179.395
NGET-EMFIP-AGWS-TS-00209200,Solar generation,"Solar",2018-05-14,34,5440
NGET-EMFIP-AGWS-TS-00209199,Wind generation,"Wind Onshore",2018-05-14,33,1510.321
NGET-EMFIP-AGWS-TS-00209198,Wind generation,"Wind Offshore",2018-05-14,33,2155.236
NGET-EMFIP-AGWS-TS-00209197,Solar generation,"Solar",2018-05-14,33,6200
NGET-EMFIP-AGWS-TS-00209196,Wind generation,"Wind Onshore",2018-05-14,32,1432.054
NGET-EMFIP-AGWS-TS-00209195,Wind generation,"Wind Offshore",2018-05-14,32,1985.563
NGET-EMFIP-AGWS-TS-00209194,Solar generation,"Solar",2018-05-14,32,6920
NGET-EMFIP-AGWS-TS-00209193,Wind generation,"Wind Onshore",2018-05-14,31,1393.18
NGET-EMFIP-AGWS-TS-00209192,Wind generation,"Wind Offshore",2018-05-14,31,1979.638
NGET-EMFIP-AGWS-TS-00209191,Solar generation,"Solar",2018-05-14,31,7400
NGET-EMFIP-AGWS-TS-00209190,Wind generation,"Wind Onshore",2018-05-14,30,1328.233
NGET-EMFIP-AGWS-TS-00209189,Wind generation,"Wind Offshore",2018-05-14,30,1943.22
NGET-EMFIP-AGWS-TS-00209188,Solar generation,"Solar",2018-05-14,30,7870
NGET-EMFIP-AGWS-TS-00209187,Wind generation,"Wind Onshore",2018-05-14,29,1357.261
NGET-EMFIP-AGWS-TS-00209186,Wind generation,"Wind Offshore",2018-05-14,29,1958.823
NGET-EMFIP-AGWS-TS-00209185,Solar generation,"Solar",2018-05-14,29,8698
NGET-EMFIP-AGWS-TS-00209184,Wind generation,"Wind Onshore",2018-05-14,28,1307.823
NGET-EMFIP-AGWS-TS-00209183,Wind generation,"Wind Offshore",2018-05-14,28,1923.339
NGET-EMFIP-AGWS-TS-00209182,Solar generation,"Solar",2018-05-14,28,8650
NGET-EMFIP-AGWS-TS-00209181,Wind generation,"Wind Onshore",2018-05-14,27,1314.055
NGET-EMFIP-AGWS-TS-00209180,Wind generation,"Wind Offshore",2018-05-14,27,2098.81
NGET-EMFIP-AGWS-TS-00209179,Solar generation,"Solar",2018-05-14,27,8860
NGET-EMFIP-AGWS-TS-00209162,Wind generation,"Wind Onshore",2018-05-14,26,1288.651
NGET-EMFIP-AGWS-TS-00209161,Wind generation,"Wind Offshore",2018-05-14,26,2143.333
NGET-EMFIP-AGWS-TS-00209160,Solar generation,"Solar",2018-05-14,26,8830
NGET-EMFIP-AGWS-TS-00209159,Wind generation,"Wind Onshore",2018-05-14,25,1307.289
NGET-EMFIP-AGWS-TS-00209158,Wind generation,"Wind Offshore",2018-05-14,25,2211.383
NGET-EMFIP-AGWS-TS-00209157,Solar generation,"Solar",2018-05-14,25,8650
NGET-EMFIP-AGWS-TS-00209156,Wind generation,"Wind Onshore",2018-05-14,24,1263.379
NGET-EMFIP-AGWS-TS-00209155,Wind generation,"Wind Offshore",2018-05-14,24,2164.9
NGET-EMFIP-AGWS-TS-00209154,Solar generation,"Solar",2018-05-14,24,8350
NGET-EMFIP-AGWS-TS-00209153,Wind generation,"Wind Onshore",2018-05-14,23,1301.971
NGET-EMFIP-AGWS-TS-00209152,Wind generation,"Wind Offshore",2018-05-14,23,2177.324
NGET-EMFIP-AGWS-TS-00209151,Solar generation,"Solar",2018-05-14,23,7980
NGET-EMFIP-AGWS-TS-00209150,Wind generation,"Wind Onshore",2018-05-14,22,1189.956
NGET-EMFIP-AGWS-TS-00209149,Wind generation,"Wind Offshore",2018-05-14,22,2238.052
NGET-EMFIP-AGWS-TS-00209148,Solar generation,"Solar",2018-05-14,22,7390
NGET-EMFIP-AGWS-TS-00209147,Wind generation,"Wind Onshore",2018-05-14,21,1151.911
NGET-EMFIP-AGWS-TS-00209146,Wind generation,"Wind Offshore",2018-05-14,21,2345.815
NGET-EMFIP-AGWS-TS-00209145,Solar generation,"Solar",2018-05-14,21,6640
NGET-EMFIP-AGWS-TS-00209144,Wind generation,"Wind Onshore",2018-05-14,20,1049.93
NGET-EMFIP-AGWS-TS-00209143,Wind generation,"Wind Offshore",2018-05-14,20,2319.486
NGET-EMFIP-AGWS-TS-00209142,Solar generation,"Solar",2018-05-14,20,5870
NGET-EMFIP-AGWS-TS-00209141,Wind generation,"Wind Onshore",2018-05-14,19,1021.712
NGET-EMFIP-AGWS-TS-00209140,Wind generation,"Wind Offshore",2018-05-14,19,2310.319
NGET-EMFIP-AGWS-TS-00209139,Solar generation,"Solar",2018-05-14,19,4980
NGET-EMFIP-AGWS-TS-00209138,Wind generation,"Wind Onshore",2018-05-14,18,955.722
NGET-EMFIP-AGWS-TS-00209137,Wind generation,"Wind Offshore",2018-05-14,18,2220.948
NGET-EMFIP-AGWS-TS-00209136,Solar generation,"Solar",2018-05-14,18,4100
NGET-EMFIP-AGWS-TS-00209135,Wind generation,"Wind Onshore",2018-05-14,17,957.615
NGET-EMFIP-AGWS-TS-00209134,Wind generation,"Wind Offshore",2018-05-14,17,2286.836
NGET-EMFIP-AGWS-TS-00209133,Solar generation,"Solar",2018-05-14,17,2844
NGET-EMFIP-AGWS-TS-00209132,Wind generation,"Wind Onshore",2018-05-14,16,951.341
NGET-EMFIP-AGWS-TS-00209131,Wind generation,"Wind Offshore",2018-05-14,16,2295.852
NGET-EMFIP-AGWS-TS-00209130,Solar generation,"Solar",2018-05-14,16,2460
NGET-EMFIP-AGWS-TS-00209129,Wind generation,"Wind Onshore",2018-05-14,15,928.138
NGET-EMFIP-AGWS-TS-00209128,Wind generation,"Wind Offshore",2018-05-14,15,2172.488
NGET-EMFIP-AGWS-TS-00209127,Solar generation,"Solar",2018-05-14,15,1720
NGET-EMFIP-AGWS-TS-00209126,Wind generation,"Wind Onshore",2018-05-14,14,932.161
NGET-EMFIP-AGWS-TS-00209125,Wind generation,"Wind Offshore",2018-05-14,14,2145.774
NGET-EMFIP-AGWS-TS-00209124,Solar generation,"Solar",2018-05-14,14,1070
NGET-EMFIP-AGWS-TS-00209123,Wind generation,"Wind Onshore",2018-05-14,13,942.555
NGET-EMFIP-AGWS-TS-00209122,Wind generation,"Wind Offshore",2018-05-14,13,2078.715
NGET-EMFIP-AGWS-TS-00209121,Solar generation,"Solar",2018-05-14,13,552
NGET-EMFIP-AGWS-TS-00209120,Wind generation,"Wind Onshore",2018-05-14,12,943.057
NGET-EMFIP-AGWS-TS-00209119,Wind generation,"Wind Offshore",2018-05-14,12,1870.892
NGET-EMFIP-AGWS-TS-00209118,Solar generation,"Solar",2018-05-14,12,153
NGET-EMFIP-AGWS-TS-00209117,Wind generation,"Wind Onshore",2018-05-14,11,904.832
NGET-EMFIP-AGWS-TS-00209116,Wind generation,"Wind Offshore",2018-05-14,11,1766.002
NGET-EMFIP-AGWS-TS-00209115,Solar generation,"Solar",2018-05-14,11,7
NGET-EMFIP-AGWS-TS-00209114,Wind generation,"Wind Onshore",2018-05-14,10,918.197
NGET-EMFIP-AGWS-TS-00209113,Wind generation,"Wind Offshore",2018-05-14,10,1786.31
NGET-EMFIP-AGWS-TS-00209112,Solar generation,"Solar",2018-05-14,10,2
NGET-EMFIP-AGWS-TS-00209111,Wind generation,"Wind Onshore",2018-05-14,9,886.137
NGET-EMFIP-AGWS-TS-00209110,Wind generation,"Wind Offshore",2018-05-14,9,1578.527
NGET-EMFIP-AGWS-TS-00209109,Solar generation,"Solar",2018-05-14,9,2
NGET-EMFIP-AGWS-TS-00209108,Wind generation,"Wind Onshore",2018-05-14,8,886.825
NGET-EMFIP-AGWS-TS-00209107,Wind generation,"Wind Offshore",2018-05-14,8,1468.385
NGET-EMFIP-AGWS-TS-00209106,Solar generation,"Solar",2018-05-14,8,1
NGET-EMFIP-AGWS-TS-00209105,Wind generation,"Wind Onshore",2018-05-14,7,883.257
NGET-EMFIP-AGWS-TS-00209104,Wind generation,"Wind Offshore",2018-05-14,7,1256.616
NGET-EMFIP-AGWS-TS-00209103,Solar generation,"Solar",2018-05-14,7,0
NGET-EMFIP-AGWS-TS-00209102,Wind generation,"Wind Onshore",2018-05-14,6,867.309
NGET-EMFIP-AGWS-TS-00209101,Wind generation,"Wind Offshore",2018-05-14,6,1017.424
NGET-EMFIP-AGWS-TS-00209100,Solar generation,"Solar",2018-05-14,6,1
NGET-EMFIP-AGWS-TS-00209099,Wind generation,"Wind Onshore",2018-05-14,5,852.307
NGET-EMFIP-AGWS-TS-00209098,Wind generation,"Wind Offshore",2018-05-14,5,772.95
NGET-EMFIP-AGWS-TS-00209097,Solar generation,"Solar",2018-05-14,5,1
NGET-EMFIP-AGWS-TS-00209096,Wind generation,"Wind Onshore",2018-05-14,4,776.215
NGET-EMFIP-AGWS-TS-00209095,Wind generation,"Wind Offshore",2018-05-14,4,529.707
NGET-EMFIP-AGWS-TS-00209094,Solar generation,"Solar",2018-05-14,4,0
NGET-EMFIP-AGWS-TS-00209093,Wind generation,"Wind Onshore",2018-05-14,3,772.997
NGET-EMFIP-AGWS-TS-00209092,Wind generation,"Wind Offshore",2018-05-14,3,402.871
NGET-EMFIP-AGWS-TS-00209091,Solar generation,"Solar",2018-05-14,3,0
NGET-EMFIP-AGWS-TS-00209090,Wind generation,"Wind Onshore",2018-05-14,2,769.145
NGET-EMFIP-AGWS-TS-00209089,Wind generation,"Wind Offshore",2018-05-14,2,376.307
NGET-EMFIP-AGWS-TS-00209088,Solar generation,"Solar",2018-05-14,2,0
NGET-EMFIP-AGWS-TS-00209087,Wind generation,"Wind Onshore",2018-05-14,1,787.703
NGET-EMFIP-AGWS-TS-00209086,Wind generation,"Wind Offshore",2018-05-14,1,320.775
NGET-EMFIP-AGWS-TS-00209085,Solar generation,"Solar",2018-05-14,1,0