Actual Or Estimated Wind And Solar Power Generation (B1630)
Time Series ID,Business Type,PSR Type,Settlement  Date,Settlement Period,Quantity (MW)
NGET-EMFIP-AGWS-TS-00210680,Wind generation,"Wind Onshore",2018-05-23,48,1148.036
NGET-EMFIP-AGWS-TS-00210679,Wind generation,"Wind Offshore",2018-05-23,48,124.522
NGET-EMFIP-AGWS-TS-00210678,Solar generation,"Solar",2018-05-23,48,0
NGET-EMFIP-AGWS-TS-00210677,Wind generation,"Wind Onshore",2018-05-23,47,1973.436
NGET-EMFIP-AGWS-TS-00210676,Wind generation,"Wind Offshore",2018-05-23,47,1916.337
NGET-EMFIP-AGWS-TS-00210675,Solar generation,"Solar",2018-05-23,47,0
NGET-EMFIP-AGWS-TS-00210674,Wind generation,"Wind Onshore",2018-05-23,46,1941.063
NGET-EMFIP-AGWS-TS-00210673,Wind generation,"Wind Offshore",2018-05-23,46,2157.011
NGET-EMFIP-AGWS-TS-00210672,Solar generation,"Solar",2018-05-23,46,0
NGET-EMFIP-AGWS-TS-00210671,Wind generation,"Wind Onshore",2018-05-23,45,1964.752
NGET-EMFIP-AGWS-TS-00210670,Wind generation,"Wind Offshore",2018-05-23,45,2272.24
NGET-EMFIP-AGWS-TS-00210669,Solar generation,"Solar",2018-05-23,45,9
NGET-EMFIP-AGWS-TS-00210668,Wind generation,"Wind Onshore",2018-05-23,44,1861.376
NGET-EMFIP-AGWS-TS-00210667,Wind generation,"Wind Offshore",2018-05-23,44,2281.764
NGET-EMFIP-AGWS-TS-00210666,Solar generation,"Solar",2018-05-23,44,18
NGET-EMFIP-AGWS-TS-00210665,Wind generation,"Wind Onshore",2018-05-23,43,1796.272
NGET-EMFIP-AGWS-TS-00210664,Wind generation,"Wind Offshore",2018-05-23,43,2265.895
NGET-EMFIP-AGWS-TS-00210663,Solar generation,"Solar",2018-05-23,43,288
NGET-EMFIP-AGWS-TS-00210662,Wind generation,"Wind Onshore",2018-05-23,42,1749.097
NGET-EMFIP-AGWS-TS-00210661,Wind generation,"Wind Offshore",2018-05-23,42,2170.611
NGET-EMFIP-AGWS-TS-00210660,Solar generation,"Solar",2018-05-23,42,78
NGET-EMFIP-AGWS-TS-00210659,Wind generation,"Wind Onshore",2018-05-23,41,1775.901
NGET-EMFIP-AGWS-TS-00210658,Wind generation,"Wind Offshore",2018-05-23,41,2196.804
NGET-EMFIP-AGWS-TS-00210657,Solar generation,"Solar",2018-05-23,41,309
NGET-EMFIP-AGWS-TS-00210656,Wind generation,"Wind Onshore",2018-05-23,40,1842.371
NGET-EMFIP-AGWS-TS-00210655,Wind generation,"Wind Offshore",2018-05-23,40,2291.293
NGET-EMFIP-AGWS-TS-00210654,Solar generation,"Solar",2018-05-23,40,700
NGET-EMFIP-AGWS-TS-00210653,Wind generation,"Wind Onshore",2018-05-23,39,1863.396
NGET-EMFIP-AGWS-TS-00210652,Wind generation,"Wind Offshore",2018-05-23,39,2329.994
NGET-EMFIP-AGWS-TS-00210651,Solar generation,"Solar",2018-05-23,39,1160
NGET-EMFIP-AGWS-TS-00210650,Wind generation,"Wind Onshore",2018-05-23,38,1867.52
NGET-EMFIP-AGWS-TS-00210649,Wind generation,"Wind Offshore",2018-05-23,38,2297.579
NGET-EMFIP-AGWS-TS-00210648,Solar generation,"Solar",2018-05-23,38,1780
NGET-EMFIP-AGWS-TS-00210647,Wind generation,"Wind Onshore",2018-05-23,37,1864.353
NGET-EMFIP-AGWS-TS-00210646,Wind generation,"Wind Offshore",2018-05-23,37,2341.056
NGET-EMFIP-AGWS-TS-00210645,Solar generation,"Solar",2018-05-23,37,2400
NGET-EMFIP-AGWS-TS-00210644,Wind generation,"Wind Onshore",2018-05-23,36,1823.607
NGET-EMFIP-AGWS-TS-00210643,Wind generation,"Wind Offshore",2018-05-23,36,2324.914
NGET-EMFIP-AGWS-TS-00210642,Solar generation,"Solar",2018-05-23,36,3070
NGET-EMFIP-AGWS-TS-00210641,Wind generation,"Wind Onshore",2018-05-23,35,1787.573
NGET-EMFIP-AGWS-TS-00210640,Wind generation,"Wind Offshore",2018-05-23,35,2326.65
NGET-EMFIP-AGWS-TS-00210639,Solar generation,"Solar",2018-05-23,35,3910
NGET-EMFIP-AGWS-TS-00210638,Wind generation,"Wind Onshore",2018-05-23,34,1691.8
NGET-EMFIP-AGWS-TS-00210637,Wind generation,"Wind Offshore",2018-05-23,34,2316.642
NGET-EMFIP-AGWS-TS-00210636,Solar generation,"Solar",2018-05-23,34,4700
NGET-EMFIP-AGWS-TS-00210635,Wind generation,"Wind Onshore",2018-05-23,33,1651.47
NGET-EMFIP-AGWS-TS-00210634,Wind generation,"Wind Offshore",2018-05-23,33,2233.017
NGET-EMFIP-AGWS-TS-00210633,Solar generation,"Solar",2018-05-23,33,5540
NGET-EMFIP-AGWS-TS-00210632,Wind generation,"Wind Onshore",2018-05-23,32,1622.47
NGET-EMFIP-AGWS-TS-00210631,Wind generation,"Wind Offshore",2018-05-23,32,2211.27
NGET-EMFIP-AGWS-TS-00210630,Solar generation,"Solar",2018-05-23,32,6310
NGET-EMFIP-AGWS-TS-00210629,Wind generation,"Wind Onshore",2018-05-23,31,1579.096
NGET-EMFIP-AGWS-TS-00210628,Wind generation,"Wind Offshore",2018-05-23,31,2151.706
NGET-EMFIP-AGWS-TS-00210627,Solar generation,"Solar",2018-05-23,31,7010
NGET-EMFIP-AGWS-TS-00210626,Wind generation,"Wind Onshore",2018-05-23,30,1401.525
NGET-EMFIP-AGWS-TS-00210625,Wind generation,"Wind Offshore",2018-05-23,30,2084.938
NGET-EMFIP-AGWS-TS-00210624,Solar generation,"Solar",2018-05-23,30,7580
NGET-EMFIP-AGWS-TS-00210623,Wind generation,"Wind Onshore",2018-05-23,29,1346.462
NGET-EMFIP-AGWS-TS-00210622,Wind generation,"Wind Offshore",2018-05-23,29,2015.051
NGET-EMFIP-AGWS-TS-00210621,Solar generation,"Solar",2018-05-23,29,8015
NGET-EMFIP-AGWS-TS-00210620,Wind generation,"Wind Onshore",2018-05-23,28,1282.265
NGET-EMFIP-AGWS-TS-00210619,Wind generation,"Wind Offshore",2018-05-23,28,1939.413
NGET-EMFIP-AGWS-TS-00210618,Solar generation,"Solar",2018-05-23,28,8360
NGET-EMFIP-AGWS-TS-00210617,Wind generation,"Wind Onshore",2018-05-23,27,1277.282
NGET-EMFIP-AGWS-TS-00210616,Wind generation,"Wind Offshore",2018-05-23,27,1894.12
NGET-EMFIP-AGWS-TS-00210615,Solar generation,"Solar",2018-05-23,27,8410
NGET-EMFIP-AGWS-TS-00210614,Wind generation,"Wind Onshore",2018-05-23,26,1192.26
NGET-EMFIP-AGWS-TS-00210613,Wind generation,"Wind Offshore",2018-05-23,26,1793.008
NGET-EMFIP-AGWS-TS-00210612,Solar generation,"Solar",2018-05-23,26,8290
NGET-EMFIP-AGWS-TS-00210611,Wind generation,"Wind Onshore",2018-05-23,25,1178.947
NGET-EMFIP-AGWS-TS-00210610,Wind generation,"Wind Offshore",2018-05-23,25,1643.39
NGET-EMFIP-AGWS-TS-00210609,Solar generation,"Solar",2018-05-23,25,7980
NGET-EMFIP-AGWS-TS-00210608,Wind generation,"Wind Onshore",2018-05-23,24,1122.95
NGET-EMFIP-AGWS-TS-00210607,Wind generation,"Wind Offshore",2018-05-23,24,1549.75
NGET-EMFIP-AGWS-TS-00210606,Solar generation,"Solar",2018-05-23,24,7540
NGET-EMFIP-AGWS-TS-00210605,Wind generation,"Wind Onshore",2018-05-23,23,1144.214
NGET-EMFIP-AGWS-TS-00210604,Wind generation,"Wind Offshore",2018-05-23,23,1545.525
NGET-EMFIP-AGWS-TS-00210603,Solar generation,"Solar",2018-05-23,23,6950
NGET-EMFIP-AGWS-TS-00210602,Wind generation,"Wind Onshore",2018-05-23,22,1107.172
NGET-EMFIP-AGWS-TS-00210601,Wind generation,"Wind Offshore",2018-05-23,22,1571.448
NGET-EMFIP-AGWS-TS-00210600,Solar generation,"Solar",2018-05-23,22,6160
NGET-EMFIP-AGWS-TS-00210599,Wind generation,"Wind Onshore",2018-05-23,21,1067.071
NGET-EMFIP-AGWS-TS-00210598,Wind generation,"Wind Offshore",2018-05-23,21,1585.162
NGET-EMFIP-AGWS-TS-00210597,Solar generation,"Solar",2018-05-23,21,5330
NGET-EMFIP-AGWS-TS-00210596,Wind generation,"Wind Onshore",2018-05-23,20,1053.172
NGET-EMFIP-AGWS-TS-00210595,Wind generation,"Wind Offshore",2018-05-23,20,1725.126
NGET-EMFIP-AGWS-TS-00210594,Solar generation,"Solar",2018-05-23,20,4380
NGET-EMFIP-AGWS-TS-00210593,Wind generation,"Wind Onshore",2018-05-23,19,1064.582
NGET-EMFIP-AGWS-TS-00210592,Wind generation,"Wind Offshore",2018-05-23,19,1747.571
NGET-EMFIP-AGWS-TS-00210591,Solar generation,"Solar",2018-05-23,19,3510
NGET-EMFIP-AGWS-TS-00210590,Wind generation,"Wind Onshore",2018-05-23,18,1037.376
NGET-EMFIP-AGWS-TS-00210589,Wind generation,"Wind Offshore",2018-05-23,18,1740.981
NGET-EMFIP-AGWS-TS-00210588,Solar generation,"Solar",2018-05-23,18,2700
NGET-EMFIP-AGWS-TS-00210587,Wind generation,"Wind Onshore",2018-05-23,17,1055.179
NGET-EMFIP-AGWS-TS-00210586,Wind generation,"Wind Offshore",2018-05-23,17,2022.181
NGET-EMFIP-AGWS-TS-00210585,Solar generation,"Solar",2018-05-23,17,1895
NGET-EMFIP-AGWS-TS-00210584,Wind generation,"Wind Onshore",2018-05-23,16,857.259
NGET-EMFIP-AGWS-TS-00210583,Wind generation,"Wind Offshore",2018-05-23,16,103.772
NGET-EMFIP-AGWS-TS-00210582,Solar generation,"Solar",2018-05-23,16,1470
NGET-EMFIP-AGWS-TS-00210581,Wind generation,"Wind Onshore",2018-05-23,15,1016.206
NGET-EMFIP-AGWS-TS-00210580,Wind generation,"Wind Offshore",2018-05-23,15,2139.527
NGET-EMFIP-AGWS-TS-00210579,Solar generation,"Solar",2018-05-23,15,997
NGET-EMFIP-AGWS-TS-00210578,Wind generation,"Wind Onshore",2018-05-23,14,1018.676
NGET-EMFIP-AGWS-TS-00210577,Wind generation,"Wind Offshore",2018-05-23,14,2162.255
NGET-EMFIP-AGWS-TS-00210576,Solar generation,"Solar",2018-05-23,14,607
NGET-EMFIP-AGWS-TS-00210575,Wind generation,"Wind Onshore",2018-05-23,13,1037.444
NGET-EMFIP-AGWS-TS-00210574,Wind generation,"Wind Offshore",2018-05-23,13,2242.552
NGET-EMFIP-AGWS-TS-00210573,Solar generation,"Solar",2018-05-23,13,295
NGET-EMFIP-AGWS-TS-00210572,Wind generation,"Wind Onshore",2018-05-23,12,1061.629
NGET-EMFIP-AGWS-TS-00210571,Wind generation,"Wind Offshore",2018-05-23,12,2088.921
NGET-EMFIP-AGWS-TS-00210570,Solar generation,"Solar",2018-05-23,12,96
NGET-EMFIP-AGWS-TS-00210569,Wind generation,"Wind Onshore",2018-05-23,11,1060.235
NGET-EMFIP-AGWS-TS-00210568,Wind generation,"Wind Offshore",2018-05-23,11,2096.941
NGET-EMFIP-AGWS-TS-00210567,Solar generation,"Solar",2018-05-23,11,8
NGET-EMFIP-AGWS-TS-00210566,Wind generation,"Wind Onshore",2018-05-23,10,1052.786
NGET-EMFIP-AGWS-TS-00210565,Wind generation,"Wind Offshore",2018-05-23,10,2175.548
NGET-EMFIP-AGWS-TS-00210564,Solar generation,"Solar",2018-05-23,10,3
NGET-EMFIP-AGWS-TS-00210563,Wind generation,"Wind Onshore",2018-05-23,9,1091.719
NGET-EMFIP-AGWS-TS-00210562,Wind generation,"Wind Offshore",2018-05-23,9,2166.735
NGET-EMFIP-AGWS-TS-00210561,Solar generation,"Solar",2018-05-23,9,3
NGET-EMFIP-AGWS-TS-00210560,Wind generation,"Wind Onshore",2018-05-23,8,1117.348
NGET-EMFIP-AGWS-TS-00210559,Wind generation,"Wind Offshore",2018-05-23,8,2194.175
NGET-EMFIP-AGWS-TS-00210558,Solar generation,"Solar",2018-05-23,8,5
NGET-EMFIP-AGWS-TS-00210557,Wind generation,"Wind Onshore",2018-05-23,7,1116.557
NGET-EMFIP-AGWS-TS-00210556,Wind generation,"Wind Offshore",2018-05-23,7,2223.18
NGET-EMFIP-AGWS-TS-00210555,Solar generation,"Solar",2018-05-23,7,0
NGET-EMFIP-AGWS-TS-00210554,Wind generation,"Wind Onshore",2018-05-23,6,1204.492
NGET-EMFIP-AGWS-TS-00210553,Wind generation,"Wind Offshore",2018-05-23,6,2266.517
NGET-EMFIP-AGWS-TS-00210552,Solar generation,"Solar",2018-05-23,6,4
NGET-EMFIP-AGWS-TS-00210551,Wind generation,"Wind Onshore",2018-05-23,5,1253.19
NGET-EMFIP-AGWS-TS-00210550,Wind generation,"Wind Offshore",2018-05-23,5,2329.412
NGET-EMFIP-AGWS-TS-00210549,Solar generation,"Solar",2018-05-23,5,6
NGET-EMFIP-AGWS-TS-00210548,Wind generation,"Wind Onshore",2018-05-23,4,1319.09
NGET-EMFIP-AGWS-TS-00210547,Wind generation,"Wind Offshore",2018-05-23,4,2365.266
NGET-EMFIP-AGWS-TS-00210546,Solar generation,"Solar",2018-05-23,4,0
NGET-EMFIP-AGWS-TS-00210545,Wind generation,"Wind Onshore",2018-05-23,3,1376.039
NGET-EMFIP-AGWS-TS-00210544,Wind generation,"Wind Offshore",2018-05-23,3,2361.526
NGET-EMFIP-AGWS-TS-00210543,Solar generation,"Solar",2018-05-23,3,0
NGET-EMFIP-AGWS-TS-00210542,Wind generation,"Wind Onshore",2018-05-23,2,1447.563
NGET-EMFIP-AGWS-TS-00210541,Wind generation,"Wind Offshore",2018-05-23,2,2386.812
NGET-EMFIP-AGWS-TS-00210540,Solar generation,"Solar",2018-05-23,2,0
NGET-EMFIP-AGWS-TS-00210539,Wind generation,"Wind Onshore",2018-05-23,1,1522.295
NGET-EMFIP-AGWS-TS-00210538,Wind generation,"Wind Offshore",2018-05-23,1,2504.822
NGET-EMFIP-AGWS-TS-00210537,Solar generation,"Solar",2018-05-23,1,0