Actual Or Estimated Wind And Solar Power Generation (B1630)
Time Series ID,Business Type,PSR Type,Settlement  Date,Settlement Period,Quantity (MW)
NGET-EMFIP-AGWS-TS-00210839,Wind generation,"Wind Onshore",2018-05-24,48,1286.896
NGET-EMFIP-AGWS-TS-00210838,Wind generation,"Wind Offshore",2018-05-24,48,1196.792
NGET-EMFIP-AGWS-TS-00210837,Solar generation,"Solar",2018-05-24,48,0
NGET-EMFIP-AGWS-TS-00210836,Wind generation,"Wind Onshore",2018-05-24,47,1346.716
NGET-EMFIP-AGWS-TS-00210835,Wind generation,"Wind Offshore",2018-05-24,47,1187.138
NGET-EMFIP-AGWS-TS-00210834,Solar generation,"Solar",2018-05-24,47,0
NGET-EMFIP-AGWS-TS-00210833,Wind generation,"Wind Onshore",2018-05-24,46,1365.126
NGET-EMFIP-AGWS-TS-00210832,Wind generation,"Wind Offshore",2018-05-24,46,1244.314
NGET-EMFIP-AGWS-TS-00210831,Solar generation,"Solar",2018-05-24,46,0
NGET-EMFIP-AGWS-TS-00210830,Wind generation,"Wind Onshore",2018-05-24,45,1464.298
NGET-EMFIP-AGWS-TS-00210829,Wind generation,"Wind Offshore",2018-05-24,45,1251.786
NGET-EMFIP-AGWS-TS-00210828,Solar generation,"Solar",2018-05-24,45,5
NGET-EMFIP-AGWS-TS-00210827,Wind generation,"Wind Onshore",2018-05-24,44,1469.122
NGET-EMFIP-AGWS-TS-00210826,Wind generation,"Wind Offshore",2018-05-24,44,1432.584
NGET-EMFIP-AGWS-TS-00210825,Solar generation,"Solar",2018-05-24,44,10
NGET-EMFIP-AGWS-TS-00210824,Wind generation,"Wind Onshore",2018-05-24,43,1442.571
NGET-EMFIP-AGWS-TS-00210823,Wind generation,"Wind Offshore",2018-05-24,43,1414.159
NGET-EMFIP-AGWS-TS-00210822,Solar generation,"Solar",2018-05-24,43,104
NGET-EMFIP-AGWS-TS-00210821,Wind generation,"Wind Onshore",2018-05-24,42,1377.602
NGET-EMFIP-AGWS-TS-00210820,Wind generation,"Wind Offshore",2018-05-24,42,1112.403
NGET-EMFIP-AGWS-TS-00210819,Solar generation,"Solar",2018-05-24,42,198
NGET-EMFIP-AGWS-TS-00210818,Wind generation,"Wind Onshore",2018-05-24,41,1366.434
NGET-EMFIP-AGWS-TS-00210817,Wind generation,"Wind Offshore",2018-05-24,41,1183.884
NGET-EMFIP-AGWS-TS-00210816,Solar generation,"Solar",2018-05-24,41,442
NGET-EMFIP-AGWS-TS-00210815,Wind generation,"Wind Onshore",2018-05-24,40,1500.964
NGET-EMFIP-AGWS-TS-00210814,Wind generation,"Wind Offshore",2018-05-24,40,1195.005
NGET-EMFIP-AGWS-TS-00210813,Solar generation,"Solar",2018-05-24,40,686
NGET-EMFIP-AGWS-TS-00210812,Wind generation,"Wind Onshore",2018-05-24,39,1475.147
NGET-EMFIP-AGWS-TS-00210811,Wind generation,"Wind Offshore",2018-05-24,39,1207.794
NGET-EMFIP-AGWS-TS-00210810,Solar generation,"Solar",2018-05-24,39,1044
NGET-EMFIP-AGWS-TS-00210809,Wind generation,"Wind Onshore",2018-05-24,38,1585.732
NGET-EMFIP-AGWS-TS-00210808,Wind generation,"Wind Offshore",2018-05-24,38,1261.4
NGET-EMFIP-AGWS-TS-00210807,Solar generation,"Solar",2018-05-24,38,1401
NGET-EMFIP-AGWS-TS-00210806,Wind generation,"Wind Onshore",2018-05-24,37,1562.17
NGET-EMFIP-AGWS-TS-00210805,Wind generation,"Wind Offshore",2018-05-24,37,1201.986
NGET-EMFIP-AGWS-TS-00210804,Solar generation,"Solar",2018-05-24,37,1814
NGET-EMFIP-AGWS-TS-00210803,Wind generation,"Wind Onshore",2018-05-24,36,1575.108
NGET-EMFIP-AGWS-TS-00210802,Wind generation,"Wind Offshore",2018-05-24,36,1203.319
NGET-EMFIP-AGWS-TS-00210801,Solar generation,"Solar",2018-05-24,36,2227
NGET-EMFIP-AGWS-TS-00210800,Wind generation,"Wind Onshore",2018-05-24,35,1559.087
NGET-EMFIP-AGWS-TS-00210799,Wind generation,"Wind Offshore",2018-05-24,35,1303.462
NGET-EMFIP-AGWS-TS-00210798,Solar generation,"Solar",2018-05-24,35,2652
NGET-EMFIP-AGWS-TS-00210797,Wind generation,"Wind Onshore",2018-05-24,34,1566.747
NGET-EMFIP-AGWS-TS-00210796,Wind generation,"Wind Offshore",2018-05-24,34,1258.511
NGET-EMFIP-AGWS-TS-00210795,Solar generation,"Solar",2018-05-24,34,3077
NGET-EMFIP-AGWS-TS-00210794,Wind generation,"Wind Onshore",2018-05-24,33,1554.809
NGET-EMFIP-AGWS-TS-00210793,Wind generation,"Wind Offshore",2018-05-24,33,990.098
NGET-EMFIP-AGWS-TS-00210792,Solar generation,"Solar",2018-05-24,33,3458
NGET-EMFIP-AGWS-TS-00210791,Wind generation,"Wind Onshore",2018-05-24,32,1609.405
NGET-EMFIP-AGWS-TS-00210790,Wind generation,"Wind Offshore",2018-05-24,32,916.855
NGET-EMFIP-AGWS-TS-00210789,Solar generation,"Solar",2018-05-24,32,3839
NGET-EMFIP-AGWS-TS-00210788,Wind generation,"Wind Onshore",2018-05-24,31,1615.38
NGET-EMFIP-AGWS-TS-00210787,Wind generation,"Wind Offshore",2018-05-24,31,866.579
NGET-EMFIP-AGWS-TS-00210786,Solar generation,"Solar",2018-05-24,31,4711
NGET-EMFIP-AGWS-TS-00210785,Wind generation,"Wind Onshore",2018-05-24,30,1600.368
NGET-EMFIP-AGWS-TS-00210784,Wind generation,"Wind Offshore",2018-05-24,30,944.749
NGET-EMFIP-AGWS-TS-00210783,Solar generation,"Solar",2018-05-24,30,5583
NGET-EMFIP-AGWS-TS-00210782,Wind generation,"Wind Onshore",2018-05-24,29,1559.665
NGET-EMFIP-AGWS-TS-00210781,Wind generation,"Wind Offshore",2018-05-24,29,989.65
NGET-EMFIP-AGWS-TS-00210780,Solar generation,"Solar",2018-05-24,29,4420
NGET-EMFIP-AGWS-TS-00210779,Wind generation,"Wind Onshore",2018-05-24,28,1617.745
NGET-EMFIP-AGWS-TS-00210778,Wind generation,"Wind Offshore",2018-05-24,28,976.782
NGET-EMFIP-AGWS-TS-00210777,Solar generation,"Solar",2018-05-24,28,6140
NGET-EMFIP-AGWS-TS-00210776,Wind generation,"Wind Onshore",2018-05-24,27,1610.546
NGET-EMFIP-AGWS-TS-00210775,Wind generation,"Wind Offshore",2018-05-24,27,1003.66
NGET-EMFIP-AGWS-TS-00210774,Solar generation,"Solar",2018-05-24,27,5197
NGET-EMFIP-AGWS-TS-00210773,Wind generation,"Wind Onshore",2018-05-24,26,1610.659
NGET-EMFIP-AGWS-TS-00210772,Wind generation,"Wind Offshore",2018-05-24,26,1107.704
NGET-EMFIP-AGWS-TS-00210771,Solar generation,"Solar",2018-05-24,26,6151
NGET-EMFIP-AGWS-TS-00210770,Wind generation,"Wind Onshore",2018-05-24,25,1633.383
NGET-EMFIP-AGWS-TS-00210769,Wind generation,"Wind Offshore",2018-05-24,25,1096.001
NGET-EMFIP-AGWS-TS-00210768,Solar generation,"Solar",2018-05-24,25,4904
NGET-EMFIP-AGWS-TS-00210767,Wind generation,"Wind Onshore",2018-05-24,24,1566.825
NGET-EMFIP-AGWS-TS-00210766,Wind generation,"Wind Offshore",2018-05-24,24,1112.731
NGET-EMFIP-AGWS-TS-00210765,Solar generation,"Solar",2018-05-24,24,5552
NGET-EMFIP-AGWS-TS-00210764,Wind generation,"Wind Onshore",2018-05-24,23,1548.03
NGET-EMFIP-AGWS-TS-00210763,Wind generation,"Wind Offshore",2018-05-24,23,1066.101
NGET-EMFIP-AGWS-TS-00210762,Solar generation,"Solar",2018-05-24,23,4255
NGET-EMFIP-AGWS-TS-00210758,Wind generation,"Wind Onshore",2018-05-24,21,1538.768
NGET-EMFIP-AGWS-TS-00210757,Wind generation,"Wind Offshore",2018-05-24,21,1193.128
NGET-EMFIP-AGWS-TS-00210756,Solar generation,"Solar",2018-05-24,21,3369
NGET-EMFIP-AGWS-TS-00210755,Wind generation,"Wind Onshore",2018-05-24,20,1024.716
NGET-EMFIP-AGWS-TS-00210754,Wind generation,"Wind Offshore",2018-05-24,20,93.007
NGET-EMFIP-AGWS-TS-00210753,Solar generation,"Solar",2018-05-24,20,3443
NGET-EMFIP-AGWS-TS-00210752,Wind generation,"Wind Onshore",2018-05-24,19,1503.563
NGET-EMFIP-AGWS-TS-00210751,Wind generation,"Wind Offshore",2018-05-24,19,1392.428
NGET-EMFIP-AGWS-TS-00210750,Solar generation,"Solar",2018-05-24,19,2374
NGET-EMFIP-AGWS-TS-00210749,Wind generation,"Wind Onshore",2018-05-24,18,1524.338
NGET-EMFIP-AGWS-TS-00210748,Wind generation,"Wind Offshore",2018-05-24,18,1323.995
NGET-EMFIP-AGWS-TS-00210747,Solar generation,"Solar",2018-05-24,18,2235
NGET-EMFIP-AGWS-TS-00210746,Wind generation,"Wind Onshore",2018-05-24,17,1450.061
NGET-EMFIP-AGWS-TS-00210745,Wind generation,"Wind Offshore",2018-05-24,17,1310.465
NGET-EMFIP-AGWS-TS-00210744,Solar generation,"Solar",2018-05-24,17,957
NGET-EMFIP-AGWS-TS-00210743,Wind generation,"Wind Onshore",2018-05-24,16,1452.298
NGET-EMFIP-AGWS-TS-00210742,Wind generation,"Wind Offshore",2018-05-24,16,1259.747
NGET-EMFIP-AGWS-TS-00210741,Solar generation,"Solar",2018-05-24,16,1233
NGET-EMFIP-AGWS-TS-00210740,Wind generation,"Wind Onshore",2018-05-24,15,1474.957
NGET-EMFIP-AGWS-TS-00210739,Wind generation,"Wind Offshore",2018-05-24,15,1310.558
NGET-EMFIP-AGWS-TS-00210738,Solar generation,"Solar",2018-05-24,15,849
NGET-EMFIP-AGWS-TS-00210737,Wind generation,"Wind Onshore",2018-05-24,14,1471.316
NGET-EMFIP-AGWS-TS-00210736,Wind generation,"Wind Offshore",2018-05-24,14,1362.311
NGET-EMFIP-AGWS-TS-00210735,Solar generation,"Solar",2018-05-24,14,583
NGET-EMFIP-AGWS-TS-00210734,Wind generation,"Wind Onshore",2018-05-24,13,1467.735
NGET-EMFIP-AGWS-TS-00210733,Wind generation,"Wind Offshore",2018-05-24,13,1376.053
NGET-EMFIP-AGWS-TS-00210732,Solar generation,"Solar",2018-05-24,13,331
NGET-EMFIP-AGWS-TS-00210731,Wind generation,"Wind Onshore",2018-05-24,12,1485.632
NGET-EMFIP-AGWS-TS-00210730,Wind generation,"Wind Offshore",2018-05-24,12,1404.508
NGET-EMFIP-AGWS-TS-00210729,Solar generation,"Solar",2018-05-24,12,131
NGET-EMFIP-AGWS-TS-00210728,Wind generation,"Wind Onshore",2018-05-24,11,1448.418
NGET-EMFIP-AGWS-TS-00210727,Wind generation,"Wind Offshore",2018-05-24,11,1357.261
NGET-EMFIP-AGWS-TS-00210726,Solar generation,"Solar",2018-05-24,11,73
NGET-EMFIP-AGWS-TS-00210725,Wind generation,"Wind Onshore",2018-05-24,10,1515.483
NGET-EMFIP-AGWS-TS-00210724,Wind generation,"Wind Offshore",2018-05-24,10,1479.037
NGET-EMFIP-AGWS-TS-00210723,Solar generation,"Solar",2018-05-24,10,3
NGET-EMFIP-AGWS-TS-00210722,Wind generation,"Wind Onshore",2018-05-24,9,1455.264
NGET-EMFIP-AGWS-TS-00210721,Wind generation,"Wind Offshore",2018-05-24,9,1442.693
NGET-EMFIP-AGWS-TS-00210720,Solar generation,"Solar",2018-05-24,9,3
NGET-EMFIP-AGWS-TS-00210719,Wind generation,"Wind Onshore",2018-05-24,8,1495.209
NGET-EMFIP-AGWS-TS-00210718,Wind generation,"Wind Offshore",2018-05-24,8,1445.463
NGET-EMFIP-AGWS-TS-00210717,Solar generation,"Solar",2018-05-24,8,0
NGET-EMFIP-AGWS-TS-00210716,Wind generation,"Wind Onshore",2018-05-24,7,1505.021
NGET-EMFIP-AGWS-TS-00210715,Wind generation,"Wind Offshore",2018-05-24,7,1523.759
NGET-EMFIP-AGWS-TS-00210714,Solar generation,"Solar",2018-05-24,7,0
NGET-EMFIP-AGWS-TS-00210713,Wind generation,"Wind Onshore",2018-05-24,6,1583.949
NGET-EMFIP-AGWS-TS-00210712,Wind generation,"Wind Offshore",2018-05-24,6,1496.15
NGET-EMFIP-AGWS-TS-00210711,Solar generation,"Solar",2018-05-24,6,0
NGET-EMFIP-AGWS-TS-00210710,Wind generation,"Wind Onshore",2018-05-24,5,1658.903
NGET-EMFIP-AGWS-TS-00210709,Wind generation,"Wind Offshore",2018-05-24,5,1633.271
NGET-EMFIP-AGWS-TS-00210708,Solar generation,"Solar",2018-05-24,5,0
NGET-EMFIP-AGWS-TS-00210707,Wind generation,"Wind Onshore",2018-05-24,4,1698.905
NGET-EMFIP-AGWS-TS-00210706,Wind generation,"Wind Offshore",2018-05-24,4,1600.393
NGET-EMFIP-AGWS-TS-00210705,Solar generation,"Solar",2018-05-24,4,0
NGET-EMFIP-AGWS-TS-00210704,Wind generation,"Wind Onshore",2018-05-24,3,1661.235
NGET-EMFIP-AGWS-TS-00210703,Wind generation,"Wind Offshore",2018-05-24,3,1523.304
NGET-EMFIP-AGWS-TS-00210702,Solar generation,"Solar",2018-05-24,3,0
NGET-EMFIP-AGWS-TS-00210701,Wind generation,"Wind Onshore",2018-05-24,2,1696.752
NGET-EMFIP-AGWS-TS-00210700,Wind generation,"Wind Offshore",2018-05-24,2,1545.665
NGET-EMFIP-AGWS-TS-00210699,Solar generation,"Solar",2018-05-24,2,0
NGET-EMFIP-AGWS-TS-00210683,Wind generation,"Wind Onshore",2018-05-24,1,1752.355
NGET-EMFIP-AGWS-TS-00210682,Wind generation,"Wind Offshore",2018-05-24,1,1585.031
NGET-EMFIP-AGWS-TS-00210681,Solar generation,"Solar",2018-05-24,1,0