Actual Or Estimated Wind And Solar Power Generation (B1630)
Time Series ID,Business Type,PSR Type,Settlement  Date,Settlement Period,Quantity (MW)
NGET-EMFIP-AGWS-TS-00212018,Wind generation,"Wind Onshore",2018-05-31,48,462.145
NGET-EMFIP-AGWS-TS-00212017,Wind generation,"Wind Offshore",2018-05-31,48,314.001
NGET-EMFIP-AGWS-TS-00212016,Solar generation,"Solar",2018-05-31,48,0
NGET-EMFIP-AGWS-TS-00212015,Wind generation,"Wind Onshore",2018-05-31,47,457.717
NGET-EMFIP-AGWS-TS-00212014,Wind generation,"Wind Offshore",2018-05-31,47,316.593
NGET-EMFIP-AGWS-TS-00212013,Solar generation,"Solar",2018-05-31,47,0
NGET-EMFIP-AGWS-TS-00212012,Wind generation,"Wind Onshore",2018-05-31,46,470.405
NGET-EMFIP-AGWS-TS-00212011,Wind generation,"Wind Offshore",2018-05-31,46,327.357
NGET-EMFIP-AGWS-TS-00212010,Solar generation,"Solar",2018-05-31,46,0
NGET-EMFIP-AGWS-TS-00212009,Wind generation,"Wind Onshore",2018-05-31,45,475.072
NGET-EMFIP-AGWS-TS-00212008,Wind generation,"Wind Offshore",2018-05-31,45,336.588
NGET-EMFIP-AGWS-TS-00212007,Solar generation,"Solar",2018-05-31,45,5
NGET-EMFIP-AGWS-TS-00212006,Wind generation,"Wind Onshore",2018-05-31,44,483.308
NGET-EMFIP-AGWS-TS-00212005,Wind generation,"Wind Offshore",2018-05-31,44,366.131
NGET-EMFIP-AGWS-TS-00212004,Solar generation,"Solar",2018-05-31,44,3
NGET-EMFIP-AGWS-TS-00212003,Wind generation,"Wind Onshore",2018-05-31,43,504.179
NGET-EMFIP-AGWS-TS-00212002,Wind generation,"Wind Offshore",2018-05-31,43,367.877
NGET-EMFIP-AGWS-TS-00212001,Solar generation,"Solar",2018-05-31,43,13
NGET-EMFIP-AGWS-TS-00212000,Wind generation,"Wind Onshore",2018-05-31,42,542.746
NGET-EMFIP-AGWS-TS-00211999,Wind generation,"Wind Offshore",2018-05-31,42,405.224
NGET-EMFIP-AGWS-TS-00211998,Solar generation,"Solar",2018-05-31,42,61
NGET-EMFIP-AGWS-TS-00211997,Wind generation,"Wind Onshore",2018-05-31,41,544.103
NGET-EMFIP-AGWS-TS-00211996,Wind generation,"Wind Offshore",2018-05-31,41,407.235
NGET-EMFIP-AGWS-TS-00211995,Solar generation,"Solar",2018-05-31,41,211
NGET-EMFIP-AGWS-TS-00211994,Wind generation,"Wind Onshore",2018-05-31,40,637.703
NGET-EMFIP-AGWS-TS-00211993,Wind generation,"Wind Offshore",2018-05-31,40,425.376
NGET-EMFIP-AGWS-TS-00211992,Solar generation,"Solar",2018-05-31,40,470
NGET-EMFIP-AGWS-TS-00211991,Wind generation,"Wind Onshore",2018-05-31,39,651.389
NGET-EMFIP-AGWS-TS-00211990,Wind generation,"Wind Offshore",2018-05-31,39,407.826
NGET-EMFIP-AGWS-TS-00211989,Solar generation,"Solar",2018-05-31,39,765
NGET-EMFIP-AGWS-TS-00211988,Wind generation,"Wind Onshore",2018-05-31,38,702.754
NGET-EMFIP-AGWS-TS-00211987,Wind generation,"Wind Offshore",2018-05-31,38,489.375
NGET-EMFIP-AGWS-TS-00211986,Solar generation,"Solar",2018-05-31,38,1130
NGET-EMFIP-AGWS-TS-00211985,Wind generation,"Wind Onshore",2018-05-31,37,694.343
NGET-EMFIP-AGWS-TS-00211984,Wind generation,"Wind Offshore",2018-05-31,37,497.782
NGET-EMFIP-AGWS-TS-00211983,Solar generation,"Solar",2018-05-31,37,1510
NGET-EMFIP-AGWS-TS-00211982,Wind generation,"Wind Onshore",2018-05-31,36,700.539
NGET-EMFIP-AGWS-TS-00211981,Wind generation,"Wind Offshore",2018-05-31,36,490.59
NGET-EMFIP-AGWS-TS-00211980,Solar generation,"Solar",2018-05-31,36,2070
NGET-EMFIP-AGWS-TS-00211979,Wind generation,"Wind Onshore",2018-05-31,35,673.159
NGET-EMFIP-AGWS-TS-00211978,Wind generation,"Wind Offshore",2018-05-31,35,462.081
NGET-EMFIP-AGWS-TS-00211977,Solar generation,"Solar",2018-05-31,35,2430
NGET-EMFIP-AGWS-TS-00211976,Wind generation,"Wind Onshore",2018-05-31,34,650.219
NGET-EMFIP-AGWS-TS-00211975,Wind generation,"Wind Offshore",2018-05-31,34,495.535
NGET-EMFIP-AGWS-TS-00211974,Solar generation,"Solar",2018-05-31,34,2690
NGET-EMFIP-AGWS-TS-00211973,Wind generation,"Wind Onshore",2018-05-31,33,627.362
NGET-EMFIP-AGWS-TS-00211972,Wind generation,"Wind Offshore",2018-05-31,33,443.259
NGET-EMFIP-AGWS-TS-00211971,Solar generation,"Solar",2018-05-31,33,3000
NGET-EMFIP-AGWS-TS-00211970,Wind generation,"Wind Onshore",2018-05-31,32,670.236
NGET-EMFIP-AGWS-TS-00211969,Wind generation,"Wind Offshore",2018-05-31,32,459.295
NGET-EMFIP-AGWS-TS-00211968,Solar generation,"Solar",2018-05-31,32,3330
NGET-EMFIP-AGWS-TS-00211967,Wind generation,"Wind Onshore",2018-05-31,31,684.107
NGET-EMFIP-AGWS-TS-00211966,Wind generation,"Wind Offshore",2018-05-31,31,484.518
NGET-EMFIP-AGWS-TS-00211965,Solar generation,"Solar",2018-05-31,31,3720
NGET-EMFIP-AGWS-TS-00211964,Wind generation,"Wind Onshore",2018-05-31,30,661.313
NGET-EMFIP-AGWS-TS-00211963,Wind generation,"Wind Offshore",2018-05-31,30,534.793
NGET-EMFIP-AGWS-TS-00211962,Solar generation,"Solar",2018-05-31,30,4100
NGET-EMFIP-AGWS-TS-00211961,Wind generation,"Wind Onshore",2018-05-31,29,675.543
NGET-EMFIP-AGWS-TS-00211960,Wind generation,"Wind Offshore",2018-05-31,29,492.255
NGET-EMFIP-AGWS-TS-00211959,Solar generation,"Solar",2018-05-31,29,4370
NGET-EMFIP-AGWS-TS-00211944,Wind generation,"Wind Onshore",2018-05-31,28,717.264
NGET-EMFIP-AGWS-TS-00211943,Wind generation,"Wind Offshore",2018-05-31,28,532.948
NGET-EMFIP-AGWS-TS-00211942,Solar generation,"Solar",2018-05-31,28,4500
NGET-EMFIP-AGWS-TS-00211941,Wind generation,"Wind Onshore",2018-05-31,27,736.669
NGET-EMFIP-AGWS-TS-00211940,Wind generation,"Wind Offshore",2018-05-31,27,606.2
NGET-EMFIP-AGWS-TS-00211939,Solar generation,"Solar",2018-05-31,27,4500
NGET-EMFIP-AGWS-TS-00211938,Wind generation,"Wind Onshore",2018-05-31,26,752.416
NGET-EMFIP-AGWS-TS-00211937,Wind generation,"Wind Offshore",2018-05-31,26,575.127
NGET-EMFIP-AGWS-TS-00211936,Solar generation,"Solar",2018-05-31,26,4600
NGET-EMFIP-AGWS-TS-00211935,Wind generation,"Wind Onshore",2018-05-31,25,706.484
NGET-EMFIP-AGWS-TS-00211934,Wind generation,"Wind Offshore",2018-05-31,25,637.635
NGET-EMFIP-AGWS-TS-00211933,Solar generation,"Solar",2018-05-31,25,4480
NGET-EMFIP-AGWS-TS-00211932,Wind generation,"Wind Onshore",2018-05-31,24,663.989
NGET-EMFIP-AGWS-TS-00211931,Wind generation,"Wind Offshore",2018-05-31,24,532.043
NGET-EMFIP-AGWS-TS-00211930,Solar generation,"Solar",2018-05-31,24,4210
NGET-EMFIP-AGWS-TS-00211929,Wind generation,"Wind Onshore",2018-05-31,23,664.516
NGET-EMFIP-AGWS-TS-00211928,Wind generation,"Wind Offshore",2018-05-31,23,479.191
NGET-EMFIP-AGWS-TS-00211927,Solar generation,"Solar",2018-05-31,23,3900
NGET-EMFIP-AGWS-TS-00211926,Wind generation,"Wind Onshore",2018-05-31,22,604.018
NGET-EMFIP-AGWS-TS-00211925,Wind generation,"Wind Offshore",2018-05-31,22,503.823
NGET-EMFIP-AGWS-TS-00211924,Solar generation,"Solar",2018-05-31,22,3560
NGET-EMFIP-AGWS-TS-00211923,Wind generation,"Wind Onshore",2018-05-31,21,596.667
NGET-EMFIP-AGWS-TS-00211922,Wind generation,"Wind Offshore",2018-05-31,21,541.636
NGET-EMFIP-AGWS-TS-00211921,Solar generation,"Solar",2018-05-31,21,3350
NGET-EMFIP-AGWS-TS-00211920,Wind generation,"Wind Onshore",2018-05-31,20,615.423
NGET-EMFIP-AGWS-TS-00211919,Wind generation,"Wind Offshore",2018-05-31,20,557.481
NGET-EMFIP-AGWS-TS-00211918,Solar generation,"Solar",2018-05-31,20,2780
NGET-EMFIP-AGWS-TS-00211917,Wind generation,"Wind Onshore",2018-05-31,19,691.468
NGET-EMFIP-AGWS-TS-00211916,Wind generation,"Wind Offshore",2018-05-31,19,583.034
NGET-EMFIP-AGWS-TS-00211915,Solar generation,"Solar",2018-05-31,19,2320
NGET-EMFIP-AGWS-TS-00211914,Wind generation,"Wind Onshore",2018-05-31,18,629.495
NGET-EMFIP-AGWS-TS-00211913,Wind generation,"Wind Offshore",2018-05-31,18,566.233
NGET-EMFIP-AGWS-TS-00211912,Solar generation,"Solar",2018-05-31,18,1850
NGET-EMFIP-AGWS-TS-00211911,Wind generation,"Wind Onshore",2018-05-31,17,628.986
NGET-EMFIP-AGWS-TS-00211910,Wind generation,"Wind Offshore",2018-05-31,17,521.12
NGET-EMFIP-AGWS-TS-00211909,Solar generation,"Solar",2018-05-31,17,1400
NGET-EMFIP-AGWS-TS-00211908,Wind generation,"Wind Onshore",2018-05-31,16,635.649
NGET-EMFIP-AGWS-TS-00211907,Wind generation,"Wind Offshore",2018-05-31,16,490.24
NGET-EMFIP-AGWS-TS-00211906,Solar generation,"Solar",2018-05-31,16,1060
NGET-EMFIP-AGWS-TS-00211905,Wind generation,"Wind Onshore",2018-05-31,15,596.877
NGET-EMFIP-AGWS-TS-00211904,Wind generation,"Wind Offshore",2018-05-31,15,466.544
NGET-EMFIP-AGWS-TS-00211903,Solar generation,"Solar",2018-05-31,15,743
NGET-EMFIP-AGWS-TS-00211902,Wind generation,"Wind Onshore",2018-05-31,14,597.489
NGET-EMFIP-AGWS-TS-00211901,Wind generation,"Wind Offshore",2018-05-31,14,435.066
NGET-EMFIP-AGWS-TS-00211900,Solar generation,"Solar",2018-05-31,14,480
NGET-EMFIP-AGWS-TS-00211899,Wind generation,"Wind Onshore",2018-05-31,13,627.492
NGET-EMFIP-AGWS-TS-00211898,Wind generation,"Wind Offshore",2018-05-31,13,395.287
NGET-EMFIP-AGWS-TS-00211897,Solar generation,"Solar",2018-05-31,13,252
NGET-EMFIP-AGWS-TS-00211896,Wind generation,"Wind Onshore",2018-05-31,12,631.545
NGET-EMFIP-AGWS-TS-00211895,Wind generation,"Wind Offshore",2018-05-31,12,346.513
NGET-EMFIP-AGWS-TS-00211894,Solar generation,"Solar",2018-05-31,12,89
NGET-EMFIP-AGWS-TS-00211893,Wind generation,"Wind Onshore",2018-05-31,11,603.787
NGET-EMFIP-AGWS-TS-00211892,Wind generation,"Wind Offshore",2018-05-31,11,331.673
NGET-EMFIP-AGWS-TS-00211891,Solar generation,"Solar",2018-05-31,11,8
NGET-EMFIP-AGWS-TS-00211890,Wind generation,"Wind Onshore",2018-05-31,10,614.504
NGET-EMFIP-AGWS-TS-00211889,Wind generation,"Wind Offshore",2018-05-31,10,317.508
NGET-EMFIP-AGWS-TS-00211888,Solar generation,"Solar",2018-05-31,10,2
NGET-EMFIP-AGWS-TS-00211887,Wind generation,"Wind Onshore",2018-05-31,9,606.183
NGET-EMFIP-AGWS-TS-00211886,Wind generation,"Wind Offshore",2018-05-31,9,307.687
NGET-EMFIP-AGWS-TS-00211885,Solar generation,"Solar",2018-05-31,9,1
NGET-EMFIP-AGWS-TS-00211884,Wind generation,"Wind Onshore",2018-05-31,8,649.113
NGET-EMFIP-AGWS-TS-00211883,Wind generation,"Wind Offshore",2018-05-31,8,229.594
NGET-EMFIP-AGWS-TS-00211882,Solar generation,"Solar",2018-05-31,8,1
NGET-EMFIP-AGWS-TS-00211881,Wind generation,"Wind Onshore",2018-05-31,7,681.822
NGET-EMFIP-AGWS-TS-00211880,Wind generation,"Wind Offshore",2018-05-31,7,228.244
NGET-EMFIP-AGWS-TS-00211879,Solar generation,"Solar",2018-05-31,7,1
NGET-EMFIP-AGWS-TS-00211874,Wind generation,"Wind Onshore",2018-05-31,6,741.728
NGET-EMFIP-AGWS-TS-00211873,Wind generation,"Wind Offshore",2018-05-31,6,278.198
NGET-EMFIP-AGWS-TS-00211872,Solar generation,"Solar",2018-05-31,6,1
NGET-EMFIP-AGWS-TS-00211871,Wind generation,"Wind Onshore",2018-05-31,5,687.051
NGET-EMFIP-AGWS-TS-00211870,Wind generation,"Wind Offshore",2018-05-31,5,337.686
NGET-EMFIP-AGWS-TS-00211869,Solar generation,"Solar",2018-05-31,5,0
NGET-EMFIP-AGWS-TS-00211868,Wind generation,"Wind Onshore",2018-05-31,4,712.466
NGET-EMFIP-AGWS-TS-00211867,Wind generation,"Wind Offshore",2018-05-31,4,395.713
NGET-EMFIP-AGWS-TS-00211866,Solar generation,"Solar",2018-05-31,4,0
NGET-EMFIP-AGWS-TS-00211865,Wind generation,"Wind Onshore",2018-05-31,3,813.239
NGET-EMFIP-AGWS-TS-00211864,Wind generation,"Wind Offshore",2018-05-31,3,446.366
NGET-EMFIP-AGWS-TS-00211863,Solar generation,"Solar",2018-05-31,3,0
NGET-EMFIP-AGWS-TS-00211862,Wind generation,"Wind Onshore",2018-05-31,2,865.038
NGET-EMFIP-AGWS-TS-00211861,Wind generation,"Wind Offshore",2018-05-31,2,373.922
NGET-EMFIP-AGWS-TS-00211860,Solar generation,"Solar",2018-05-31,2,0
NGET-EMFIP-AGWS-TS-00211859,Wind generation,"Wind Onshore",2018-05-31,1,909.969
NGET-EMFIP-AGWS-TS-00211858,Wind generation,"Wind Offshore",2018-05-31,1,332.818
NGET-EMFIP-AGWS-TS-00211857,Solar generation,"Solar",2018-05-31,1,0