Actual Or Estimated Wind And Solar Power Generation (B1630)
Time Series ID,Business Type,PSR Type,Settlement  Date,Settlement Period,Quantity (MW)
NGET-EMFIP-AGWS-TS-00209413,Wind generation,"Wind Onshore",2018-05-15,48,4081.268
NGET-EMFIP-AGWS-TS-00209412,Wind generation,"Wind Offshore",2018-05-15,48,1989.885
NGET-EMFIP-AGWS-TS-00209411,Solar generation,"Solar",2018-05-15,48,0
NGET-EMFIP-AGWS-TS-00209410,Wind generation,"Wind Onshore",2018-05-15,47,4198.515
NGET-EMFIP-AGWS-TS-00209409,Wind generation,"Wind Offshore",2018-05-15,47,2014.467
NGET-EMFIP-AGWS-TS-00209408,Solar generation,"Solar",2018-05-15,47,0
NGET-EMFIP-AGWS-TS-00209407,Wind generation,"Wind Onshore",2018-05-15,46,4292.563
NGET-EMFIP-AGWS-TS-00209406,Wind generation,"Wind Offshore",2018-05-15,46,2052.201
NGET-EMFIP-AGWS-TS-00209405,Solar generation,"Solar",2018-05-15,46,0
NGET-EMFIP-AGWS-TS-00209404,Wind generation,"Wind Onshore",2018-05-15,45,4276.603
NGET-EMFIP-AGWS-TS-00209403,Wind generation,"Wind Offshore",2018-05-15,45,2011.261
NGET-EMFIP-AGWS-TS-00209402,Solar generation,"Solar",2018-05-15,45,1
NGET-EMFIP-AGWS-TS-00209401,Wind generation,"Wind Onshore",2018-05-15,44,4259.458
NGET-EMFIP-AGWS-TS-00209400,Wind generation,"Wind Offshore",2018-05-15,44,1937.332
NGET-EMFIP-AGWS-TS-00209399,Solar generation,"Solar",2018-05-15,44,9
NGET-EMFIP-AGWS-TS-00209382,Wind generation,"Wind Onshore",2018-05-15,43,4288.217
NGET-EMFIP-AGWS-TS-00209381,Wind generation,"Wind Offshore",2018-05-15,43,1931.501
NGET-EMFIP-AGWS-TS-00209380,Solar generation,"Solar",2018-05-15,43,235
NGET-EMFIP-AGWS-TS-00209379,Wind generation,"Wind Onshore",2018-05-15,42,4111.208
NGET-EMFIP-AGWS-TS-00209378,Wind generation,"Wind Offshore",2018-05-15,42,1856.524
NGET-EMFIP-AGWS-TS-00209377,Solar generation,"Solar",2018-05-15,42,17
NGET-EMFIP-AGWS-TS-00209376,Wind generation,"Wind Onshore",2018-05-15,41,3891.385
NGET-EMFIP-AGWS-TS-00209375,Wind generation,"Wind Offshore",2018-05-15,41,1838.424
NGET-EMFIP-AGWS-TS-00209374,Solar generation,"Solar",2018-05-15,41,147
NGET-EMFIP-AGWS-TS-00209373,Wind generation,"Wind Onshore",2018-05-15,40,4124.773
NGET-EMFIP-AGWS-TS-00209372,Wind generation,"Wind Offshore",2018-05-15,40,1703.632
NGET-EMFIP-AGWS-TS-00209371,Solar generation,"Solar",2018-05-15,40,481
NGET-EMFIP-AGWS-TS-00209370,Wind generation,"Wind Onshore",2018-05-15,39,4045.362
NGET-EMFIP-AGWS-TS-00209369,Wind generation,"Wind Offshore",2018-05-15,39,1391.825
NGET-EMFIP-AGWS-TS-00209368,Solar generation,"Solar",2018-05-15,39,982
NGET-EMFIP-AGWS-TS-00209367,Wind generation,"Wind Onshore",2018-05-15,38,3828.682
NGET-EMFIP-AGWS-TS-00209366,Wind generation,"Wind Offshore",2018-05-15,38,1159.653
NGET-EMFIP-AGWS-TS-00209365,Solar generation,"Solar",2018-05-15,38,1610
NGET-EMFIP-AGWS-TS-00209364,Wind generation,"Wind Onshore",2018-05-15,37,3646.893
NGET-EMFIP-AGWS-TS-00209363,Wind generation,"Wind Offshore",2018-05-15,37,981.274
NGET-EMFIP-AGWS-TS-00209362,Solar generation,"Solar",2018-05-15,37,2360
NGET-EMFIP-AGWS-TS-00209361,Wind generation,"Wind Onshore",2018-05-15,36,3392.386
NGET-EMFIP-AGWS-TS-00209360,Wind generation,"Wind Offshore",2018-05-15,36,939.1
NGET-EMFIP-AGWS-TS-00209359,Solar generation,"Solar",2018-05-15,36,3170
NGET-EMFIP-AGWS-TS-00209358,Wind generation,"Wind Onshore",2018-05-15,35,3343.377
NGET-EMFIP-AGWS-TS-00209357,Wind generation,"Wind Offshore",2018-05-15,35,927.256
NGET-EMFIP-AGWS-TS-00209356,Solar generation,"Solar",2018-05-15,35,4090
NGET-EMFIP-AGWS-TS-00209355,Wind generation,"Wind Onshore",2018-05-15,34,2949.561
NGET-EMFIP-AGWS-TS-00209354,Wind generation,"Wind Offshore",2018-05-15,34,966.057
NGET-EMFIP-AGWS-TS-00209353,Solar generation,"Solar",2018-05-15,34,5030
NGET-EMFIP-AGWS-TS-00209352,Wind generation,"Wind Onshore",2018-05-15,33,2857.754
NGET-EMFIP-AGWS-TS-00209351,Wind generation,"Wind Offshore",2018-05-15,33,1027.34
NGET-EMFIP-AGWS-TS-00209350,Solar generation,"Solar",2018-05-15,33,5910
NGET-EMFIP-AGWS-TS-00209349,Wind generation,"Wind Onshore",2018-05-15,32,2456.844
NGET-EMFIP-AGWS-TS-00209348,Wind generation,"Wind Offshore",2018-05-15,32,1028.446
NGET-EMFIP-AGWS-TS-00209347,Solar generation,"Solar",2018-05-15,32,6620
NGET-EMFIP-AGWS-TS-00209346,Wind generation,"Wind Onshore",2018-05-15,31,2438.611
NGET-EMFIP-AGWS-TS-00209345,Wind generation,"Wind Offshore",2018-05-15,31,1027.885
NGET-EMFIP-AGWS-TS-00209344,Solar generation,"Solar",2018-05-15,31,7300
NGET-EMFIP-AGWS-TS-00209343,Wind generation,"Wind Onshore",2018-05-15,30,2271.316
NGET-EMFIP-AGWS-TS-00209342,Wind generation,"Wind Offshore",2018-05-15,30,1007.064
NGET-EMFIP-AGWS-TS-00209341,Solar generation,"Solar",2018-05-15,30,7870
NGET-EMFIP-AGWS-TS-00209340,Wind generation,"Wind Onshore",2018-05-15,29,2226.154
NGET-EMFIP-AGWS-TS-00209339,Wind generation,"Wind Offshore",2018-05-15,29,1074.931
NGET-EMFIP-AGWS-TS-00209338,Solar generation,"Solar",2018-05-15,29,8457
NGET-EMFIP-AGWS-TS-00209337,Wind generation,"Wind Onshore",2018-05-15,28,2069.511
NGET-EMFIP-AGWS-TS-00209336,Wind generation,"Wind Offshore",2018-05-15,28,1105.894
NGET-EMFIP-AGWS-TS-00209335,Solar generation,"Solar",2018-05-15,28,8610
NGET-EMFIP-AGWS-TS-00209334,Wind generation,"Wind Onshore",2018-05-15,27,2056.169
NGET-EMFIP-AGWS-TS-00209333,Wind generation,"Wind Offshore",2018-05-15,27,1062.397
NGET-EMFIP-AGWS-TS-00209332,Solar generation,"Solar",2018-05-15,27,8780
NGET-EMFIP-AGWS-TS-00209331,Wind generation,"Wind Onshore",2018-05-15,26,1884.074
NGET-EMFIP-AGWS-TS-00209330,Wind generation,"Wind Offshore",2018-05-15,26,982.907
NGET-EMFIP-AGWS-TS-00209329,Solar generation,"Solar",2018-05-15,26,8730
NGET-EMFIP-AGWS-TS-00209328,Wind generation,"Wind Onshore",2018-05-15,25,1810.525
NGET-EMFIP-AGWS-TS-00209327,Wind generation,"Wind Offshore",2018-05-15,25,980.886
NGET-EMFIP-AGWS-TS-00209326,Solar generation,"Solar",2018-05-15,25,8620
NGET-EMFIP-AGWS-TS-00209325,Wind generation,"Wind Onshore",2018-05-15,24,1603.656
NGET-EMFIP-AGWS-TS-00209324,Wind generation,"Wind Offshore",2018-05-15,24,1073.558
NGET-EMFIP-AGWS-TS-00209323,Solar generation,"Solar",2018-05-15,24,8360
NGET-EMFIP-AGWS-TS-00209322,Wind generation,"Wind Onshore",2018-05-15,23,1497.908
NGET-EMFIP-AGWS-TS-00209321,Wind generation,"Wind Offshore",2018-05-15,23,1086.446
NGET-EMFIP-AGWS-TS-00209320,Solar generation,"Solar",2018-05-15,23,7880
NGET-EMFIP-AGWS-TS-00209319,Wind generation,"Wind Onshore",2018-05-15,22,1404.838
NGET-EMFIP-AGWS-TS-00209318,Wind generation,"Wind Offshore",2018-05-15,22,1143.245
NGET-EMFIP-AGWS-TS-00209317,Solar generation,"Solar",2018-05-15,22,7090
NGET-EMFIP-AGWS-TS-00209316,Wind generation,"Wind Onshore",2018-05-15,21,1262.995
NGET-EMFIP-AGWS-TS-00209315,Wind generation,"Wind Offshore",2018-05-15,21,1096.657
NGET-EMFIP-AGWS-TS-00209314,Solar generation,"Solar",2018-05-15,21,6340
NGET-EMFIP-AGWS-TS-00209313,Wind generation,"Wind Onshore",2018-05-15,20,1163.444
NGET-EMFIP-AGWS-TS-00209312,Wind generation,"Wind Offshore",2018-05-15,20,1207.891
NGET-EMFIP-AGWS-TS-00209311,Solar generation,"Solar",2018-05-15,20,5510
NGET-EMFIP-AGWS-TS-00209310,Wind generation,"Wind Onshore",2018-05-15,19,1112.562
NGET-EMFIP-AGWS-TS-00209309,Wind generation,"Wind Offshore",2018-05-15,19,1227.952
NGET-EMFIP-AGWS-TS-00209308,Solar generation,"Solar",2018-05-15,19,4630
NGET-EMFIP-AGWS-TS-00209307,Wind generation,"Wind Onshore",2018-05-15,18,945.472
NGET-EMFIP-AGWS-TS-00209306,Wind generation,"Wind Offshore",2018-05-15,18,1210.467
NGET-EMFIP-AGWS-TS-00209305,Solar generation,"Solar",2018-05-15,18,3810
NGET-EMFIP-AGWS-TS-00209304,Wind generation,"Wind Onshore",2018-05-15,17,823.776
NGET-EMFIP-AGWS-TS-00209303,Wind generation,"Wind Offshore",2018-05-15,17,1241.109
NGET-EMFIP-AGWS-TS-00209302,Solar generation,"Solar",2018-05-15,17,2227
NGET-EMFIP-AGWS-TS-00209301,Wind generation,"Wind Onshore",2018-05-15,16,842.658
NGET-EMFIP-AGWS-TS-00209300,Wind generation,"Wind Offshore",2018-05-15,16,1287.724
NGET-EMFIP-AGWS-TS-00209299,Solar generation,"Solar",2018-05-15,16,2120
NGET-EMFIP-AGWS-TS-00209298,Wind generation,"Wind Onshore",2018-05-15,15,820.113
NGET-EMFIP-AGWS-TS-00209297,Wind generation,"Wind Offshore",2018-05-15,15,1265.63
NGET-EMFIP-AGWS-TS-00209296,Solar generation,"Solar",2018-05-15,15,1440
NGET-EMFIP-AGWS-TS-00209295,Wind generation,"Wind Onshore",2018-05-15,14,842.147
NGET-EMFIP-AGWS-TS-00209294,Wind generation,"Wind Offshore",2018-05-15,14,1334.256
NGET-EMFIP-AGWS-TS-00209293,Solar generation,"Solar",2018-05-15,14,874
NGET-EMFIP-AGWS-TS-00209292,Wind generation,"Wind Onshore",2018-05-15,13,832.537
NGET-EMFIP-AGWS-TS-00209291,Wind generation,"Wind Offshore",2018-05-15,13,1343.249
NGET-EMFIP-AGWS-TS-00209290,Solar generation,"Solar",2018-05-15,13,441
NGET-EMFIP-AGWS-TS-00209289,Wind generation,"Wind Onshore",2018-05-15,12,885.038
NGET-EMFIP-AGWS-TS-00209288,Wind generation,"Wind Offshore",2018-05-15,12,1354.431
NGET-EMFIP-AGWS-TS-00209287,Solar generation,"Solar",2018-05-15,12,126
NGET-EMFIP-AGWS-TS-00209286,Wind generation,"Wind Onshore",2018-05-15,11,869.694
NGET-EMFIP-AGWS-TS-00209285,Wind generation,"Wind Offshore",2018-05-15,11,1376.291
NGET-EMFIP-AGWS-TS-00209284,Solar generation,"Solar",2018-05-15,11,7
NGET-EMFIP-AGWS-TS-00209283,Wind generation,"Wind Onshore",2018-05-15,10,907.481
NGET-EMFIP-AGWS-TS-00209282,Wind generation,"Wind Offshore",2018-05-15,10,1459.232
NGET-EMFIP-AGWS-TS-00209281,Solar generation,"Solar",2018-05-15,10,1
NGET-EMFIP-AGWS-TS-00209280,Wind generation,"Wind Onshore",2018-05-15,9,895.578
NGET-EMFIP-AGWS-TS-00209279,Wind generation,"Wind Offshore",2018-05-15,9,1461.461
NGET-EMFIP-AGWS-TS-00209278,Solar generation,"Solar",2018-05-15,9,1
NGET-EMFIP-AGWS-TS-00209277,Wind generation,"Wind Onshore",2018-05-15,8,908.651
NGET-EMFIP-AGWS-TS-00209276,Wind generation,"Wind Offshore",2018-05-15,8,1497.712
NGET-EMFIP-AGWS-TS-00209275,Solar generation,"Solar",2018-05-15,8,0
NGET-EMFIP-AGWS-TS-00209274,Wind generation,"Wind Onshore",2018-05-15,7,878.448
NGET-EMFIP-AGWS-TS-00209273,Wind generation,"Wind Offshore",2018-05-15,7,1484.538
NGET-EMFIP-AGWS-TS-00209272,Solar generation,"Solar",2018-05-15,7,0
NGET-EMFIP-AGWS-TS-00209271,Wind generation,"Wind Onshore",2018-05-15,6,874.953
NGET-EMFIP-AGWS-TS-00209270,Wind generation,"Wind Offshore",2018-05-15,6,1517.708
NGET-EMFIP-AGWS-TS-00209269,Solar generation,"Solar",2018-05-15,6,1
NGET-EMFIP-AGWS-TS-00209268,Wind generation,"Wind Onshore",2018-05-15,5,892.717
NGET-EMFIP-AGWS-TS-00209267,Wind generation,"Wind Offshore",2018-05-15,5,1595.493
NGET-EMFIP-AGWS-TS-00209266,Solar generation,"Solar",2018-05-15,5,2
NGET-EMFIP-AGWS-TS-00209265,Wind generation,"Wind Onshore",2018-05-15,4,887.422
NGET-EMFIP-AGWS-TS-00209264,Wind generation,"Wind Offshore",2018-05-15,4,1575.268
NGET-EMFIP-AGWS-TS-00209263,Solar generation,"Solar",2018-05-15,4,0
NGET-EMFIP-AGWS-TS-00209262,Wind generation,"Wind Onshore",2018-05-15,3,915.296
NGET-EMFIP-AGWS-TS-00209261,Wind generation,"Wind Offshore",2018-05-15,3,1655.207
NGET-EMFIP-AGWS-TS-00209260,Solar generation,"Solar",2018-05-15,3,0
NGET-EMFIP-AGWS-TS-00209259,Wind generation,"Wind Onshore",2018-05-15,2,905.807
NGET-EMFIP-AGWS-TS-00209258,Wind generation,"Wind Offshore",2018-05-15,2,1657.321
NGET-EMFIP-AGWS-TS-00209257,Solar generation,"Solar",2018-05-15,2,0
NGET-EMFIP-AGWS-TS-00209256,Wind generation,"Wind Onshore",2018-05-15,1,922.655
NGET-EMFIP-AGWS-TS-00209255,Wind generation,"Wind Offshore",2018-05-15,1,1695.489
NGET-EMFIP-AGWS-TS-00209254,Solar generation,"Solar",2018-05-15,1,0