Actual Or Estimated Wind And Solar Power Generation (B1630)
Time Series ID,Business Type,PSR Type,Settlement  Date,Settlement Period,Quantity (MW)
NGET-EMFIP-AGWS-TS-00231439,Wind generation,"Wind Onshore",2018-09-24,48,1412.988
NGET-EMFIP-AGWS-TS-00231438,Wind generation,"Wind Offshore",2018-09-24,48,716.446
NGET-EMFIP-AGWS-TS-00231437,Solar generation,"Solar",2018-09-24,48,0
NGET-EMFIP-AGWS-TS-00231436,Wind generation,"Wind Onshore",2018-09-24,47,1428.681
NGET-EMFIP-AGWS-TS-00231435,Wind generation,"Wind Offshore",2018-09-24,47,677.766
NGET-EMFIP-AGWS-TS-00231434,Solar generation,"Solar",2018-09-24,47,0
NGET-EMFIP-AGWS-TS-00231433,Wind generation,"Wind Onshore",2018-09-24,46,1448.176
NGET-EMFIP-AGWS-TS-00231432,Wind generation,"Wind Offshore",2018-09-24,46,684.885
NGET-EMFIP-AGWS-TS-00231431,Solar generation,"Solar",2018-09-24,46,0
NGET-EMFIP-AGWS-TS-00231430,Wind generation,"Wind Onshore",2018-09-24,45,1428.527
NGET-EMFIP-AGWS-TS-00231429,Wind generation,"Wind Offshore",2018-09-24,45,683.147
NGET-EMFIP-AGWS-TS-00231428,Solar generation,"Solar",2018-09-24,45,0
NGET-EMFIP-AGWS-TS-00231427,Wind generation,"Wind Onshore",2018-09-24,44,1428.307
NGET-EMFIP-AGWS-TS-00231426,Wind generation,"Wind Offshore",2018-09-24,44,626.024
NGET-EMFIP-AGWS-TS-00231425,Solar generation,"Solar",2018-09-24,44,3
NGET-EMFIP-AGWS-TS-00231424,Wind generation,"Wind Onshore",2018-09-24,43,1383.416
NGET-EMFIP-AGWS-TS-00231423,Wind generation,"Wind Offshore",2018-09-24,43,623.047
NGET-EMFIP-AGWS-TS-00231422,Solar generation,"Solar",2018-09-24,43,0
NGET-EMFIP-AGWS-TS-00231421,Wind generation,"Wind Onshore",2018-09-24,42,1371.328
NGET-EMFIP-AGWS-TS-00231420,Wind generation,"Wind Offshore",2018-09-24,42,681.057
NGET-EMFIP-AGWS-TS-00231419,Solar generation,"Solar",2018-09-24,42,3
NGET-EMFIP-AGWS-TS-00231418,Wind generation,"Wind Onshore",2018-09-24,41,1371.827
NGET-EMFIP-AGWS-TS-00231417,Wind generation,"Wind Offshore",2018-09-24,41,682.393
NGET-EMFIP-AGWS-TS-00231416,Solar generation,"Solar",2018-09-24,41,4
NGET-EMFIP-AGWS-TS-00231415,Wind generation,"Wind Onshore",2018-09-24,40,1390.735
NGET-EMFIP-AGWS-TS-00231414,Wind generation,"Wind Offshore",2018-09-24,40,731.574
NGET-EMFIP-AGWS-TS-00231413,Solar generation,"Solar",2018-09-24,40,6
NGET-EMFIP-AGWS-TS-00231412,Wind generation,"Wind Onshore",2018-09-24,39,1382.631
NGET-EMFIP-AGWS-TS-00231411,Wind generation,"Wind Offshore",2018-09-24,39,763.636
NGET-EMFIP-AGWS-TS-00231410,Solar generation,"Solar",2018-09-24,39,4
NGET-EMFIP-AGWS-TS-00231409,Wind generation,"Wind Onshore",2018-09-24,38,1482.455
NGET-EMFIP-AGWS-TS-00231408,Wind generation,"Wind Offshore",2018-09-24,38,740.644
NGET-EMFIP-AGWS-TS-00231407,Solar generation,"Solar",2018-09-24,38,47
NGET-EMFIP-AGWS-TS-00231406,Wind generation,"Wind Onshore",2018-09-24,37,1560.128
NGET-EMFIP-AGWS-TS-00231405,Wind generation,"Wind Offshore",2018-09-24,37,738.914
NGET-EMFIP-AGWS-TS-00231404,Solar generation,"Solar",2018-09-24,37,532
NGET-EMFIP-AGWS-TS-00231403,Wind generation,"Wind Onshore",2018-09-24,36,1934.544
NGET-EMFIP-AGWS-TS-00231402,Wind generation,"Wind Offshore",2018-09-24,36,761.084
NGET-EMFIP-AGWS-TS-00231401,Solar generation,"Solar",2018-09-24,36,1540
NGET-EMFIP-AGWS-TS-00231400,Wind generation,"Wind Onshore",2018-09-24,35,2041.352
NGET-EMFIP-AGWS-TS-00231399,Wind generation,"Wind Offshore",2018-09-24,35,774.57
NGET-EMFIP-AGWS-TS-00231398,Solar generation,"Solar",2018-09-24,35,2430
NGET-EMFIP-AGWS-TS-00231397,Wind generation,"Wind Onshore",2018-09-24,34,2491.838
NGET-EMFIP-AGWS-TS-00231396,Wind generation,"Wind Offshore",2018-09-24,34,817.098
NGET-EMFIP-AGWS-TS-00231395,Solar generation,"Solar",2018-09-24,34,3210
NGET-EMFIP-AGWS-TS-00231394,Wind generation,"Wind Onshore",2018-09-24,33,2492.864
NGET-EMFIP-AGWS-TS-00231393,Wind generation,"Wind Offshore",2018-09-24,33,898.707
NGET-EMFIP-AGWS-TS-00231392,Solar generation,"Solar",2018-09-24,33,3860
NGET-EMFIP-AGWS-TS-00231391,Wind generation,"Wind Onshore",2018-09-24,32,2749.123
NGET-EMFIP-AGWS-TS-00231390,Wind generation,"Wind Offshore",2018-09-24,32,928.154
NGET-EMFIP-AGWS-TS-00231389,Solar generation,"Solar",2018-09-24,32,4610
NGET-EMFIP-AGWS-TS-00231388,Wind generation,"Wind Onshore",2018-09-24,31,2755.561
NGET-EMFIP-AGWS-TS-00231387,Wind generation,"Wind Offshore",2018-09-24,31,919.902
NGET-EMFIP-AGWS-TS-00231386,Solar generation,"Solar",2018-09-24,31,5020
NGET-EMFIP-AGWS-TS-00231385,Wind generation,"Wind Onshore",2018-09-24,30,2841.218
NGET-EMFIP-AGWS-TS-00231384,Wind generation,"Wind Offshore",2018-09-24,30,988.048
NGET-EMFIP-AGWS-TS-00231383,Solar generation,"Solar",2018-09-24,30,5490
NGET-EMFIP-AGWS-TS-00231382,Wind generation,"Wind Onshore",2018-09-24,29,2796.69
NGET-EMFIP-AGWS-TS-00231381,Wind generation,"Wind Offshore",2018-09-24,29,1075.538
NGET-EMFIP-AGWS-TS-00231380,Solar generation,"Solar",2018-09-24,29,5829
NGET-EMFIP-AGWS-TS-00231379,Wind generation,"Wind Onshore",2018-09-24,28,2666.11
NGET-EMFIP-AGWS-TS-00231378,Wind generation,"Wind Offshore",2018-09-24,28,1091.233
NGET-EMFIP-AGWS-TS-00231377,Solar generation,"Solar",2018-09-24,28,6270
NGET-EMFIP-AGWS-TS-00231376,Wind generation,"Wind Onshore",2018-09-24,27,2839.502
NGET-EMFIP-AGWS-TS-00231375,Wind generation,"Wind Offshore",2018-09-24,27,1147.112
NGET-EMFIP-AGWS-TS-00231374,Solar generation,"Solar",2018-09-24,27,6111
NGET-EMFIP-AGWS-TS-00231373,Wind generation,"Wind Onshore",2018-09-24,26,2805.542
NGET-EMFIP-AGWS-TS-00231372,Wind generation,"Wind Offshore",2018-09-24,26,1173.312
NGET-EMFIP-AGWS-TS-00231371,Solar generation,"Solar",2018-09-24,26,6550
NGET-EMFIP-AGWS-TS-00231370,Wind generation,"Wind Onshore",2018-09-24,25,2866.799
NGET-EMFIP-AGWS-TS-00231369,Wind generation,"Wind Offshore",2018-09-24,25,1187.78
NGET-EMFIP-AGWS-TS-00231368,Solar generation,"Solar",2018-09-24,25,6820
NGET-EMFIP-AGWS-TS-00231367,Wind generation,"Wind Onshore",2018-09-24,24,2733.582
NGET-EMFIP-AGWS-TS-00231366,Wind generation,"Wind Offshore",2018-09-24,24,1216.27
NGET-EMFIP-AGWS-TS-00231365,Solar generation,"Solar",2018-09-24,24,6600
NGET-EMFIP-AGWS-TS-00231364,Wind generation,"Wind Onshore",2018-09-24,23,2621.197
NGET-EMFIP-AGWS-TS-00231363,Wind generation,"Wind Offshore",2018-09-24,23,1301.965
NGET-EMFIP-AGWS-TS-00231362,Solar generation,"Solar",2018-09-24,23,6310
NGET-EMFIP-AGWS-TS-00231361,Wind generation,"Wind Onshore",2018-09-24,22,2403.22
NGET-EMFIP-AGWS-TS-00231360,Wind generation,"Wind Offshore",2018-09-24,22,1358.232
NGET-EMFIP-AGWS-TS-00231359,Solar generation,"Solar",2018-09-24,22,5710
NGET-EMFIP-AGWS-TS-00231358,Wind generation,"Wind Onshore",2018-09-24,21,2357.327
NGET-EMFIP-AGWS-TS-00231357,Wind generation,"Wind Offshore",2018-09-24,21,1423.997
NGET-EMFIP-AGWS-TS-00231356,Solar generation,"Solar",2018-09-24,21,3402
NGET-EMFIP-AGWS-TS-00231355,Wind generation,"Wind Onshore",2018-09-24,20,2200.872
NGET-EMFIP-AGWS-TS-00231354,Wind generation,"Wind Offshore",2018-09-24,20,1554.904
NGET-EMFIP-AGWS-TS-00231353,Solar generation,"Solar",2018-09-24,20,4330
NGET-EMFIP-AGWS-TS-00231352,Wind generation,"Wind Onshore",2018-09-24,19,2108.946
NGET-EMFIP-AGWS-TS-00231351,Wind generation,"Wind Offshore",2018-09-24,19,1569.751
NGET-EMFIP-AGWS-TS-00231350,Solar generation,"Solar",2018-09-24,19,3430
NGET-EMFIP-AGWS-TS-00231349,Wind generation,"Wind Onshore",2018-09-24,18,2317.851
NGET-EMFIP-AGWS-TS-00231348,Wind generation,"Wind Offshore",2018-09-24,18,1734.511
NGET-EMFIP-AGWS-TS-00231347,Solar generation,"Solar",2018-09-24,18,2510
NGET-EMFIP-AGWS-TS-00231346,Wind generation,"Wind Onshore",2018-09-24,17,2374.929
NGET-EMFIP-AGWS-TS-00231345,Wind generation,"Wind Offshore",2018-09-24,17,1756.843
NGET-EMFIP-AGWS-TS-00231344,Solar generation,"Solar",2018-09-24,17,613
NGET-EMFIP-AGWS-TS-00231343,Wind generation,"Wind Onshore",2018-09-24,16,2540.016
NGET-EMFIP-AGWS-TS-00231342,Wind generation,"Wind Offshore",2018-09-24,16,1834.804
NGET-EMFIP-AGWS-TS-00231341,Solar generation,"Solar",2018-09-24,16,795
NGET-EMFIP-AGWS-TS-00231340,Wind generation,"Wind Onshore",2018-09-24,15,2535.572
NGET-EMFIP-AGWS-TS-00231339,Wind generation,"Wind Offshore",2018-09-24,15,1900.486
NGET-EMFIP-AGWS-TS-00231338,Solar generation,"Solar",2018-09-24,15,154
NGET-EMFIP-AGWS-TS-00231337,Wind generation,"Wind Onshore",2018-09-24,14,2781.588
NGET-EMFIP-AGWS-TS-00231336,Wind generation,"Wind Offshore",2018-09-24,14,1856.333
NGET-EMFIP-AGWS-TS-00231335,Solar generation,"Solar",2018-09-24,14,2
NGET-EMFIP-AGWS-TS-00231334,Wind generation,"Wind Onshore",2018-09-24,13,3133.608
NGET-EMFIP-AGWS-TS-00231333,Wind generation,"Wind Offshore",2018-09-24,13,2036.256
NGET-EMFIP-AGWS-TS-00231332,Solar generation,"Solar",2018-09-24,13,0
NGET-EMFIP-AGWS-TS-00231331,Wind generation,"Wind Onshore",2018-09-24,12,3284.346
NGET-EMFIP-AGWS-TS-00231330,Wind generation,"Wind Offshore",2018-09-24,12,2138.891
NGET-EMFIP-AGWS-TS-00231329,Solar generation,"Solar",2018-09-24,12,0
NGET-EMFIP-AGWS-TS-00231328,Wind generation,"Wind Onshore",2018-09-24,11,3350.623
NGET-EMFIP-AGWS-TS-00231327,Wind generation,"Wind Offshore",2018-09-24,11,2064.62
NGET-EMFIP-AGWS-TS-00231326,Solar generation,"Solar",2018-09-24,11,0
NGET-EMFIP-AGWS-TS-00231325,Wind generation,"Wind Onshore",2018-09-24,10,3449.678
NGET-EMFIP-AGWS-TS-00231324,Wind generation,"Wind Offshore",2018-09-24,10,2080.353
NGET-EMFIP-AGWS-TS-00231323,Solar generation,"Solar",2018-09-24,10,0
NGET-EMFIP-AGWS-TS-00231322,Wind generation,"Wind Onshore",2018-09-24,9,3427.468
NGET-EMFIP-AGWS-TS-00231321,Wind generation,"Wind Offshore",2018-09-24,9,2314.896
NGET-EMFIP-AGWS-TS-00231320,Solar generation,"Solar",2018-09-24,9,0
NGET-EMFIP-AGWS-TS-00231319,Wind generation,"Wind Onshore",2018-09-24,8,3537.602
NGET-EMFIP-AGWS-TS-00231318,Wind generation,"Wind Offshore",2018-09-24,8,2395.734
NGET-EMFIP-AGWS-TS-00231317,Solar generation,"Solar",2018-09-24,8,0
NGET-EMFIP-AGWS-TS-00231313,Wind generation,"Wind Onshore",2018-09-24,6,3473.669
NGET-EMFIP-AGWS-TS-00231312,Wind generation,"Wind Offshore",2018-09-24,6,2480.187
NGET-EMFIP-AGWS-TS-00231311,Solar generation,"Solar",2018-09-24,6,0
NGET-EMFIP-AGWS-TS-00231310,Wind generation,"Wind Onshore",2018-09-24,5,3755.674
NGET-EMFIP-AGWS-TS-00231309,Wind generation,"Wind Offshore",2018-09-24,5,2606.632
NGET-EMFIP-AGWS-TS-00231308,Solar generation,"Solar",2018-09-24,5,0
NGET-EMFIP-AGWS-TS-00231307,Wind generation,"Wind Onshore",2018-09-24,4,3834.369
NGET-EMFIP-AGWS-TS-00231306,Wind generation,"Wind Offshore",2018-09-24,4,2591.526
NGET-EMFIP-AGWS-TS-00231305,Solar generation,"Solar",2018-09-24,4,0
NGET-EMFIP-AGWS-TS-00231304,Wind generation,"Wind Onshore",2018-09-24,3,3905.784
NGET-EMFIP-AGWS-TS-00231303,Wind generation,"Wind Offshore",2018-09-24,3,2764.161
NGET-EMFIP-AGWS-TS-00231302,Solar generation,"Solar",2018-09-24,3,0
NGET-EMFIP-AGWS-TS-00231301,Wind generation,"Wind Onshore",2018-09-24,2,4117.665
NGET-EMFIP-AGWS-TS-00231300,Wind generation,"Wind Offshore",2018-09-24,2,2756.828
NGET-EMFIP-AGWS-TS-00231299,Solar generation,"Solar",2018-09-24,2,0
NGET-EMFIP-AGWS-TS-00231298,Wind generation,"Wind Onshore",2018-09-24,1,4248.618
NGET-EMFIP-AGWS-TS-00231297,Wind generation,"Wind Offshore",2018-09-24,1,2780.261
NGET-EMFIP-AGWS-TS-00231296,Solar generation,"Solar",2018-09-24,1,0