Actual Or Estimated Wind And Solar Power Generation (B1630)
Time Series ID,Business Type,PSR Type,Settlement  Date,Settlement Period,Quantity (MW)
NGET-EMFIP-AGWS-TS-00217216,Wind generation,"Wind Onshore",2018-06-30,48,2084.389
NGET-EMFIP-AGWS-TS-00217215,Wind generation,"Wind Offshore",2018-06-30,48,1792.418
NGET-EMFIP-AGWS-TS-00217214,Solar generation,"Solar",2018-06-30,48,0
NGET-EMFIP-AGWS-TS-00217213,Wind generation,"Wind Onshore",2018-06-30,47,2182.726
NGET-EMFIP-AGWS-TS-00217212,Wind generation,"Wind Offshore",2018-06-30,47,1895.431
NGET-EMFIP-AGWS-TS-00217211,Solar generation,"Solar",2018-06-30,47,0
NGET-EMFIP-AGWS-TS-00217210,Wind generation,"Wind Onshore",2018-06-30,46,2221.267
NGET-EMFIP-AGWS-TS-00217209,Wind generation,"Wind Offshore",2018-06-30,46,2052.677
NGET-EMFIP-AGWS-TS-00217208,Solar generation,"Solar",2018-06-30,46,0
NGET-EMFIP-AGWS-TS-00217207,Wind generation,"Wind Onshore",2018-06-30,45,2138.838
NGET-EMFIP-AGWS-TS-00217206,Wind generation,"Wind Offshore",2018-06-30,45,2124.12
NGET-EMFIP-AGWS-TS-00217205,Solar generation,"Solar",2018-06-30,45,7
NGET-EMFIP-AGWS-TS-00217204,Wind generation,"Wind Onshore",2018-06-30,44,2195.685
NGET-EMFIP-AGWS-TS-00217203,Wind generation,"Wind Offshore",2018-06-30,44,2174.358
NGET-EMFIP-AGWS-TS-00217202,Solar generation,"Solar",2018-06-30,44,14
NGET-EMFIP-AGWS-TS-00217201,Wind generation,"Wind Onshore",2018-06-30,43,2225.93
NGET-EMFIP-AGWS-TS-00217200,Wind generation,"Wind Offshore",2018-06-30,43,2145.997
NGET-EMFIP-AGWS-TS-00217199,Solar generation,"Solar",2018-06-30,43,781
NGET-EMFIP-AGWS-TS-00217189,Wind generation,"Wind Onshore",2018-06-30,42,2156.788
NGET-EMFIP-AGWS-TS-00217188,Wind generation,"Wind Offshore",2018-06-30,42,2017.275
NGET-EMFIP-AGWS-TS-00217187,Solar generation,"Solar",2018-06-30,42,272
NGET-EMFIP-AGWS-TS-00217186,Wind generation,"Wind Onshore",2018-06-30,41,2165.736
NGET-EMFIP-AGWS-TS-00217185,Wind generation,"Wind Offshore",2018-06-30,41,1842.821
NGET-EMFIP-AGWS-TS-00217184,Solar generation,"Solar",2018-06-30,41,656
NGET-EMFIP-AGWS-TS-00217183,Wind generation,"Wind Onshore",2018-06-30,40,2177.825
NGET-EMFIP-AGWS-TS-00217182,Wind generation,"Wind Offshore",2018-06-30,40,1691.644
NGET-EMFIP-AGWS-TS-00217181,Solar generation,"Solar",2018-06-30,40,1170
NGET-EMFIP-AGWS-TS-00217180,Wind generation,"Wind Onshore",2018-06-30,39,2107.383
NGET-EMFIP-AGWS-TS-00217179,Wind generation,"Wind Offshore",2018-06-30,39,1569.687
NGET-EMFIP-AGWS-TS-00217178,Solar generation,"Solar",2018-06-30,39,1770
NGET-EMFIP-AGWS-TS-00217177,Wind generation,"Wind Onshore",2018-06-30,38,1999.007
NGET-EMFIP-AGWS-TS-00217176,Wind generation,"Wind Offshore",2018-06-30,38,1503.272
NGET-EMFIP-AGWS-TS-00217175,Solar generation,"Solar",2018-06-30,38,2480
NGET-EMFIP-AGWS-TS-00217174,Wind generation,"Wind Onshore",2018-06-30,37,1974.382
NGET-EMFIP-AGWS-TS-00217173,Wind generation,"Wind Offshore",2018-06-30,37,1339.654
NGET-EMFIP-AGWS-TS-00217172,Solar generation,"Solar",2018-06-30,37,3270
NGET-EMFIP-AGWS-TS-00217171,Wind generation,"Wind Onshore",2018-06-30,36,1964.294
NGET-EMFIP-AGWS-TS-00217170,Wind generation,"Wind Offshore",2018-06-30,36,1159.073
NGET-EMFIP-AGWS-TS-00217169,Solar generation,"Solar",2018-06-30,36,4080
NGET-EMFIP-AGWS-TS-00217168,Wind generation,"Wind Onshore",2018-06-30,35,1926.379
NGET-EMFIP-AGWS-TS-00217167,Wind generation,"Wind Offshore",2018-06-30,35,1235.423
NGET-EMFIP-AGWS-TS-00217166,Solar generation,"Solar",2018-06-30,35,4970
NGET-EMFIP-AGWS-TS-00217165,Wind generation,"Wind Onshore",2018-06-30,34,1892.765
NGET-EMFIP-AGWS-TS-00217164,Wind generation,"Wind Offshore",2018-06-30,34,1119.982
NGET-EMFIP-AGWS-TS-00217163,Solar generation,"Solar",2018-06-30,34,5810
NGET-EMFIP-AGWS-TS-00217162,Wind generation,"Wind Onshore",2018-06-30,33,1938.228
NGET-EMFIP-AGWS-TS-00217161,Wind generation,"Wind Offshore",2018-06-30,33,1129.285
NGET-EMFIP-AGWS-TS-00217160,Solar generation,"Solar",2018-06-30,33,6600
NGET-EMFIP-AGWS-TS-00217159,Wind generation,"Wind Onshore",2018-06-30,32,1897.263
NGET-EMFIP-AGWS-TS-00217158,Wind generation,"Wind Offshore",2018-06-30,32,1016.423
NGET-EMFIP-AGWS-TS-00217157,Solar generation,"Solar",2018-06-30,32,7320
NGET-EMFIP-AGWS-TS-00217156,Wind generation,"Wind Onshore",2018-06-30,31,1919.519
NGET-EMFIP-AGWS-TS-00217155,Wind generation,"Wind Offshore",2018-06-30,31,974.274
NGET-EMFIP-AGWS-TS-00217154,Solar generation,"Solar",2018-06-30,31,7940
NGET-EMFIP-AGWS-TS-00217153,Wind generation,"Wind Onshore",2018-06-30,30,1917.323
NGET-EMFIP-AGWS-TS-00217152,Wind generation,"Wind Offshore",2018-06-30,30,922.265
NGET-EMFIP-AGWS-TS-00217151,Solar generation,"Solar",2018-06-30,30,8420
NGET-EMFIP-AGWS-TS-00217150,Wind generation,"Wind Onshore",2018-06-30,29,1842.367
NGET-EMFIP-AGWS-TS-00217149,Wind generation,"Wind Offshore",2018-06-30,29,935.346
NGET-EMFIP-AGWS-TS-00217148,Solar generation,"Solar",2018-06-30,29,8579
NGET-EMFIP-AGWS-TS-00217147,Wind generation,"Wind Onshore",2018-06-30,28,1797.979
NGET-EMFIP-AGWS-TS-00217146,Wind generation,"Wind Offshore",2018-06-30,28,935.816
NGET-EMFIP-AGWS-TS-00217145,Solar generation,"Solar",2018-06-30,28,8980
NGET-EMFIP-AGWS-TS-00217144,Wind generation,"Wind Onshore",2018-06-30,27,1724.241
NGET-EMFIP-AGWS-TS-00217143,Wind generation,"Wind Offshore",2018-06-30,27,853.602
NGET-EMFIP-AGWS-TS-00217142,Solar generation,"Solar",2018-06-30,27,9040
NGET-EMFIP-AGWS-TS-00217141,Wind generation,"Wind Onshore",2018-06-30,26,1545.145
NGET-EMFIP-AGWS-TS-00217140,Wind generation,"Wind Offshore",2018-06-30,26,750.73
NGET-EMFIP-AGWS-TS-00217139,Solar generation,"Solar",2018-06-30,26,8990
NGET-EMFIP-AGWS-TS-00217119,Wind generation,"Wind Onshore",2018-06-30,25,1507.921
NGET-EMFIP-AGWS-TS-00217118,Wind generation,"Wind Offshore",2018-06-30,25,724.483
NGET-EMFIP-AGWS-TS-00217117,Solar generation,"Solar",2018-06-30,25,8750
NGET-EMFIP-AGWS-TS-00217116,Wind generation,"Wind Onshore",2018-06-30,24,1415.112
NGET-EMFIP-AGWS-TS-00217115,Wind generation,"Wind Offshore",2018-06-30,24,698.534
NGET-EMFIP-AGWS-TS-00217114,Solar generation,"Solar",2018-06-30,24,8450
NGET-EMFIP-AGWS-TS-00217113,Wind generation,"Wind Onshore",2018-06-30,23,1306.343
NGET-EMFIP-AGWS-TS-00217112,Wind generation,"Wind Offshore",2018-06-30,23,703.796
NGET-EMFIP-AGWS-TS-00217111,Solar generation,"Solar",2018-06-30,23,7930
NGET-EMFIP-AGWS-TS-00217110,Wind generation,"Wind Onshore",2018-06-30,22,1212.983
NGET-EMFIP-AGWS-TS-00217109,Wind generation,"Wind Offshore",2018-06-30,22,739.66
NGET-EMFIP-AGWS-TS-00217108,Solar generation,"Solar",2018-06-30,22,7120
NGET-EMFIP-AGWS-TS-00217107,Wind generation,"Wind Onshore",2018-06-30,21,1225.269
NGET-EMFIP-AGWS-TS-00217106,Wind generation,"Wind Offshore",2018-06-30,21,801.813
NGET-EMFIP-AGWS-TS-00217105,Solar generation,"Solar",2018-06-30,21,6480
NGET-EMFIP-AGWS-TS-00217104,Wind generation,"Wind Onshore",2018-06-30,20,1178.133
NGET-EMFIP-AGWS-TS-00217103,Wind generation,"Wind Offshore",2018-06-30,20,822.809
NGET-EMFIP-AGWS-TS-00217102,Solar generation,"Solar",2018-06-30,20,5620
NGET-EMFIP-AGWS-TS-00217101,Wind generation,"Wind Onshore",2018-06-30,19,1145.228
NGET-EMFIP-AGWS-TS-00217100,Wind generation,"Wind Offshore",2018-06-30,19,865.759
NGET-EMFIP-AGWS-TS-00217099,Solar generation,"Solar",2018-06-30,19,4630
NGET-EMFIP-AGWS-TS-00217079,Wind generation,"Wind Onshore",2018-06-30,18,1154.547
NGET-EMFIP-AGWS-TS-00217078,Wind generation,"Wind Offshore",2018-06-30,18,896.106
NGET-EMFIP-AGWS-TS-00217077,Solar generation,"Solar",2018-06-30,18,3620
NGET-EMFIP-AGWS-TS-00217076,Wind generation,"Wind Onshore",2018-06-30,17,1166.219
NGET-EMFIP-AGWS-TS-00217075,Wind generation,"Wind Offshore",2018-06-30,17,835.369
NGET-EMFIP-AGWS-TS-00217074,Solar generation,"Solar",2018-06-30,17,2760
NGET-EMFIP-AGWS-TS-00217073,Wind generation,"Wind Onshore",2018-06-30,16,1141.105
NGET-EMFIP-AGWS-TS-00217072,Wind generation,"Wind Offshore",2018-06-30,16,863.454
NGET-EMFIP-AGWS-TS-00217071,Solar generation,"Solar",2018-06-30,16,1910
NGET-EMFIP-AGWS-TS-00217070,Wind generation,"Wind Onshore",2018-06-30,15,1238.322
NGET-EMFIP-AGWS-TS-00217069,Wind generation,"Wind Offshore",2018-06-30,15,808.578
NGET-EMFIP-AGWS-TS-00217068,Solar generation,"Solar",2018-06-30,15,1310
NGET-EMFIP-AGWS-TS-00217067,Wind generation,"Wind Onshore",2018-06-30,14,1305.462
NGET-EMFIP-AGWS-TS-00217066,Wind generation,"Wind Offshore",2018-06-30,14,773.354
NGET-EMFIP-AGWS-TS-00217065,Solar generation,"Solar",2018-06-30,14,801
NGET-EMFIP-AGWS-TS-00217064,Wind generation,"Wind Onshore",2018-06-30,13,1346.506
NGET-EMFIP-AGWS-TS-00217063,Wind generation,"Wind Offshore",2018-06-30,13,827.229
NGET-EMFIP-AGWS-TS-00217062,Solar generation,"Solar",2018-06-30,13,448
NGET-EMFIP-AGWS-TS-00217061,Wind generation,"Wind Onshore",2018-06-30,12,1431.541
NGET-EMFIP-AGWS-TS-00217060,Wind generation,"Wind Offshore",2018-06-30,12,913.348
NGET-EMFIP-AGWS-TS-00217059,Solar generation,"Solar",2018-06-30,12,185
NGET-EMFIP-AGWS-TS-00217053,Wind generation,"Wind Onshore",2018-06-30,11,1442.384
NGET-EMFIP-AGWS-TS-00217052,Wind generation,"Wind Offshore",2018-06-30,11,876.278
NGET-EMFIP-AGWS-TS-00217051,Solar generation,"Solar",2018-06-30,11,35
NGET-EMFIP-AGWS-TS-00217050,Wind generation,"Wind Onshore",2018-06-30,10,1442.886
NGET-EMFIP-AGWS-TS-00217049,Wind generation,"Wind Offshore",2018-06-30,10,1008.437
NGET-EMFIP-AGWS-TS-00217048,Solar generation,"Solar",2018-06-30,10,3
NGET-EMFIP-AGWS-TS-00217047,Wind generation,"Wind Onshore",2018-06-30,9,1419.289
NGET-EMFIP-AGWS-TS-00217046,Wind generation,"Wind Offshore",2018-06-30,9,1064.864
NGET-EMFIP-AGWS-TS-00217045,Solar generation,"Solar",2018-06-30,9,2
NGET-EMFIP-AGWS-TS-00217044,Wind generation,"Wind Onshore",2018-06-30,8,1394.775
NGET-EMFIP-AGWS-TS-00217043,Wind generation,"Wind Offshore",2018-06-30,8,1102.078
NGET-EMFIP-AGWS-TS-00217042,Solar generation,"Solar",2018-06-30,8,2
NGET-EMFIP-AGWS-TS-00217041,Wind generation,"Wind Onshore",2018-06-30,7,1424.784
NGET-EMFIP-AGWS-TS-00217040,Wind generation,"Wind Offshore",2018-06-30,7,1156.407
NGET-EMFIP-AGWS-TS-00217039,Solar generation,"Solar",2018-06-30,7,0
NGET-EMFIP-AGWS-TS-00217034,Wind generation,"Wind Onshore",2018-06-30,6,1533.161
NGET-EMFIP-AGWS-TS-00217033,Wind generation,"Wind Offshore",2018-06-30,6,1281.332
NGET-EMFIP-AGWS-TS-00217032,Solar generation,"Solar",2018-06-30,6,2
NGET-EMFIP-AGWS-TS-00217031,Wind generation,"Wind Onshore",2018-06-30,5,1656.632
NGET-EMFIP-AGWS-TS-00217030,Wind generation,"Wind Offshore",2018-06-30,5,1334.355
NGET-EMFIP-AGWS-TS-00217029,Solar generation,"Solar",2018-06-30,5,2
NGET-EMFIP-AGWS-TS-00217028,Wind generation,"Wind Onshore",2018-06-30,4,1722.173
NGET-EMFIP-AGWS-TS-00217027,Wind generation,"Wind Offshore",2018-06-30,4,1538.318
NGET-EMFIP-AGWS-TS-00217026,Solar generation,"Solar",2018-06-30,4,0
NGET-EMFIP-AGWS-TS-00217025,Wind generation,"Wind Onshore",2018-06-30,3,1729.534
NGET-EMFIP-AGWS-TS-00217024,Wind generation,"Wind Offshore",2018-06-30,3,1560.593
NGET-EMFIP-AGWS-TS-00217023,Solar generation,"Solar",2018-06-30,3,0
NGET-EMFIP-AGWS-TS-00217022,Wind generation,"Wind Onshore",2018-06-30,2,1811.239
NGET-EMFIP-AGWS-TS-00217021,Wind generation,"Wind Offshore",2018-06-30,2,1742.407
NGET-EMFIP-AGWS-TS-00217020,Solar generation,"Solar",2018-06-30,2,0
NGET-EMFIP-AGWS-TS-00217019,Wind generation,"Wind Onshore",2018-06-30,1,1808.905
NGET-EMFIP-AGWS-TS-00217018,Wind generation,"Wind Offshore",2018-06-30,1,1845.975
NGET-EMFIP-AGWS-TS-00217017,Solar generation,"Solar",2018-06-30,1,0