Actual Or Estimated Wind And Solar Power Generation (B1630)
Time Series ID,Business Type,PSR Type,Settlement  Date,Settlement Period,Quantity (MW)
NGET-EMFIP-AGWS-TS-00214202,Wind generation,"Wind Onshore",2018-06-13,48,5218.328
NGET-EMFIP-AGWS-TS-00214201,Wind generation,"Wind Offshore",2018-06-13,48,3215.978
NGET-EMFIP-AGWS-TS-00214200,Solar generation,"Solar",2018-06-13,48,0
NGET-EMFIP-AGWS-TS-00214199,Wind generation,"Wind Onshore",2018-06-13,47,5169.24
NGET-EMFIP-AGWS-TS-00214198,Wind generation,"Wind Offshore",2018-06-13,47,3199.61
NGET-EMFIP-AGWS-TS-00214197,Solar generation,"Solar",2018-06-13,47,0
NGET-EMFIP-AGWS-TS-00214196,Wind generation,"Wind Onshore",2018-06-13,46,5296.75
NGET-EMFIP-AGWS-TS-00214195,Wind generation,"Wind Offshore",2018-06-13,46,3249.902
NGET-EMFIP-AGWS-TS-00214194,Solar generation,"Solar",2018-06-13,46,0
NGET-EMFIP-AGWS-TS-00214193,Wind generation,"Wind Onshore",2018-06-13,45,5296.522
NGET-EMFIP-AGWS-TS-00214192,Wind generation,"Wind Offshore",2018-06-13,45,3229.622
NGET-EMFIP-AGWS-TS-00214191,Solar generation,"Solar",2018-06-13,45,8
NGET-EMFIP-AGWS-TS-00214190,Wind generation,"Wind Onshore",2018-06-13,44,5225.261
NGET-EMFIP-AGWS-TS-00214189,Wind generation,"Wind Offshore",2018-06-13,44,3156.409
NGET-EMFIP-AGWS-TS-00214188,Solar generation,"Solar",2018-06-13,44,4
NGET-EMFIP-AGWS-TS-00214187,Wind generation,"Wind Onshore",2018-06-13,43,5375.648
NGET-EMFIP-AGWS-TS-00214186,Wind generation,"Wind Offshore",2018-06-13,43,3120.985
NGET-EMFIP-AGWS-TS-00214185,Solar generation,"Solar",2018-06-13,43,12
NGET-EMFIP-AGWS-TS-00214184,Wind generation,"Wind Onshore",2018-06-13,42,5104.018
NGET-EMFIP-AGWS-TS-00214183,Wind generation,"Wind Offshore",2018-06-13,42,2913.601
NGET-EMFIP-AGWS-TS-00214182,Solar generation,"Solar",2018-06-13,42,81
NGET-EMFIP-AGWS-TS-00214181,Wind generation,"Wind Onshore",2018-06-13,41,5178.71
NGET-EMFIP-AGWS-TS-00214180,Wind generation,"Wind Offshore",2018-06-13,41,2871.3
NGET-EMFIP-AGWS-TS-00214179,Solar generation,"Solar",2018-06-13,41,266
NGET-EMFIP-AGWS-TS-00214178,Wind generation,"Wind Onshore",2018-06-13,40,5163.154
NGET-EMFIP-AGWS-TS-00214177,Wind generation,"Wind Offshore",2018-06-13,40,2657.579
NGET-EMFIP-AGWS-TS-00214176,Solar generation,"Solar",2018-06-13,40,535
NGET-EMFIP-AGWS-TS-00214175,Wind generation,"Wind Onshore",2018-06-13,39,5213.483
NGET-EMFIP-AGWS-TS-00214174,Wind generation,"Wind Offshore",2018-06-13,39,2594.109
NGET-EMFIP-AGWS-TS-00214173,Solar generation,"Solar",2018-06-13,39,858
NGET-EMFIP-AGWS-TS-00214172,Wind generation,"Wind Onshore",2018-06-13,38,5414.082
NGET-EMFIP-AGWS-TS-00214171,Wind generation,"Wind Offshore",2018-06-13,38,2477.607
NGET-EMFIP-AGWS-TS-00214170,Solar generation,"Solar",2018-06-13,38,1280
NGET-EMFIP-AGWS-TS-00214169,Wind generation,"Wind Onshore",2018-06-13,37,5097.795
NGET-EMFIP-AGWS-TS-00214168,Wind generation,"Wind Offshore",2018-06-13,37,2270.881
NGET-EMFIP-AGWS-TS-00214167,Solar generation,"Solar",2018-06-13,37,1690
NGET-EMFIP-AGWS-TS-00214166,Wind generation,"Wind Onshore",2018-06-13,36,4762.679
NGET-EMFIP-AGWS-TS-00214165,Wind generation,"Wind Offshore",2018-06-13,36,2123.81
NGET-EMFIP-AGWS-TS-00214164,Solar generation,"Solar",2018-06-13,36,2120
NGET-EMFIP-AGWS-TS-00214163,Wind generation,"Wind Onshore",2018-06-13,35,4095.06
NGET-EMFIP-AGWS-TS-00214162,Wind generation,"Wind Offshore",2018-06-13,35,1992.152
NGET-EMFIP-AGWS-TS-00214161,Solar generation,"Solar",2018-06-13,35,2750
NGET-EMFIP-AGWS-TS-00214160,Wind generation,"Wind Onshore",2018-06-13,34,3595.623
NGET-EMFIP-AGWS-TS-00214159,Wind generation,"Wind Offshore",2018-06-13,34,1707.115
NGET-EMFIP-AGWS-TS-00214158,Solar generation,"Solar",2018-06-13,34,3330
NGET-EMFIP-AGWS-TS-00214157,Wind generation,"Wind Onshore",2018-06-13,33,3644.497
NGET-EMFIP-AGWS-TS-00214156,Wind generation,"Wind Offshore",2018-06-13,33,1463.296
NGET-EMFIP-AGWS-TS-00214155,Solar generation,"Solar",2018-06-13,33,3950
NGET-EMFIP-AGWS-TS-00214154,Wind generation,"Wind Onshore",2018-06-13,32,3534.459
NGET-EMFIP-AGWS-TS-00214153,Wind generation,"Wind Offshore",2018-06-13,32,1245.951
NGET-EMFIP-AGWS-TS-00214152,Solar generation,"Solar",2018-06-13,32,4390
NGET-EMFIP-AGWS-TS-00214151,Wind generation,"Wind Onshore",2018-06-13,31,3359.866
NGET-EMFIP-AGWS-TS-00214150,Wind generation,"Wind Offshore",2018-06-13,31,947.145
NGET-EMFIP-AGWS-TS-00214149,Solar generation,"Solar",2018-06-13,31,4780
NGET-EMFIP-AGWS-TS-00214148,Wind generation,"Wind Onshore",2018-06-13,30,3395.742
NGET-EMFIP-AGWS-TS-00214147,Wind generation,"Wind Offshore",2018-06-13,30,766.717
NGET-EMFIP-AGWS-TS-00214146,Solar generation,"Solar",2018-06-13,30,5190
NGET-EMFIP-AGWS-TS-00214145,Wind generation,"Wind Onshore",2018-06-13,29,3480.393
NGET-EMFIP-AGWS-TS-00214144,Wind generation,"Wind Offshore",2018-06-13,29,566.066
NGET-EMFIP-AGWS-TS-00214143,Solar generation,"Solar",2018-06-13,29,5582
NGET-EMFIP-AGWS-TS-00214142,Wind generation,"Wind Onshore",2018-06-13,28,3357.166
NGET-EMFIP-AGWS-TS-00214141,Wind generation,"Wind Offshore",2018-06-13,28,547.188
NGET-EMFIP-AGWS-TS-00214140,Solar generation,"Solar",2018-06-13,28,5560
NGET-EMFIP-AGWS-TS-00214139,Wind generation,"Wind Onshore",2018-06-13,27,3252.173
NGET-EMFIP-AGWS-TS-00214138,Wind generation,"Wind Offshore",2018-06-13,27,484.807
NGET-EMFIP-AGWS-TS-00214137,Solar generation,"Solar",2018-06-13,27,5750
NGET-EMFIP-AGWS-TS-00214133,Wind generation,"Wind Onshore",2018-06-13,25,2789.492
NGET-EMFIP-AGWS-TS-00214132,Wind generation,"Wind Offshore",2018-06-13,25,485.908
NGET-EMFIP-AGWS-TS-00214131,Solar generation,"Solar",2018-06-13,25,5890
NGET-EMFIP-AGWS-TS-00214130,Wind generation,"Wind Onshore",2018-06-13,24,2362.678
NGET-EMFIP-AGWS-TS-00214129,Wind generation,"Wind Offshore",2018-06-13,24,472.595
NGET-EMFIP-AGWS-TS-00214128,Solar generation,"Solar",2018-06-13,24,6000
NGET-EMFIP-AGWS-TS-00214127,Wind generation,"Wind Onshore",2018-06-13,23,2285.046
NGET-EMFIP-AGWS-TS-00214126,Wind generation,"Wind Offshore",2018-06-13,23,429.594
NGET-EMFIP-AGWS-TS-00214125,Solar generation,"Solar",2018-06-13,23,5970
NGET-EMFIP-AGWS-TS-00214124,Wind generation,"Wind Onshore",2018-06-13,22,2010.819
NGET-EMFIP-AGWS-TS-00214123,Wind generation,"Wind Offshore",2018-06-13,22,387.709
NGET-EMFIP-AGWS-TS-00214122,Solar generation,"Solar",2018-06-13,22,5570
NGET-EMFIP-AGWS-TS-00214121,Wind generation,"Wind Onshore",2018-06-13,21,1937.344
NGET-EMFIP-AGWS-TS-00214120,Wind generation,"Wind Offshore",2018-06-13,21,366.498
NGET-EMFIP-AGWS-TS-00214119,Solar generation,"Solar",2018-06-13,21,5280
NGET-EMFIP-AGWS-TS-00214108,Wind generation,"Wind Onshore",2018-06-13,20,1715.818
NGET-EMFIP-AGWS-TS-00214107,Wind generation,"Wind Offshore",2018-06-13,20,337.211
NGET-EMFIP-AGWS-TS-00214106,Solar generation,"Solar",2018-06-13,20,4900
NGET-EMFIP-AGWS-TS-00214105,Wind generation,"Wind Onshore",2018-06-13,19,1490.32
NGET-EMFIP-AGWS-TS-00214104,Wind generation,"Wind Offshore",2018-06-13,19,336.101
NGET-EMFIP-AGWS-TS-00214103,Solar generation,"Solar",2018-06-13,19,4310
NGET-EMFIP-AGWS-TS-00214102,Wind generation,"Wind Onshore",2018-06-13,18,1075.432
NGET-EMFIP-AGWS-TS-00214101,Wind generation,"Wind Offshore",2018-06-13,18,338.681
NGET-EMFIP-AGWS-TS-00214100,Solar generation,"Solar",2018-06-13,18,3650
NGET-EMFIP-AGWS-TS-00214099,Wind generation,"Wind Onshore",2018-06-13,17,855.63
NGET-EMFIP-AGWS-TS-00214098,Wind generation,"Wind Offshore",2018-06-13,17,354.327
NGET-EMFIP-AGWS-TS-00214097,Solar generation,"Solar",2018-06-13,17,2148
NGET-EMFIP-AGWS-TS-00214096,Wind generation,"Wind Onshore",2018-06-13,16,592.654
NGET-EMFIP-AGWS-TS-00214095,Wind generation,"Wind Offshore",2018-06-13,16,363.143
NGET-EMFIP-AGWS-TS-00214094,Solar generation,"Solar",2018-06-13,16,2350
NGET-EMFIP-AGWS-TS-00214093,Wind generation,"Wind Onshore",2018-06-13,15,530.356
NGET-EMFIP-AGWS-TS-00214092,Wind generation,"Wind Offshore",2018-06-13,15,355.37
NGET-EMFIP-AGWS-TS-00214091,Solar generation,"Solar",2018-06-13,15,1740
NGET-EMFIP-AGWS-TS-00214090,Wind generation,"Wind Onshore",2018-06-13,14,471.054
NGET-EMFIP-AGWS-TS-00214089,Wind generation,"Wind Offshore",2018-06-13,14,328.046
NGET-EMFIP-AGWS-TS-00214088,Solar generation,"Solar",2018-06-13,14,1130
NGET-EMFIP-AGWS-TS-00214087,Wind generation,"Wind Onshore",2018-06-13,13,454.55
NGET-EMFIP-AGWS-TS-00214086,Wind generation,"Wind Offshore",2018-06-13,13,333.627
NGET-EMFIP-AGWS-TS-00214085,Solar generation,"Solar",2018-06-13,13,650
NGET-EMFIP-AGWS-TS-00214084,Wind generation,"Wind Onshore",2018-06-13,12,483.684
NGET-EMFIP-AGWS-TS-00214083,Wind generation,"Wind Offshore",2018-06-13,12,336.118
NGET-EMFIP-AGWS-TS-00214082,Solar generation,"Solar",2018-06-13,12,296
NGET-EMFIP-AGWS-TS-00214081,Wind generation,"Wind Onshore",2018-06-13,11,483.938
NGET-EMFIP-AGWS-TS-00214080,Wind generation,"Wind Offshore",2018-06-13,11,315.019
NGET-EMFIP-AGWS-TS-00214079,Solar generation,"Solar",2018-06-13,11,73
NGET-EMFIP-AGWS-TS-00214078,Wind generation,"Wind Onshore",2018-06-13,10,439.311
NGET-EMFIP-AGWS-TS-00214077,Wind generation,"Wind Offshore",2018-06-13,10,347.378
NGET-EMFIP-AGWS-TS-00214076,Solar generation,"Solar",2018-06-13,10,4
NGET-EMFIP-AGWS-TS-00214075,Wind generation,"Wind Onshore",2018-06-13,9,440.773
NGET-EMFIP-AGWS-TS-00214074,Wind generation,"Wind Offshore",2018-06-13,9,321.907
NGET-EMFIP-AGWS-TS-00214073,Solar generation,"Solar",2018-06-13,9,0
NGET-EMFIP-AGWS-TS-00214072,Wind generation,"Wind Onshore",2018-06-13,8,458.308
NGET-EMFIP-AGWS-TS-00214071,Wind generation,"Wind Offshore",2018-06-13,8,369.806
NGET-EMFIP-AGWS-TS-00214070,Solar generation,"Solar",2018-06-13,8,1
NGET-EMFIP-AGWS-TS-00214069,Wind generation,"Wind Onshore",2018-06-13,7,482.725
NGET-EMFIP-AGWS-TS-00214068,Wind generation,"Wind Offshore",2018-06-13,7,387.112
NGET-EMFIP-AGWS-TS-00214067,Solar generation,"Solar",2018-06-13,7,1
NGET-EMFIP-AGWS-TS-00214066,Wind generation,"Wind Onshore",2018-06-13,6,512.271
NGET-EMFIP-AGWS-TS-00214065,Wind generation,"Wind Offshore",2018-06-13,6,419.17
NGET-EMFIP-AGWS-TS-00214064,Solar generation,"Solar",2018-06-13,6,2
NGET-EMFIP-AGWS-TS-00214063,Wind generation,"Wind Onshore",2018-06-13,5,571.381
NGET-EMFIP-AGWS-TS-00214062,Wind generation,"Wind Offshore",2018-06-13,5,474.532
NGET-EMFIP-AGWS-TS-00214061,Solar generation,"Solar",2018-06-13,5,1
NGET-EMFIP-AGWS-TS-00214060,Wind generation,"Wind Onshore",2018-06-13,4,598.751
NGET-EMFIP-AGWS-TS-00214059,Wind generation,"Wind Offshore",2018-06-13,4,522.66
NGET-EMFIP-AGWS-TS-00214058,Solar generation,"Solar",2018-06-13,4,0
NGET-EMFIP-AGWS-TS-00214057,Wind generation,"Wind Onshore",2018-06-13,3,601.788
NGET-EMFIP-AGWS-TS-00214056,Wind generation,"Wind Offshore",2018-06-13,3,620.503
NGET-EMFIP-AGWS-TS-00214055,Solar generation,"Solar",2018-06-13,3,0
NGET-EMFIP-AGWS-TS-00214054,Wind generation,"Wind Onshore",2018-06-13,2,653.907
NGET-EMFIP-AGWS-TS-00214053,Wind generation,"Wind Offshore",2018-06-13,2,702.858
NGET-EMFIP-AGWS-TS-00214052,Solar generation,"Solar",2018-06-13,2,0
NGET-EMFIP-AGWS-TS-00214051,Wind generation,"Wind Onshore",2018-06-13,1,693.559
NGET-EMFIP-AGWS-TS-00214050,Wind generation,"Wind Offshore",2018-06-13,1,756.175
NGET-EMFIP-AGWS-TS-00214049,Solar generation,"Solar",2018-06-13,1,0