Actual Or Estimated Wind And Solar Power Generation (B1630)
Time Series ID,Business Type,PSR Type,Settlement  Date,Settlement Period,Quantity (MW)
NGET-EMFIP-AGWS-TS-00213568,Wind generation,"Wind Onshore",2018-06-09,48,332.145
NGET-EMFIP-AGWS-TS-00213567,Wind generation,"Wind Offshore",2018-06-09,48,352.381
NGET-EMFIP-AGWS-TS-00213566,Solar generation,"Solar",2018-06-09,48,0
NGET-EMFIP-AGWS-TS-00213565,Wind generation,"Wind Onshore",2018-06-09,47,321.949
NGET-EMFIP-AGWS-TS-00213564,Wind generation,"Wind Offshore",2018-06-09,47,284.893
NGET-EMFIP-AGWS-TS-00213563,Solar generation,"Solar",2018-06-09,47,0
NGET-EMFIP-AGWS-TS-00213562,Wind generation,"Wind Onshore",2018-06-09,46,350.481
NGET-EMFIP-AGWS-TS-00213561,Wind generation,"Wind Offshore",2018-06-09,46,289.474
NGET-EMFIP-AGWS-TS-00213560,Solar generation,"Solar",2018-06-09,46,0
NGET-EMFIP-AGWS-TS-00213559,Wind generation,"Wind Onshore",2018-06-09,45,380.365
NGET-EMFIP-AGWS-TS-00213558,Wind generation,"Wind Offshore",2018-06-09,45,334.908
NGET-EMFIP-AGWS-TS-00213557,Solar generation,"Solar",2018-06-09,45,6
NGET-EMFIP-AGWS-TS-00213556,Wind generation,"Wind Onshore",2018-06-09,44,341.684
NGET-EMFIP-AGWS-TS-00213555,Wind generation,"Wind Offshore",2018-06-09,44,293.555
NGET-EMFIP-AGWS-TS-00213554,Solar generation,"Solar",2018-06-09,44,9
NGET-EMFIP-AGWS-TS-00213553,Wind generation,"Wind Onshore",2018-06-09,43,342.965
NGET-EMFIP-AGWS-TS-00213552,Wind generation,"Wind Offshore",2018-06-09,43,267.165
NGET-EMFIP-AGWS-TS-00213551,Solar generation,"Solar",2018-06-09,43,337
NGET-EMFIP-AGWS-TS-00213550,Wind generation,"Wind Onshore",2018-06-09,42,404.369
NGET-EMFIP-AGWS-TS-00213549,Wind generation,"Wind Offshore",2018-06-09,42,314.815
NGET-EMFIP-AGWS-TS-00213548,Solar generation,"Solar",2018-06-09,42,173
NGET-EMFIP-AGWS-TS-00213547,Wind generation,"Wind Onshore",2018-06-09,41,430.671
NGET-EMFIP-AGWS-TS-00213546,Wind generation,"Wind Offshore",2018-06-09,41,399.61
NGET-EMFIP-AGWS-TS-00213545,Solar generation,"Solar",2018-06-09,41,446
NGET-EMFIP-AGWS-TS-00213544,Wind generation,"Wind Onshore",2018-06-09,40,484.179
NGET-EMFIP-AGWS-TS-00213543,Wind generation,"Wind Offshore",2018-06-09,40,431.049
NGET-EMFIP-AGWS-TS-00213542,Solar generation,"Solar",2018-06-09,40,793
NGET-EMFIP-AGWS-TS-00213541,Wind generation,"Wind Onshore",2018-06-09,39,449.964
NGET-EMFIP-AGWS-TS-00213540,Wind generation,"Wind Offshore",2018-06-09,39,406.938
NGET-EMFIP-AGWS-TS-00213539,Solar generation,"Solar",2018-06-09,39,1200
NGET-EMFIP-AGWS-TS-00213538,Wind generation,"Wind Onshore",2018-06-09,38,451.571
NGET-EMFIP-AGWS-TS-00213537,Wind generation,"Wind Offshore",2018-06-09,38,456.771
NGET-EMFIP-AGWS-TS-00213536,Solar generation,"Solar",2018-06-09,38,1700
NGET-EMFIP-AGWS-TS-00213535,Wind generation,"Wind Onshore",2018-06-09,37,475.632
NGET-EMFIP-AGWS-TS-00213534,Wind generation,"Wind Offshore",2018-06-09,37,462.902
NGET-EMFIP-AGWS-TS-00213533,Solar generation,"Solar",2018-06-09,37,2140
NGET-EMFIP-AGWS-TS-00213532,Wind generation,"Wind Onshore",2018-06-09,36,486.698
NGET-EMFIP-AGWS-TS-00213531,Wind generation,"Wind Offshore",2018-06-09,36,455.681
NGET-EMFIP-AGWS-TS-00213530,Solar generation,"Solar",2018-06-09,36,2770
NGET-EMFIP-AGWS-TS-00213529,Wind generation,"Wind Onshore",2018-06-09,35,495.631
NGET-EMFIP-AGWS-TS-00213528,Wind generation,"Wind Offshore",2018-06-09,35,410.792
NGET-EMFIP-AGWS-TS-00213527,Solar generation,"Solar",2018-06-09,35,3390
NGET-EMFIP-AGWS-TS-00213526,Wind generation,"Wind Onshore",2018-06-09,34,527.734
NGET-EMFIP-AGWS-TS-00213525,Wind generation,"Wind Offshore",2018-06-09,34,347.351
NGET-EMFIP-AGWS-TS-00213524,Solar generation,"Solar",2018-06-09,34,4030
NGET-EMFIP-AGWS-TS-00213523,Wind generation,"Wind Onshore",2018-06-09,33,502.106
NGET-EMFIP-AGWS-TS-00213522,Wind generation,"Wind Offshore",2018-06-09,33,332.523
NGET-EMFIP-AGWS-TS-00213521,Solar generation,"Solar",2018-06-09,33,4720
NGET-EMFIP-AGWS-TS-00213520,Wind generation,"Wind Onshore",2018-06-09,32,505.137
NGET-EMFIP-AGWS-TS-00213519,Wind generation,"Wind Offshore",2018-06-09,32,265.001
NGET-EMFIP-AGWS-TS-00213518,Solar generation,"Solar",2018-06-09,32,5200
NGET-EMFIP-AGWS-TS-00213517,Wind generation,"Wind Onshore",2018-06-09,31,543.309
NGET-EMFIP-AGWS-TS-00213516,Wind generation,"Wind Offshore",2018-06-09,31,307.959
NGET-EMFIP-AGWS-TS-00213515,Solar generation,"Solar",2018-06-09,31,5660
NGET-EMFIP-AGWS-TS-00213514,Wind generation,"Wind Onshore",2018-06-09,30,520.482
NGET-EMFIP-AGWS-TS-00213513,Wind generation,"Wind Offshore",2018-06-09,30,321.967
NGET-EMFIP-AGWS-TS-00213512,Solar generation,"Solar",2018-06-09,30,6080
NGET-EMFIP-AGWS-TS-00213511,Wind generation,"Wind Onshore",2018-06-09,29,473.7
NGET-EMFIP-AGWS-TS-00213510,Wind generation,"Wind Offshore",2018-06-09,29,328.303
NGET-EMFIP-AGWS-TS-00213509,Solar generation,"Solar",2018-06-09,29,5413
NGET-EMFIP-AGWS-TS-00213508,Wind generation,"Wind Onshore",2018-06-09,28,471.996
NGET-EMFIP-AGWS-TS-00213507,Wind generation,"Wind Offshore",2018-06-09,28,355.804
NGET-EMFIP-AGWS-TS-00213506,Solar generation,"Solar",2018-06-09,28,6440
NGET-EMFIP-AGWS-TS-00213505,Wind generation,"Wind Onshore",2018-06-09,27,440.928
NGET-EMFIP-AGWS-TS-00213504,Wind generation,"Wind Offshore",2018-06-09,27,360.013
NGET-EMFIP-AGWS-TS-00213503,Solar generation,"Solar",2018-06-09,27,6410
NGET-EMFIP-AGWS-TS-00213502,Wind generation,"Wind Onshore",2018-06-09,26,423.118
NGET-EMFIP-AGWS-TS-00213501,Wind generation,"Wind Offshore",2018-06-09,26,362.785
NGET-EMFIP-AGWS-TS-00213500,Solar generation,"Solar",2018-06-09,26,6500
NGET-EMFIP-AGWS-TS-00213499,Wind generation,"Wind Onshore",2018-06-09,25,433.77
NGET-EMFIP-AGWS-TS-00213498,Wind generation,"Wind Offshore",2018-06-09,25,413.953
NGET-EMFIP-AGWS-TS-00213497,Solar generation,"Solar",2018-06-09,25,6230
NGET-EMFIP-AGWS-TS-00213496,Wind generation,"Wind Onshore",2018-06-09,24,421.699
NGET-EMFIP-AGWS-TS-00213495,Wind generation,"Wind Offshore",2018-06-09,24,410.277
NGET-EMFIP-AGWS-TS-00213494,Solar generation,"Solar",2018-06-09,24,5930
NGET-EMFIP-AGWS-TS-00213493,Wind generation,"Wind Onshore",2018-06-09,23,449.507
NGET-EMFIP-AGWS-TS-00213492,Wind generation,"Wind Offshore",2018-06-09,23,424.462
NGET-EMFIP-AGWS-TS-00213491,Solar generation,"Solar",2018-06-09,23,5370
NGET-EMFIP-AGWS-TS-00213490,Wind generation,"Wind Onshore",2018-06-09,22,443.68
NGET-EMFIP-AGWS-TS-00213489,Wind generation,"Wind Offshore",2018-06-09,22,397.539
NGET-EMFIP-AGWS-TS-00213488,Solar generation,"Solar",2018-06-09,22,4640
NGET-EMFIP-AGWS-TS-00213487,Wind generation,"Wind Onshore",2018-06-09,21,370.421
NGET-EMFIP-AGWS-TS-00213486,Wind generation,"Wind Offshore",2018-06-09,21,355.582
NGET-EMFIP-AGWS-TS-00213485,Solar generation,"Solar",2018-06-09,21,4120
NGET-EMFIP-AGWS-TS-00213484,Wind generation,"Wind Onshore",2018-06-09,20,353.018
NGET-EMFIP-AGWS-TS-00213483,Wind generation,"Wind Offshore",2018-06-09,20,363.603
NGET-EMFIP-AGWS-TS-00213482,Solar generation,"Solar",2018-06-09,20,3500
NGET-EMFIP-AGWS-TS-00213481,Wind generation,"Wind Onshore",2018-06-09,19,311.59
NGET-EMFIP-AGWS-TS-00213480,Wind generation,"Wind Offshore",2018-06-09,19,328.686
NGET-EMFIP-AGWS-TS-00213479,Solar generation,"Solar",2018-06-09,19,2860
NGET-EMFIP-AGWS-TS-00213468,Wind generation,"Wind Onshore",2018-06-09,18,287.33
NGET-EMFIP-AGWS-TS-00213467,Wind generation,"Wind Offshore",2018-06-09,18,344.499
NGET-EMFIP-AGWS-TS-00213466,Solar generation,"Solar",2018-06-09,18,2370
NGET-EMFIP-AGWS-TS-00213465,Wind generation,"Wind Onshore",2018-06-09,17,297.7
NGET-EMFIP-AGWS-TS-00213464,Wind generation,"Wind Offshore",2018-06-09,17,341.006
NGET-EMFIP-AGWS-TS-00213463,Solar generation,"Solar",2018-06-09,17,1430
NGET-EMFIP-AGWS-TS-00213462,Wind generation,"Wind Onshore",2018-06-09,16,313.23
NGET-EMFIP-AGWS-TS-00213461,Wind generation,"Wind Offshore",2018-06-09,16,369.213
NGET-EMFIP-AGWS-TS-00213460,Solar generation,"Solar",2018-06-09,16,1510
NGET-EMFIP-AGWS-TS-00213459,Wind generation,"Wind Onshore",2018-06-09,15,329.378
NGET-EMFIP-AGWS-TS-00213458,Wind generation,"Wind Offshore",2018-06-09,15,405.633
NGET-EMFIP-AGWS-TS-00213457,Solar generation,"Solar",2018-06-09,15,1120
NGET-EMFIP-AGWS-TS-00213456,Wind generation,"Wind Onshore",2018-06-09,14,349.009
NGET-EMFIP-AGWS-TS-00213455,Wind generation,"Wind Offshore",2018-06-09,14,422.115
NGET-EMFIP-AGWS-TS-00213454,Solar generation,"Solar",2018-06-09,14,780
NGET-EMFIP-AGWS-TS-00213453,Wind generation,"Wind Onshore",2018-06-09,13,349.282
NGET-EMFIP-AGWS-TS-00213452,Wind generation,"Wind Offshore",2018-06-09,13,453.958
NGET-EMFIP-AGWS-TS-00213451,Solar generation,"Solar",2018-06-09,13,457
NGET-EMFIP-AGWS-TS-00213450,Wind generation,"Wind Onshore",2018-06-09,12,321.634
NGET-EMFIP-AGWS-TS-00213449,Wind generation,"Wind Offshore",2018-06-09,12,400.49
NGET-EMFIP-AGWS-TS-00213448,Solar generation,"Solar",2018-06-09,12,201
NGET-EMFIP-AGWS-TS-00213447,Wind generation,"Wind Onshore",2018-06-09,11,343.798
NGET-EMFIP-AGWS-TS-00213446,Wind generation,"Wind Offshore",2018-06-09,11,451.983
NGET-EMFIP-AGWS-TS-00213445,Solar generation,"Solar",2018-06-09,11,31
NGET-EMFIP-AGWS-TS-00213444,Wind generation,"Wind Onshore",2018-06-09,10,342.153
NGET-EMFIP-AGWS-TS-00213443,Wind generation,"Wind Offshore",2018-06-09,10,438.017
NGET-EMFIP-AGWS-TS-00213442,Solar generation,"Solar",2018-06-09,10,1
NGET-EMFIP-AGWS-TS-00213441,Wind generation,"Wind Onshore",2018-06-09,9,334.027
NGET-EMFIP-AGWS-TS-00213440,Wind generation,"Wind Offshore",2018-06-09,9,426.46
NGET-EMFIP-AGWS-TS-00213439,Solar generation,"Solar",2018-06-09,9,1
NGET-EMFIP-AGWS-TS-00213437,Wind generation,"Wind Onshore",2018-06-09,8,353.079
NGET-EMFIP-AGWS-TS-00213436,Wind generation,"Wind Offshore",2018-06-09,8,413.548
NGET-EMFIP-AGWS-TS-00213435,Solar generation,"Solar",2018-06-09,8,0
NGET-EMFIP-AGWS-TS-00213434,Wind generation,"Wind Onshore",2018-06-09,7,360.644
NGET-EMFIP-AGWS-TS-00213433,Wind generation,"Wind Offshore",2018-06-09,7,433.43
NGET-EMFIP-AGWS-TS-00213432,Solar generation,"Solar",2018-06-09,7,0
NGET-EMFIP-AGWS-TS-00213431,Wind generation,"Wind Onshore",2018-06-09,6,393.839
NGET-EMFIP-AGWS-TS-00213430,Wind generation,"Wind Offshore",2018-06-09,6,459.162
NGET-EMFIP-AGWS-TS-00213429,Solar generation,"Solar",2018-06-09,6,1
NGET-EMFIP-AGWS-TS-00213428,Wind generation,"Wind Onshore",2018-06-09,5,400.427
NGET-EMFIP-AGWS-TS-00213427,Wind generation,"Wind Offshore",2018-06-09,5,441.999
NGET-EMFIP-AGWS-TS-00213426,Solar generation,"Solar",2018-06-09,5,3
NGET-EMFIP-AGWS-TS-00213425,Wind generation,"Wind Onshore",2018-06-09,4,424.907
NGET-EMFIP-AGWS-TS-00213424,Wind generation,"Wind Offshore",2018-06-09,4,522.683
NGET-EMFIP-AGWS-TS-00213423,Solar generation,"Solar",2018-06-09,4,0
NGET-EMFIP-AGWS-TS-00213422,Wind generation,"Wind Onshore",2018-06-09,3,423.257
NGET-EMFIP-AGWS-TS-00213421,Wind generation,"Wind Offshore",2018-06-09,3,548.111
NGET-EMFIP-AGWS-TS-00213420,Solar generation,"Solar",2018-06-09,3,0
NGET-EMFIP-AGWS-TS-00213419,Wind generation,"Wind Onshore",2018-06-09,2,467.554
NGET-EMFIP-AGWS-TS-00213418,Wind generation,"Wind Offshore",2018-06-09,2,610.746
NGET-EMFIP-AGWS-TS-00213417,Solar generation,"Solar",2018-06-09,2,0
NGET-EMFIP-AGWS-TS-00213416,Wind generation,"Wind Onshore",2018-06-09,1,439.518
NGET-EMFIP-AGWS-TS-00213415,Wind generation,"Wind Offshore",2018-06-09,1,643.388
NGET-EMFIP-AGWS-TS-00213414,Solar generation,"Solar",2018-06-09,1,0