Actual Or Estimated Wind And Solar Power Generation (B1630),,,,,
Time Series ID,Business Type,PSR Type,Settlement  Date,Settlement Period,Quantity (MW)
NGET-EMFIP-AGWS-TS-00214858,Wind generation,Wind Onshore,17/06/2018,48,3441.43
NGET-EMFIP-AGWS-TS-00214857,Wind generation,Wind Offshore,17/06/2018,48,2295.433
NGET-EMFIP-AGWS-TS-00214856,Solar generation,Solar,17/06/2018,48,0
NGET-EMFIP-AGWS-TS-00214855,Wind generation,Wind Onshore,17/06/2018,47,3366.251
NGET-EMFIP-AGWS-TS-00214854,Wind generation,Wind Offshore,17/06/2018,47,2216.017
NGET-EMFIP-AGWS-TS-00214853,Solar generation,Solar,17/06/2018,47,0
NGET-EMFIP-AGWS-TS-00214852,Wind generation,Wind Onshore,17/06/2018,46,3581.706
NGET-EMFIP-AGWS-TS-00214851,Wind generation,Wind Offshore,17/06/2018,46,2194.143
NGET-EMFIP-AGWS-TS-00214850,Solar generation,Solar,17/06/2018,46,0
NGET-EMFIP-AGWS-TS-00214849,Wind generation,Wind Onshore,17/06/2018,45,3708.563
NGET-EMFIP-AGWS-TS-00214848,Wind generation,Wind Offshore,17/06/2018,45,2048.228
NGET-EMFIP-AGWS-TS-00214847,Solar generation,Solar,17/06/2018,45,5
NGET-EMFIP-AGWS-TS-00214849,Wind generation,Wind Onshore,17/06/2018,,3601.846
NGET-EMFIP-AGWS-TS-00214848,Wind generation,Wind Offshore,17/06/2018,,2086.971
NGET-EMFIP-AGWS-TS-00214847,Solar generation,Solar,17/06/2018,,83.5
NGET-EMFIP-AGWS-TS-00214843,Wind generation,Wind Onshore,17/06/2018,43,3495.129
NGET-EMFIP-AGWS-TS-00214842,Wind generation,Wind Offshore,17/06/2018,43,2125.714
NGET-EMFIP-AGWS-TS-00214841,Solar generation,Solar,17/06/2018,43,162
NGET-EMFIP-AGWS-TS-00214840,Wind generation,Wind Onshore,17/06/2018,42,3349.776
NGET-EMFIP-AGWS-TS-00214839,Wind generation,Wind Offshore,17/06/2018,42,2281.664
NGET-EMFIP-AGWS-TS-00214838,Solar generation,Solar,17/06/2018,42,53
NGET-EMFIP-AGWS-TS-00214837,Wind generation,Wind Onshore,17/06/2018,41,3255.104
NGET-EMFIP-AGWS-TS-00214836,Wind generation,Wind Offshore,17/06/2018,41,2494.819
NGET-EMFIP-AGWS-TS-00214835,Solar generation,Solar,17/06/2018,41,162
NGET-EMFIP-AGWS-TS-00214834,Wind generation,Wind Onshore,17/06/2018,40,3378.322
NGET-EMFIP-AGWS-TS-00214833,Wind generation,Wind Offshore,17/06/2018,40,2253.96
NGET-EMFIP-AGWS-TS-00214832,Solar generation,Solar,17/06/2018,40,298
NGET-EMFIP-AGWS-TS-00214831,Wind generation,Wind Onshore,17/06/2018,39,3491.63
NGET-EMFIP-AGWS-TS-00214830,Wind generation,Wind Offshore,17/06/2018,39,2023.222
NGET-EMFIP-AGWS-TS-00214829,Solar generation,Solar,17/06/2018,39,434
NGET-EMFIP-AGWS-TS-00214828,Wind generation,Wind Onshore,17/06/2018,38,3467.772
NGET-EMFIP-AGWS-TS-00214827,Wind generation,Wind Offshore,17/06/2018,38,1865.05
NGET-EMFIP-AGWS-TS-00214826,Solar generation,Solar,17/06/2018,38,640
NGET-EMFIP-AGWS-TS-00214825,Wind generation,Wind Onshore,17/06/2018,37,3470.685
NGET-EMFIP-AGWS-TS-00214824,Wind generation,Wind Offshore,17/06/2018,37,1712.045
NGET-EMFIP-AGWS-TS-00214823,Solar generation,Solar,17/06/2018,37,821
NGET-EMFIP-AGWS-TS-00214822,Wind generation,Wind Onshore,17/06/2018,36,3512.642
NGET-EMFIP-AGWS-TS-00214821,Wind generation,Wind Offshore,17/06/2018,36,1850.11
NGET-EMFIP-AGWS-TS-00214820,Solar generation,Solar,17/06/2018,36,1020
NGET-EMFIP-AGWS-TS-00214819,Wind generation,Wind Onshore,17/06/2018,35,3549.428
NGET-EMFIP-AGWS-TS-00214818,Wind generation,Wind Offshore,17/06/2018,35,1683.904
NGET-EMFIP-AGWS-TS-00214817,Solar generation,Solar,17/06/2018,35,1300
NGET-EMFIP-AGWS-TS-00214816,Wind generation,Wind Onshore,17/06/2018,34,3427.022
NGET-EMFIP-AGWS-TS-00214815,Wind generation,Wind Offshore,17/06/2018,34,1813.852
NGET-EMFIP-AGWS-TS-00214814,Solar generation,Solar,17/06/2018,34,1550
NGET-EMFIP-AGWS-TS-00214813,Wind generation,Wind Onshore,17/06/2018,33,3643.464
NGET-EMFIP-AGWS-TS-00214812,Wind generation,Wind Offshore,17/06/2018,33,1303.528
NGET-EMFIP-AGWS-TS-00214811,Solar generation,Solar,17/06/2018,33,1780
NGET-EMFIP-AGWS-TS-00214810,Wind generation,Wind Onshore,17/06/2018,32,3583.133
NGET-EMFIP-AGWS-TS-00214809,Wind generation,Wind Offshore,17/06/2018,32,1026.047
NGET-EMFIP-AGWS-TS-00214808,Solar generation,Solar,17/06/2018,32,2060
NGET-EMFIP-AGWS-TS-00214807,Wind generation,Wind Onshore,17/06/2018,31,3453.303
NGET-EMFIP-AGWS-TS-00214806,Wind generation,Wind Offshore,17/06/2018,31,698.989
NGET-EMFIP-AGWS-TS-00214805,Solar generation,Solar,17/06/2018,31,2320
NGET-EMFIP-AGWS-TS-00214804,Wind generation,Wind Onshore,17/06/2018,30,3367.557
NGET-EMFIP-AGWS-TS-00214803,Wind generation,Wind Offshore,17/06/2018,30,704.992
NGET-EMFIP-AGWS-TS-00214802,Solar generation,Solar,17/06/2018,30,2540
NGET-EMFIP-AGWS-TS-00214801,Wind generation,Wind Onshore,17/06/2018,29,3279.156
NGET-EMFIP-AGWS-TS-00214800,Wind generation,Wind Offshore,17/06/2018,29,838.983
NGET-EMFIP-AGWS-TS-00214799,Solar generation,Solar,17/06/2018,29,2273
NGET-EMFIP-AGWS-TS-00214791,Wind generation,Wind Onshore,17/06/2018,28,2924.42
NGET-EMFIP-AGWS-TS-00214790,Wind generation,Wind Offshore,17/06/2018,28,985.911
NGET-EMFIP-AGWS-TS-00214789,Solar generation,Solar,17/06/2018,28,3140
NGET-EMFIP-AGWS-TS-00214788,Wind generation,Wind Onshore,17/06/2018,27,2741.819
NGET-EMFIP-AGWS-TS-00214787,Wind generation,Wind Offshore,17/06/2018,27,910.534
NGET-EMFIP-AGWS-TS-00214786,Solar generation,Solar,17/06/2018,27,3410
NGET-EMFIP-AGWS-TS-00214785,Wind generation,Wind Onshore,17/06/2018,26,2506.909
NGET-EMFIP-AGWS-TS-00214784,Wind generation,Wind Offshore,17/06/2018,26,948.507
NGET-EMFIP-AGWS-TS-00214783,Solar generation,Solar,17/06/2018,26,3590
NGET-EMFIP-AGWS-TS-00214782,Wind generation,Wind Onshore,17/06/2018,25,2265.321
NGET-EMFIP-AGWS-TS-00214781,Wind generation,Wind Offshore,17/06/2018,25,981.058
NGET-EMFIP-AGWS-TS-00214780,Solar generation,Solar,17/06/2018,25,3740
NGET-EMFIP-AGWS-TS-00214779,Wind generation,Wind Onshore,17/06/2018,24,2078.729
NGET-EMFIP-AGWS-TS-00214778,Wind generation,Wind Offshore,17/06/2018,24,952.648
NGET-EMFIP-AGWS-TS-00214777,Solar generation,Solar,17/06/2018,24,3880
NGET-EMFIP-AGWS-TS-00214776,Wind generation,Wind Onshore,17/06/2018,23,1967.631
NGET-EMFIP-AGWS-TS-00214775,Wind generation,Wind Offshore,17/06/2018,23,1006.366
NGET-EMFIP-AGWS-TS-00214774,Solar generation,Solar,17/06/2018,23,3900
NGET-EMFIP-AGWS-TS-00214773,Wind generation,Wind Onshore,17/06/2018,22,1839.365
NGET-EMFIP-AGWS-TS-00214772,Wind generation,Wind Offshore,17/06/2018,22,1253.537
NGET-EMFIP-AGWS-TS-00214771,Solar generation,Solar,17/06/2018,22,3840
NGET-EMFIP-AGWS-TS-00214770,Wind generation,Wind Onshore,17/06/2018,21,1687.509
NGET-EMFIP-AGWS-TS-00214769,Wind generation,Wind Offshore,17/06/2018,21,1242.941
NGET-EMFIP-AGWS-TS-00214768,Solar generation,Solar,17/06/2018,21,3560
NGET-EMFIP-AGWS-TS-00214767,Wind generation,Wind Onshore,17/06/2018,20,1637.05
NGET-EMFIP-AGWS-TS-00214766,Wind generation,Wind Offshore,17/06/2018,20,1366.015
NGET-EMFIP-AGWS-TS-00214765,Solar generation,Solar,17/06/2018,20,3110
NGET-EMFIP-AGWS-TS-00214764,Wind generation,Wind Onshore,17/06/2018,19,1673.986
NGET-EMFIP-AGWS-TS-00214763,Wind generation,Wind Offshore,17/06/2018,19,1424.681
NGET-EMFIP-AGWS-TS-00214762,Solar generation,Solar,17/06/2018,19,2830
NGET-EMFIP-AGWS-TS-00214761,Wind generation,Wind Onshore,17/06/2018,18,1681.822
NGET-EMFIP-AGWS-TS-00214760,Wind generation,Wind Offshore,17/06/2018,18,1454.681
NGET-EMFIP-AGWS-TS-00214759,Solar generation,Solar,17/06/2018,18,2290
NGET-EMFIP-AGWS-TS-00214745,Wind generation,Wind Onshore,17/06/2018,17,1586.244
NGET-EMFIP-AGWS-TS-00214744,Wind generation,Wind Offshore,17/06/2018,17,1477.827
NGET-EMFIP-AGWS-TS-00214743,Solar generation,Solar,17/06/2018,17,1720
NGET-EMFIP-AGWS-TS-00214742,Wind generation,Wind Onshore,17/06/2018,16,1594.15
NGET-EMFIP-AGWS-TS-00214741,Wind generation,Wind Offshore,17/06/2018,16,1425.3
NGET-EMFIP-AGWS-TS-00214740,Solar generation,Solar,17/06/2018,16,1320
NGET-EMFIP-AGWS-TS-00214739,Wind generation,Wind Onshore,17/06/2018,15,1636.761
NGET-EMFIP-AGWS-TS-00214738,Wind generation,Wind Offshore,17/06/2018,15,1553.233
NGET-EMFIP-AGWS-TS-00214737,Solar generation,Solar,17/06/2018,15,927
NGET-EMFIP-AGWS-TS-00214736,Wind generation,Wind Onshore,17/06/2018,14,1544.593
NGET-EMFIP-AGWS-TS-00214735,Wind generation,Wind Offshore,17/06/2018,14,1660.487
NGET-EMFIP-AGWS-TS-00214734,Solar generation,Solar,17/06/2018,14,566
NGET-EMFIP-AGWS-TS-00214733,Wind generation,Wind Onshore,17/06/2018,13,1614.602
NGET-EMFIP-AGWS-TS-00214732,Wind generation,Wind Offshore,17/06/2018,13,1601.667
NGET-EMFIP-AGWS-TS-00214731,Solar generation,Solar,17/06/2018,13,298
NGET-EMFIP-AGWS-TS-00214730,Wind generation,Wind Onshore,17/06/2018,12,1749.194
NGET-EMFIP-AGWS-TS-00214729,Wind generation,Wind Offshore,17/06/2018,12,1669.207
NGET-EMFIP-AGWS-TS-00214728,Solar generation,Solar,17/06/2018,12,134
NGET-EMFIP-AGWS-TS-00214727,Wind generation,Wind Onshore,17/06/2018,11,1837.81
NGET-EMFIP-AGWS-TS-00214726,Wind generation,Wind Offshore,17/06/2018,11,1693.599
NGET-EMFIP-AGWS-TS-00214725,Solar generation,Solar,17/06/2018,11,44
NGET-EMFIP-AGWS-TS-00214724,Wind generation,Wind Onshore,17/06/2018,10,1818.386
NGET-EMFIP-AGWS-TS-00214723,Wind generation,Wind Offshore,17/06/2018,10,1750.695
NGET-EMFIP-AGWS-TS-00214722,Solar generation,Solar,17/06/2018,10,8
NGET-EMFIP-AGWS-TS-00214721,Wind generation,Wind Onshore,17/06/2018,9,1757.822
NGET-EMFIP-AGWS-TS-00214720,Wind generation,Wind Offshore,17/06/2018,9,1870.466
NGET-EMFIP-AGWS-TS-00214719,Solar generation,Solar,17/06/2018,9,1
NGET-EMFIP-AGWS-TS-00214718,Wind generation,Wind Onshore,17/06/2018,8,1794.526
NGET-EMFIP-AGWS-TS-00214717,Wind generation,Wind Offshore,17/06/2018,8,1807.405
NGET-EMFIP-AGWS-TS-00214716,Solar generation,Solar,17/06/2018,8,1
NGET-EMFIP-AGWS-TS-00214715,Wind generation,Wind Onshore,17/06/2018,7,1841.892
NGET-EMFIP-AGWS-TS-00214714,Wind generation,Wind Offshore,17/06/2018,7,2033.186
NGET-EMFIP-AGWS-TS-00214713,Solar generation,Solar,17/06/2018,7,0
NGET-EMFIP-AGWS-TS-00214712,Wind generation,Wind Onshore,17/06/2018,6,2004.704
NGET-EMFIP-AGWS-TS-00214711,Wind generation,Wind Offshore,17/06/2018,6,2110.835
NGET-EMFIP-AGWS-TS-00214710,Solar generation,Solar,17/06/2018,6,1
NGET-EMFIP-AGWS-TS-00214709,Wind generation,Wind Onshore,17/06/2018,5,2069.04
NGET-EMFIP-AGWS-TS-00214708,Wind generation,Wind Offshore,17/06/2018,5,2114.358
NGET-EMFIP-AGWS-TS-00214707,Solar generation,Solar,17/06/2018,5,1
NGET-EMFIP-AGWS-TS-00214706,Wind generation,Wind Onshore,17/06/2018,4,2089.639
NGET-EMFIP-AGWS-TS-00214705,Wind generation,Wind Offshore,17/06/2018,4,2147.489
NGET-EMFIP-AGWS-TS-00214704,Solar generation,Solar,17/06/2018,4,0
NGET-EMFIP-AGWS-TS-00214703,Wind generation,Wind Onshore,17/06/2018,3,2165.079
NGET-EMFIP-AGWS-TS-00214702,Wind generation,Wind Offshore,17/06/2018,3,2165.607
NGET-EMFIP-AGWS-TS-00214701,Solar generation,Solar,17/06/2018,3,0
NGET-EMFIP-AGWS-TS-00214700,Wind generation,Wind Onshore,17/06/2018,2,2254.155
NGET-EMFIP-AGWS-TS-00214699,Wind generation,Wind Offshore,17/06/2018,2,2154.206
NGET-EMFIP-AGWS-TS-00214698,Solar generation,Solar,17/06/2018,2,0
NGET-EMFIP-AGWS-TS-00214697,Wind generation,Wind Onshore,17/06/2018,1,2364.372
NGET-EMFIP-AGWS-TS-00214696,Wind generation,Wind Offshore,17/06/2018,1,1863.576
NGET-EMFIP-AGWS-TS-00214695,Solar generation,Solar,17/06/2018,1,0
