,Year,Wind Onshore Capacity,Wind Offshore Capacity,Solar Capacity,Hydro Capacity,Nuclear Capacity,CCGT Capacity,Coal Capacity,OCGT Capacity,BECCS Capacity,Biomass Capacity,Hydrogen Capacity,Wind Onshore Derated Capacity,Wind Offshore Derated Capacity,Solar Derated Capacity,Hydro Derated Capacity,Nuclear Derated Capacity,CCGT Derated Capacity,Coal Derated Capacity,OCGT Derated Capacity,BECCS Derated Capacity,Biomass Derated Capacity,Hydrogen Derated Capacity,Wind Onshore Profit,Wind Offshore Profit,Solar Profit,Hydro Profit,Nuclear Profit,CCGT Profit,Coal Profit,OCGT Profit,BECCS Profit,Biomass Profit,Hydrogen Profit,Wind Onshore Revenue,Wind Offshore Revenue,Solar Revenue,Hydro Revenue,Nuclear Revenue,CCGT Revenue,Coal Revenue,OCGT Revenue,BECCS Revenue,Biomass Revenue,Hydrogen Revenue,Wind Onshore Cost,Wind Offshore Cost,Solar Cost,Hydro Cost,Nuclear Cost,CCGT Cost,Coal Cost,OCGT Cost,BECCS Cost,Biomass Cost,Hydrogen Cost,Wind Onshore Emissions,Wind Offshore Emissions,Solar Emissions,Hydro Emissions,Nuclear Emissions,CCGT Emissions,Coal Emissions,OCGT Emissions,BECCS Emissions,Biomass Emissions,Hydrogen Emissions,Wind Onshore Generation,Wind Offshore Generation,Solar Generation,Hydro Generation,Nuclear Generation,CCGT Generation,Coal Generation,OCGT Generation,BECCS Generation,Biomass Generation,Hydrogen Generation,Battery Capacity kW,Battery Discharge kWh,Battery Cost GBP,Battery Cap Subs GBP
0,2010,0.0,90000.0,0.0,0.0,0.0,0.0,0.0,0.0,0.0,0.0,0.0,0.0,21600.0,0.0,0.0,0.0,0.0,0.0,0.0,0.0,0.0,0.0,2415.699999999522,19802.793981962957,2415.699999999522,2415.699999999522,0.0,0.0,0.0,0.0,0.0,0.0,0.0,0.0,13105737.846376292,0.0,0.0,0.0,0.0,0.0,0.0,0.0,0.0,0.0,-2415.699999999522,13085935.052394347,-2415.699999999522,-2415.699999999522,0.0,0.0,0.0,0.0,0.0,0.0,0.0,0.0,0.0,0.0,0.0,0.0,0.0,0.0,0.0,0.0,0.0,0.0,0.0,347399394.43500054,0.0,0.0,0.0,0.0,0.0,0.0,0.0,0.0,0.0,0.0,0.0,0.0,0.0
1,2011,0.0,90000.0,0.0,0.0,0.0,0.0,0.0,0.0,0.0,0.0,0.0,0.0,21600.0,0.0,0.0,0.0,0.0,0.0,0.0,0.0,0.0,0.0,2415.699999999522,19802.793981962957,2415.699999999522,2415.699999999522,0.0,0.0,0.0,0.0,0.0,0.0,0.0,0.0,13105737.846376292,0.0,0.0,0.0,0.0,0.0,0.0,0.0,0.0,0.0,-2415.699999999522,13085935.052394347,-2415.699999999522,-2415.699999999522,0.0,0.0,0.0,0.0,0.0,0.0,0.0,0.0,0.0,0.0,0.0,0.0,0.0,0.0,0.0,0.0,0.0,0.0,0.0,347399394.43500054,0.0,0.0,0.0,0.0,0.0,0.0,0.0,0.0,0.0,0.0,0.0,0.0,0.0
2,2012,0.0,90000.0,0.0,0.0,0.0,0.0,0.0,0.0,0.0,0.0,0.0,0.0,21600.0,0.0,0.0,0.0,0.0,0.0,0.0,0.0,0.0,0.0,2415.699999999522,19802.793981962957,2415.699999999522,2415.699999999522,0.0,0.0,0.0,0.0,0.0,0.0,0.0,0.0,13105737.846376292,0.0,0.0,0.0,0.0,0.0,0.0,0.0,0.0,0.0,-2415.699999999522,13085935.052394347,-2415.699999999522,-2415.699999999522,0.0,0.0,0.0,0.0,0.0,0.0,0.0,0.0,0.0,0.0,0.0,0.0,0.0,0.0,0.0,0.0,0.0,0.0,0.0,347399394.43500054,0.0,0.0,0.0,0.0,0.0,0.0,0.0,0.0,0.0,0.0,0.0,0.0,0.0
3,2013,0.0,232857.0,0.0,0.0,0.0,0.0,0.0,0.0,0.0,0.0,0.0,0.0,55885.68,0.0,0.0,0.0,0.0,0.0,0.0,0.0,0.0,0.0,2415.699999999522,59822.59685580846,2415.699999999522,2415.699999999522,0.0,0.0,0.0,0.0,0.0,0.0,0.0,0.0,33926695.29688602,0.0,0.0,0.0,0.0,0.0,0.0,0.0,0.0,0.0,-2415.699999999522,33866872.70003017,-2415.699999999522,-2415.699999999522,0.0,0.0,0.0,0.0,0.0,0.0,0.0,0.0,0.0,0.0,0.0,0.0,0.0,0.0,0.0,0.0,0.0,0.0,0.0,898826453.2216772,0.0,0.0,0.0,0.0,0.0,0.0,0.0,0.0,0.0,0.0,0.0,0.0,0.0
4,2014,0.0,382857.0,0.0,0.0,0.0,0.0,0.0,0.0,0.0,0.0,0.0,0.0,91885.68,0.0,0.0,0.0,0.0,0.0,0.0,0.0,0.0,0.0,2415.699999999522,368520.3886545071,2415.699999999522,2415.699999999522,0.0,0.0,0.0,0.0,0.0,0.0,0.0,0.0,56061718.41706532,0.0,0.0,0.0,0.0,0.0,0.0,0.0,0.0,0.0,-2415.699999999522,55693198.02841077,-2415.699999999522,-2415.699999999522,0.0,0.0,0.0,0.0,0.0,0.0,0.0,0.0,0.0,0.0,0.0,0.0,0.0,0.0,0.0,0.0,0.0,0.0,0.0,1477825443.9466763,0.0,0.0,0.0,0.0,0.0,0.0,0.0,0.0,0.0,0.0,0.0,0.0,0.0
5,2015,0.0,382857.0,0.0,0.0,0.0,0.0,0.0,0.0,0.0,0.0,0.0,0.0,91885.68,0.0,0.0,0.0,0.0,0.0,0.0,0.0,0.0,0.0,2415.699999999522,-292281.2265852817,2415.699999999522,2415.699999999522,0.0,0.0,0.0,0.0,0.0,0.0,0.0,0.0,55400916.80182545,0.0,0.0,0.0,0.0,0.0,0.0,0.0,0.0,0.0,-2415.699999999522,55693198.02841077,-2415.699999999522,-2415.699999999522,0.0,0.0,0.0,0.0,0.0,0.0,0.0,0.0,0.0,0.0,0.0,0.0,0.0,0.0,0.0,0.0,0.0,0.0,0.0,1477825443.9466763,0.0,0.0,0.0,0.0,0.0,0.0,0.0,0.0,0.0,0.0,0.0,0.0,0.0
6,2016,0.0,525714.0,0.0,0.0,0.0,0.0,0.0,0.0,0.0,0.0,0.0,0.0,126171.35999999999,0.0,0.0,0.0,0.0,0.0,0.0,0.0,0.0,0.0,2415.699999999522,1210606.756859347,2415.699999999522,2415.699999999522,0.0,0.0,0.0,0.0,0.0,0.0,0.0,0.0,77685354.45742154,0.0,0.0,0.0,0.0,0.0,0.0,0.0,0.0,0.0,-2415.699999999522,76474747.70056193,-2415.699999999522,-2415.699999999522,0.0,0.0,0.0,0.0,0.0,0.0,0.0,0.0,0.0,0.0,0.0,0.0,0.0,0.0,0.0,0.0,0.0,0.0,0.0,2029252502.733353,0.0,0.0,0.0,0.0,0.0,0.0,0.0,0.0,0.0,0.0,0.0,0.0,0.0
7,2017,0.0,525714.0,0.0,0.0,0.0,0.0,0.0,0.0,0.0,0.0,0.0,0.0,126171.35999999999,0.0,0.0,0.0,0.0,0.0,0.0,0.0,0.0,0.0,2415.699999999522,1486391.964362082,2415.699999999522,2415.699999999522,0.0,0.0,0.0,0.0,0.0,0.0,0.0,0.0,77961139.66492426,0.0,0.0,0.0,0.0,0.0,0.0,0.0,0.0,0.0,-2415.699999999522,76474747.70056193,-2415.699999999522,-2415.699999999522,0.0,0.0,0.0,0.0,0.0,0.0,0.0,0.0,0.0,0.0,0.0,0.0,0.0,0.0,0.0,0.0,0.0,0.0,0.0,2029252502.733353,0.0,0.0,0.0,0.0,0.0,0.0,0.0,0.0,0.0,64107.142857142855,0.0,0.0,0.0
8,2018,0.0,525714.0,0.0,0.0,0.0,0.0,0.0,0.0,0.0,0.0,0.0,0.0,126171.35999999999,0.0,0.0,0.0,0.0,0.0,0.0,0.0,0.0,0.0,2415.699999999522,1214897.409292359,2415.699999999522,2415.699999999522,0.0,0.0,0.0,0.0,0.0,0.0,0.0,0.0,77689645.10985449,0.0,0.0,0.0,0.0,0.0,0.0,0.0,0.0,0.0,-2415.699999999522,76474747.70056193,-2415.699999999522,-2415.699999999522,0.0,0.0,0.0,0.0,0.0,0.0,0.0,0.0,0.0,0.0,0.0,0.0,0.0,0.0,0.0,0.0,0.0,0.0,0.0,2029252502.733353,0.0,0.0,0.0,0.0,0.0,0.0,0.0,0.0,0.0,67684.15178571425,0.0,0.0,0.0
9,2019,0.0,668571.0,0.0,0.0,0.0,0.0,0.0,0.0,0.0,0.0,0.0,0.0,160457.03999999998,0.0,0.0,0.0,0.0,0.0,0.0,0.0,0.0,0.0,2415.699999999522,1453300.9512749708,2415.699999999522,2415.699999999522,0.0,0.0,0.0,0.0,0.0,0.0,0.0,0.0,98708014.39896797,0.0,0.0,0.0,0.0,0.0,0.0,0.0,0.0,0.0,-2415.699999999522,97254713.44769284,-2415.699999999522,-2415.699999999522,0.0,0.0,0.0,0.0,0.0,0.0,0.0,0.0,0.0,0.0,0.0,0.0,0.0,0.0,0.0,0.0,0.0,0.0,0.0,2580679561.5200295,0.0,0.0,0.0,0.0,0.0,0.0,0.0,0.0,0.0,71261.16071428561,0.0,0.0,0.0
10,2020,0.0,668571.0,0.0,0.0,0.0,0.0,0.0,0.0,0.0,0.0,0.0,0.0,160457.03999999998,0.0,0.0,0.0,0.0,0.0,0.0,0.0,0.0,0.0,2415.699999999522,1496469.3236035765,2415.699999999522,2415.699999999522,0.0,0.0,0.0,0.0,0.0,0.0,0.0,0.0,98751182.77129665,0.0,0.0,0.0,0.0,0.0,0.0,0.0,0.0,0.0,-2415.699999999522,97254713.44769284,-2415.699999999522,-2415.699999999522,0.0,0.0,0.0,0.0,0.0,0.0,0.0,0.0,0.0,0.0,0.0,0.0,0.0,0.0,0.0,0.0,0.0,0.0,0.0,2580679561.5200295,0.0,0.0,0.0,0.0,0.0,0.0,0.0,0.0,0.0,74838.16964285697,0.0,0.0,0.0
11,2021,0.0,668571.0,0.0,0.0,0.0,0.0,0.0,0.0,0.0,0.0,0.0,0.0,160457.03999999998,0.0,0.0,0.0,0.0,0.0,0.0,0.0,0.0,0.0,2415.699999999522,396901.480920973,2415.699999999522,2415.699999999522,0.0,0.0,0.0,0.0,0.0,0.0,0.0,0.0,97651614.92861393,0.0,0.0,0.0,0.0,0.0,0.0,0.0,0.0,0.0,-2415.699999999522,97254713.44769284,-2415.699999999522,-2415.699999999522,0.0,0.0,0.0,0.0,0.0,0.0,0.0,0.0,0.0,0.0,0.0,0.0,0.0,0.0,0.0,0.0,0.0,0.0,0.0,2580679561.5200295,0.0,0.0,0.0,0.0,0.0,0.0,0.0,0.0,0.0,78415.17857142833,0.0,0.0,0.0
12,2022,0.0,1097142.0,0.0,0.0,0.0,0.0,0.0,0.0,0.0,0.0,0.0,0.0,263314.07999999996,0.0,0.0,0.0,0.0,0.0,0.0,0.0,0.0,0.0,2415.699999999522,-1908625.1200674789,2415.699999999522,2415.699999999522,0.0,0.0,0.0,0.0,0.0,0.0,0.0,0.0,157731536.16404173,0.0,0.0,0.0,0.0,0.0,0.0,0.0,0.0,0.0,-2415.699999999522,159640161.2841093,-2415.699999999522,-2415.699999999522,0.0,0.0,0.0,0.0,0.0,0.0,0.0,0.0,0.0,0.0,0.0,0.0,0.0,0.0,0.0,0.0,0.0,0.0,0.0,4234960737.8800545,0.0,0.0,0.0,0.0,0.0,0.0,0.0,0.0,0.0,81992.1874999997,0.0,0.0,0.0
13,2023,0.0,1097142.0,0.0,0.0,0.0,0.0,0.0,0.0,0.0,0.0,0.0,0.0,263314.07999999996,0.0,0.0,0.0,0.0,0.0,0.0,0.0,0.0,0.0,2415.699999999522,-2884866.01961606,2415.699999999522,2415.699999999522,0.0,0.0,0.0,0.0,0.0,0.0,0.0,0.0,156755295.26449323,0.0,0.0,0.0,0.0,0.0,0.0,0.0,0.0,0.0,-2415.699999999522,159640161.2841093,-2415.699999999522,-2415.699999999522,0.0,0.0,0.0,0.0,0.0,0.0,0.0,0.0,0.0,0.0,0.0,0.0,0.0,0.0,0.0,0.0,0.0,0.0,0.0,4234960737.8800545,0.0,0.0,0.0,0.0,0.0,0.0,0.0,0.0,0.0,85569.19642857109,0.0,0.0,0.0
14,2024,0.0,1097142.0,0.0,0.0,0.0,0.0,0.0,0.0,0.0,0.0,0.0,0.0,263314.07999999996,0.0,0.0,0.0,0.0,0.0,0.0,0.0,0.0,0.0,2415.699999999522,-3902912.0626122705,2415.699999999522,2415.699999999522,0.0,0.0,0.0,0.0,0.0,0.0,0.0,0.0,155737249.22149697,0.0,0.0,0.0,0.0,0.0,0.0,0.0,0.0,0.0,-2415.699999999522,159640161.2841093,-2415.699999999522,-2415.699999999522,0.0,0.0,0.0,0.0,0.0,0.0,0.0,0.0,0.0,0.0,0.0,0.0,0.0,0.0,0.0,0.0,0.0,0.0,0.0,4234960737.8800545,0.0,0.0,0.0,0.0,0.0,0.0,0.0,0.0,0.0,89146.20535714242,0.0,0.0,0.0
15,2025,0.0,1525713.0,0.0,0.0,0.0,0.0,0.0,0.0,0.0,0.0,0.0,0.0,366171.11999999994,0.0,0.0,0.0,0.0,0.0,0.0,0.0,0.0,0.0,2415.699999999522,-7254523.585911622,2415.699999999522,2415.699999999522,0.0,0.0,0.0,0.0,0.0,0.0,0.0,0.0,214773053.4393227,0.0,0.0,0.0,0.0,0.0,0.0,0.0,0.0,0.0,-2415.699999999522,222027577.0252345,-2415.699999999522,-2415.699999999522,0.0,0.0,0.0,0.0,0.0,0.0,0.0,0.0,0.0,0.0,0.0,0.0,0.0,0.0,0.0,0.0,0.0,0.0,0.0,5889241914.24008,0.0,0.0,0.0,0.0,0.0,0.0,0.0,0.0,0.0,92723.21428571384,0.0,0.0,0.0
16,2026,0.0,1525713.0,0.0,0.0,0.0,0.0,0.0,0.0,0.0,0.0,0.0,0.0,366171.11999999994,0.0,0.0,0.0,0.0,0.0,0.0,0.0,0.0,0.0,2415.699999999522,-8153278.999621936,2415.699999999522,2415.699999999522,0.0,0.0,0.0,0.0,0.0,0.0,0.0,0.0,213874298.0256124,0.0,0.0,0.0,0.0,0.0,0.0,0.0,0.0,0.0,-2415.699999999522,222027577.0252345,-2415.699999999522,-2415.699999999522,0.0,0.0,0.0,0.0,0.0,0.0,0.0,0.0,0.0,0.0,0.0,0.0,0.0,0.0,0.0,0.0,0.0,0.0,0.0,5889241914.24008,0.0,0.0,0.0,0.0,0.0,0.0,0.0,0.0,0.0,96300.22321428514,0.0,0.0,0.0
17,2027,0.0,1525713.0,0.0,0.0,0.0,0.0,0.0,0.0,0.0,0.0,0.0,0.0,366171.11999999994,0.0,0.0,0.0,0.0,0.0,0.0,0.0,0.0,0.0,2415.699999999522,-9945841.456145724,2415.699999999522,2415.699999999522,0.0,0.0,0.0,0.0,0.0,0.0,0.0,0.0,212081735.56908864,0.0,0.0,0.0,0.0,0.0,0.0,0.0,0.0,0.0,-2415.699999999522,222027577.0252345,-2415.699999999522,-2415.699999999522,0.0,0.0,0.0,0.0,0.0,0.0,0.0,0.0,0.0,0.0,0.0,0.0,0.0,0.0,0.0,0.0,0.0,0.0,0.0,5889241914.24008,0.0,0.0,0.0,0.0,0.0,0.0,0.0,0.0,0.0,99877.23214285659,0.0,0.0,0.0
18,2028,0.0,1864284.0,0.0,0.0,0.0,0.0,0.0,0.0,0.0,0.0,0.0,0.0,447428.1599999999,0.0,0.0,0.0,0.0,0.0,0.0,0.0,0.0,0.0,2415.699999999522,-11952199.50970672,2415.699999999522,2415.699999999522,0.0,0.0,0.0,0.0,0.0,0.0,0.0,0.0,259374454.27942032,0.0,0.0,0.0,0.0,0.0,0.0,0.0,0.0,0.0,-2415.699999999522,271326653.78912735,-2415.699999999522,-2415.699999999522,0.0,0.0,0.0,0.0,0.0,0.0,0.0,0.0,0.0,0.0,0.0,0.0,0.0,0.0,0.0,0.0,0.0,0.0,0.0,7196123696.165104,0.0,0.0,0.0,0.0,0.0,0.0,0.0,0.0,0.0,103454.24107142804,0.0,0.0,0.0
19,2029,0.0,1864284.0,0.0,0.0,0.0,0.0,0.0,0.0,0.0,0.0,0.0,0.0,447428.1599999999,0.0,0.0,0.0,0.0,0.0,0.0,0.0,0.0,0.0,2415.699999999522,-24901312.874972828,2415.699999999522,2415.699999999522,0.0,0.0,0.0,0.0,0.0,0.0,0.0,0.0,246425340.9141541,0.0,0.0,0.0,0.0,0.0,0.0,0.0,0.0,0.0,-2415.699999999522,271326653.78912735,-2415.699999999522,-2415.699999999522,0.0,0.0,0.0,0.0,0.0,0.0,0.0,0.0,0.0,0.0,0.0,0.0,0.0,0.0,0.0,0.0,0.0,0.0,0.0,7196123696.165104,0.0,0.0,0.0,0.0,0.0,0.0,0.0,0.0,0.0,107031.24999999953,0.0,0.0,0.0
20,2030,0.0,1714284.0,0.0,0.0,0.0,0.0,0.0,0.0,0.0,0.0,0.0,0.0,411428.16,0.0,0.0,0.0,0.0,0.0,0.0,0.0,0.0,0.0,2415.699999999522,-9635630.99753718,2415.699999999522,2415.699999999522,0.0,0.0,0.0,0.0,0.0,0.0,0.0,0.0,239864697.4632092,0.0,0.0,0.0,0.0,0.0,0.0,0.0,0.0,0.0,-2415.699999999522,249500328.46074677,-2415.699999999522,-2415.699999999522,0.0,0.0,0.0,0.0,0.0,0.0,0.0,0.0,0.0,0.0,0.0,0.0,0.0,0.0,0.0,0.0,0.0,0.0,0.0,6617124705.440105,0.0,0.0,0.0,0.0,0.0,0.0,0.0,0.0,0.0,110608.2589285711,0.0,0.0,0.0
21,2031,0.0,2142855.0,0.0,0.0,0.0,0.0,0.0,0.0,0.0,0.0,0.0,0.0,514285.19999999995,0.0,0.0,0.0,0.0,0.0,0.0,0.0,0.0,0.0,2415.699999999522,-10606638.486704327,2415.699999999522,2415.699999999522,0.0,0.0,0.0,0.0,0.0,0.0,0.0,0.0,301280066.8659584,0.0,0.0,0.0,0.0,0.0,0.0,0.0,0.0,0.0,-2415.699999999522,311886705.3526637,-2415.699999999522,-2415.699999999522,0.0,0.0,0.0,0.0,0.0,0.0,0.0,0.0,0.0,0.0,0.0,0.0,0.0,0.0,0.0,0.0,0.0,0.0,0.0,8271405881.800131,0.0,0.0,0.0,0.0,0.0,0.0,0.0,0.0,0.0,114185.2678571424,0.0,0.0,0.0
22,2032,0.0,2142855.0,0.0,0.0,0.0,0.0,0.0,0.0,0.0,0.0,0.0,0.0,514285.19999999995,0.0,0.0,0.0,0.0,0.0,0.0,0.0,0.0,0.0,2415.699999999522,-15447247.331308074,2415.699999999522,2415.699999999522,0.0,0.0,0.0,0.0,0.0,0.0,0.0,0.0,296439458.0213545,0.0,0.0,0.0,0.0,0.0,0.0,0.0,0.0,0.0,-2415.699999999522,311886705.3526637,-2415.699999999522,-2415.699999999522,0.0,0.0,0.0,0.0,0.0,0.0,0.0,0.0,0.0,0.0,0.0,0.0,0.0,0.0,0.0,0.0,0.0,0.0,0.0,8271405881.800131,0.0,0.0,0.0,0.0,0.0,0.0,0.0,0.0,0.0,117762.2767857139,0.0,0.0,0.0
23,2033,0.0,2142855.0,0.0,0.0,0.0,0.0,0.0,0.0,0.0,0.0,0.0,0.0,514285.19999999995,0.0,0.0,0.0,0.0,0.0,0.0,0.0,0.0,0.0,2415.699999999522,-9556807.691141948,2415.699999999522,2415.699999999522,0.0,0.0,0.0,0.0,0.0,0.0,0.0,0.0,302329897.6615207,0.0,0.0,0.0,0.0,0.0,0.0,0.0,0.0,0.0,-2415.699999999522,311886705.3526637,-2415.699999999522,-2415.699999999522,0.0,0.0,0.0,0.0,0.0,0.0,0.0,0.0,0.0,0.0,0.0,0.0,0.0,0.0,0.0,0.0,0.0,0.0,0.0,8271405881.800131,0.0,0.0,0.0,0.0,0.0,0.0,0.0,0.0,0.0,121339.28571428529,0.0,0.0,0.0
24,2034,0.0,2571426.0,0.0,0.0,0.0,0.0,0.0,0.0,0.0,0.0,0.0,0.0,617142.24,0.0,0.0,0.0,0.0,0.0,0.0,0.0,0.0,0.0,2415.699999999522,-10583325.31464653,2415.699999999522,2415.699999999522,0.0,0.0,0.0,0.0,0.0,0.0,0.0,0.0,363688021.7151584,0.0,0.0,0.0,0.0,0.0,0.0,0.0,0.0,0.0,-2415.699999999522,374271347.02980626,-2415.699999999522,-2415.699999999522,0.0,0.0,0.0,0.0,0.0,0.0,0.0,0.0,0.0,0.0,0.0,0.0,0.0,0.0,0.0,0.0,0.0,0.0,0.0,9925687058.160156,0.0,0.0,0.0,0.0,0.0,0.0,0.0,0.0,0.0,124916.29464285681,0.0,0.0,0.0
25,2035,0.0,2571426.0,0.0,0.0,0.0,0.0,0.0,0.0,0.0,0.0,0.0,0.0,617142.24,0.0,0.0,0.0,0.0,0.0,0.0,0.0,0.0,0.0,2415.699999999522,-12313638.765716996,2415.699999999522,2415.699999999522,0.0,0.0,0.0,0.0,0.0,0.0,0.0,0.0,361957708.2640879,0.0,0.0,0.0,0.0,0.0,0.0,0.0,0.0,0.0,-2415.699999999522,374271347.02980626,-2415.699999999522,-2415.699999999522,0.0,0.0,0.0,0.0,0.0,0.0,0.0,0.0,0.0,0.0,0.0,0.0,0.0,0.0,0.0,0.0,0.0,0.0,0.0,9925687058.160156,0.0,0.0,0.0,0.0,0.0,0.0,0.0,0.0,0.0,128493.30357142807,0.0,0.0,0.0
26,2036,0.0,2428569.0,0.0,0.0,0.0,0.0,0.0,0.0,0.0,0.0,0.0,0.0,582856.5599999999,0.0,0.0,0.0,0.0,0.0,0.0,0.0,0.0,0.0,2415.699999999522,-5974894.33424494,2415.699999999522,2415.699999999522,0.0,0.0,0.0,0.0,0.0,0.0,0.0,0.0,347515515.0479241,0.0,0.0,0.0,0.0,0.0,0.0,0.0,0.0,0.0,-2415.699999999522,353490409.38217044,-2415.699999999522,-2415.699999999522,0.0,0.0,0.0,0.0,0.0,0.0,0.0,0.0,0.0,0.0,0.0,0.0,0.0,0.0,0.0,0.0,0.0,0.0,0.0,9374259999.37348,0.0,0.0,0.0,0.0,0.0,0.0,0.0,0.0,0.0,132070.3124999996,0.0,0.0,0.0
27,2037,0.0,2857140.0,0.0,0.0,0.0,0.0,0.0,0.0,0.0,0.0,0.0,0.0,685713.6,0.0,0.0,0.0,0.0,0.0,0.0,0.0,0.0,0.0,2415.699999999522,-6605916.034296705,2415.699999999522,2415.699999999522,0.0,0.0,0.0,0.0,0.0,0.0,0.0,0.0,409266858.63619155,0.0,0.0,0.0,0.0,0.0,0.0,0.0,0.0,0.0,-2415.699999999522,415872774.6704898,-2415.699999999522,-2415.699999999522,0.0,0.0,0.0,0.0,0.0,0.0,0.0,0.0,0.0,0.0,0.0,0.0,0.0,0.0,0.0,0.0,0.0,0.0,0.0,11028541175.733505,0.0,0.0,0.0,0.0,0.0,0.0,0.0,0.0,0.0,135647.3214285712,0.0,0.0,0.0
28,2038,0.0,2857140.0,0.0,0.0,0.0,0.0,0.0,0.0,0.0,0.0,0.0,0.0,685713.6,0.0,0.0,0.0,0.0,0.0,0.0,0.0,0.0,0.0,2415.699999999522,-6285113.629440257,2415.699999999522,2415.699999999522,0.0,0.0,0.0,0.0,0.0,0.0,0.0,0.0,409587661.0410481,0.0,0.0,0.0,0.0,0.0,0.0,0.0,0.0,0.0,-2415.699999999522,415872774.6704898,-2415.699999999522,-2415.699999999522,0.0,0.0,0.0,0.0,0.0,0.0,0.0,0.0,0.0,0.0,0.0,0.0,0.0,0.0,0.0,0.0,0.0,0.0,0.0,11028541175.733505,0.0,0.0,0.0,0.0,0.0,0.0,0.0,0.0,0.0,139224.33035714252,0.0,0.0,0.0
29,2039,0.0,2714283.0,0.0,0.0,0.0,0.0,0.0,0.0,0.0,0.0,0.0,0.0,651427.92,0.0,0.0,0.0,0.0,0.0,0.0,0.0,0.0,0.0,2415.699999999522,4535653.878883918,2415.699999999522,2415.699999999522,0.0,0.0,0.0,0.0,0.0,0.0,0.0,0.0,399626878.877221,0.0,0.0,0.0,0.0,0.0,0.0,0.0,0.0,0.0,-2415.699999999522,395091224.99833864,-2415.699999999522,-2415.699999999522,0.0,0.0,0.0,0.0,0.0,0.0,0.0,0.0,0.0,0.0,0.0,0.0,0.0,0.0,0.0,0.0,0.0,0.0,0.0,10477114116.946827,0.0,0.0,0.0,0.0,0.0,0.0,0.0,0.0,0.0,142801.3392857141,0.0,0.0,0.0
30,2040,0.0,3142854.0,0.0,0.0,0.0,0.0,0.0,0.0,0.0,0.0,0.0,0.0,754284.9600000001,0.0,0.0,0.0,0.0,0.0,0.0,0.0,0.0,0.0,2415.699999999522,-4651496.604739741,2415.699999999522,2415.699999999522,0.0,0.0,0.0,0.0,0.0,0.0,0.0,0.0,452824541.182459,0.0,0.0,0.0,0.0,0.0,0.0,0.0,0.0,0.0,-2415.699999999522,457476037.78720003,-2415.699999999522,-2415.699999999522,0.0,0.0,0.0,0.0,0.0,0.0,0.0,0.0,0.0,0.0,0.0,0.0,0.0,0.0,0.0,0.0,0.0,0.0,0.0,12131395293.306852,0.0,0.0,0.0,0.0,0.0,0.0,0.0,0.0,0.0,146378.3482142857,0.0,0.0,0.0
31,2041,0.0,3142854.0,0.0,0.0,0.0,0.0,0.0,0.0,0.0,0.0,0.0,0.0,754284.9600000001,0.0,0.0,0.0,0.0,0.0,0.0,0.0,0.0,0.0,2415.699999999522,-585471.7721771521,2415.699999999522,2415.699999999522,0.0,0.0,0.0,0.0,0.0,0.0,0.0,0.0,456890566.01502156,0.0,0.0,0.0,0.0,0.0,0.0,0.0,0.0,0.0,-2415.699999999522,457476037.78720003,-2415.699999999522,-2415.699999999522,0.0,0.0,0.0,0.0,0.0,0.0,0.0,0.0,0.0,0.0,0.0,0.0,0.0,0.0,0.0,0.0,0.0,0.0,0.0,12131395293.306852,0.0,0.0,0.0,0.0,0.0,0.0,0.0,0.0,0.0,149955.35714285707,0.0,0.0,0.0
32,2042,0.0,2999997.0,0.0,0.0,0.0,0.0,0.0,0.0,0.0,0.0,0.0,0.0,719999.28,0.0,0.0,0.0,0.0,0.0,0.0,0.0,0.0,0.0,2415.699999999522,17123166.99178872,2415.699999999522,2415.699999999522,0.0,0.0,0.0,0.0,0.0,0.0,0.0,0.0,453819239.031857,0.0,0.0,0.0,0.0,0.0,0.0,0.0,0.0,0.0,-2415.699999999522,436696072.0400691,-2415.699999999522,-2415.699999999522,0.0,0.0,0.0,0.0,0.0,0.0,0.0,0.0,0.0,0.0,0.0,0.0,0.0,0.0,0.0,0.0,0.0,0.0,0.0,11579968234.520176,0.0,0.0,0.0,0.0,0.0,0.0,0.0,0.0,0.0,153532.36607142864,0.0,0.0,0.0
33,2043,0.0,3428568.0,0.0,0.0,0.0,0.0,0.0,0.0,0.0,0.0,0.0,0.0,822856.3200000001,0.0,0.0,0.0,0.0,0.0,0.0,0.0,0.0,0.0,2415.699999999522,8258537.371100953,2415.699999999522,2415.699999999522,0.0,0.0,0.0,0.0,0.0,0.0,0.0,0.0,507338762.39642423,0.0,0.0,0.0,0.0,0.0,0.0,0.0,0.0,0.0,-2415.699999999522,499080225.0253247,-2415.699999999522,-2415.699999999522,0.0,0.0,0.0,0.0,0.0,0.0,0.0,0.0,0.0,0.0,0.0,0.0,0.0,0.0,0.0,0.0,0.0,0.0,0.0,13234249410.880201,0.0,0.0,0.0,0.0,0.0,0.0,0.0,0.0,0.0,157109.3750000003,0.0,0.0,0.0
34,2044,0.0,3428568.0,0.0,0.0,0.0,0.0,0.0,0.0,0.0,0.0,0.0,0.0,822856.3200000001,0.0,0.0,0.0,0.0,0.0,0.0,0.0,0.0,0.0,2415.699999999522,47741562.69462699,2415.699999999522,2415.699999999522,0.0,0.0,0.0,0.0,0.0,0.0,0.0,0.0,546821787.7199504,0.0,0.0,0.0,0.0,0.0,0.0,0.0,0.0,0.0,-2415.699999999522,499080225.0253247,-2415.699999999522,-2415.699999999522,0.0,0.0,0.0,0.0,0.0,0.0,0.0,0.0,0.0,0.0,0.0,0.0,0.0,0.0,0.0,0.0,0.0,0.0,0.0,13234249410.880201,0.0,0.0,0.0,0.0,0.0,0.0,0.0,0.0,0.0,160686.3839285716,0.0,0.0,0.0
35,2045,0.0,2999997.0,0.0,0.0,0.0,0.0,0.0,0.0,0.0,0.0,0.0,0.0,719999.28,0.0,0.0,0.0,0.0,0.0,0.0,0.0,0.0,0.0,2415.699999999522,83343219.27382126,2415.699999999522,2415.699999999522,0.0,0.0,0.0,0.0,0.0,0.0,0.0,0.0,520037996.46272814,0.0,0.0,0.0,0.0,0.0,0.0,0.0,0.0,0.0,-2415.699999999522,436694777.1889083,-2415.699999999522,-2415.699999999522,0.0,0.0,0.0,0.0,0.0,0.0,0.0,0.0,0.0,0.0,0.0,0.0,0.0,0.0,0.0,0.0,0.0,0.0,0.0,11579968234.520176,0.0,0.0,0.0,0.0,0.0,0.0,0.0,0.0,0.0,164263.39285714313,0.0,0.0,0.0
36,2046,0.0,3428568.0,0.0,0.0,0.0,0.0,0.0,0.0,0.0,0.0,0.0,0.0,822856.3200000001,0.0,0.0,0.0,0.0,0.0,0.0,0.0,0.0,0.0,2415.699999999522,77715333.04500629,2415.699999999522,2415.699999999522,0.0,0.0,0.0,0.0,0.0,0.0,0.0,0.0,576791777.5830208,0.0,0.0,0.0,0.0,0.0,0.0,0.0,0.0,0.0,-2415.699999999522,499076444.53801477,-2415.699999999522,-2415.699999999522,0.0,0.0,0.0,0.0,0.0,0.0,0.0,0.0,0.0,0.0,0.0,0.0,0.0,0.0,0.0,0.0,0.0,0.0,0.0,13234249410.880201,0.0,0.0,0.0,0.0,0.0,0.0,0.0,0.0,0.0,167840.4017857144,0.0,0.0,0.0
37,2047,0.0,3428568.0,0.0,0.0,0.0,0.0,0.0,0.0,0.0,0.0,0.0,0.0,822856.3200000001,0.0,0.0,0.0,0.0,0.0,0.0,0.0,0.0,0.0,2415.699999999522,144342352.80264142,2415.699999999522,2415.699999999522,0.0,0.0,0.0,0.0,0.0,0.0,0.0,0.0,643418797.3406546,0.0,0.0,0.0,0.0,0.0,0.0,0.0,0.0,0.0,-2415.699999999522,499076444.53801477,-2415.699999999522,-2415.699999999522,0.0,0.0,0.0,0.0,0.0,0.0,0.0,0.0,0.0,0.0,0.0,0.0,0.0,0.0,0.0,0.0,0.0,0.0,0.0,13234249410.880201,0.0,0.0,0.0,0.0,0.0,0.0,0.0,0.0,0.0,171417.4107142859,0.0,0.0,0.0
38,2048,0.0,3429997.0,0.0,0.0,0.0,0.0,0.0,0.0,0.0,0.0,0.0,0.0,823199.28,0.0,0.0,0.0,0.0,0.0,0.0,0.0,0.0,0.0,2415.699999999522,179031815.76818508,2415.699999999522,2415.699999999522,0.0,0.0,0.0,0.0,0.0,0.0,0.0,0.0,678309096.9636226,0.0,0.0,0.0,0.0,0.0,0.0,0.0,0.0,0.0,-2415.699999999522,499277281.1954381,-2415.699999999522,-2415.699999999522,0.0,0.0,0.0,0.0,0.0,0.0,0.0,0.0,0.0,0.0,0.0,0.0,0.0,0.0,0.0,0.0,0.0,0.0,0.0,13239765341.265173,0.0,0.0,0.0,0.0,0.0,0.0,0.0,0.0,0.0,174994.41964285707,0.0,0.0,0.0
39,2049,0.0,3579997.0,0.0,0.0,0.0,0.0,0.0,0.0,0.0,0.0,0.0,0.0,859199.28,0.0,0.0,0.0,0.0,0.0,0.0,0.0,0.0,0.0,2415.699999999522,249884464.18550214,2415.699999999522,2415.699999999522,0.0,0.0,0.0,0.0,0.0,0.0,0.0,0.0,770977626.767197,0.0,0.0,0.0,0.0,0.0,0.0,0.0,0.0,0.0,-2415.699999999522,521093162.581695,-2415.699999999522,-2415.699999999522,0.0,0.0,0.0,0.0,0.0,0.0,0.0,0.0,0.0,0.0,0.0,0.0,0.0,0.0,0.0,0.0,0.0,0.0,0.0,13818764331.990171,0.0,0.0,0.0,0.0,0.0,0.0,0.0,0.0,0.0,178571.4285714285,0.0,0.0,0.0
40,2050,0.0,3729997.0,0.0,0.0,0.0,0.0,0.0,0.0,0.0,0.0,0.0,0.0,895199.28,0.0,0.0,0.0,0.0,0.0,0.0,0.0,0.0,0.0,2415.699999999522,375216670.11547893,2415.699999999522,2415.699999999522,0.0,0.0,0.0,0.0,0.0,0.0,0.0,0.0,918125649.6667075,0.0,0.0,0.0,0.0,0.0,0.0,0.0,0.0,0.0,-2415.699999999522,542908979.5512283,-2415.699999999522,-2415.699999999522,0.0,0.0,0.0,0.0,0.0,0.0,0.0,0.0,0.0,0.0,0.0,0.0,0.0,0.0,0.0,0.0,0.0,0.0,0.0,14397763322.71517,0.0,0.0,0.0,0.0,0.0,0.0,0.0,0.0,0.0,182148.4374999999,0.0,0.0,0.0
