Actual Or Estimated Wind And Solar Power Generation (B1630),,,,,
Time Series ID,Business Type,PSR Type,Settlement  Date,Settlement Period,Quantity (MW)
NGET-EMFIP-AGWS-TS-00236458,Wind generation,Wind Onshore,25/10/2018,48,5082.881
NGET-EMFIP-AGWS-TS-00236457,Wind generation,Wind Offshore,25/10/2018,48,2569.892
NGET-EMFIP-AGWS-TS-00236456,Solar generation,Solar,25/10/2018,48,0
NGET-EMFIP-AGWS-TS-00236455,Wind generation,Wind Onshore,25/10/2018,47,5146.917
NGET-EMFIP-AGWS-TS-00236454,Wind generation,Wind Offshore,25/10/2018,47,2389.18
NGET-EMFIP-AGWS-TS-00236453,Solar generation,Solar,25/10/2018,47,0
NGET-EMFIP-AGWS-TS-00236452,Wind generation,Wind Onshore,25/10/2018,46,5226.93
NGET-EMFIP-AGWS-TS-00236451,Wind generation,Wind Offshore,25/10/2018,46,2330.47
NGET-EMFIP-AGWS-TS-00236450,Solar generation,Solar,25/10/2018,46,0
NGET-EMFIP-AGWS-TS-00236449,Wind generation,Wind Onshore,25/10/2018,45,5498.97
NGET-EMFIP-AGWS-TS-00236448,Wind generation,Wind Offshore,25/10/2018,45,2147.012
NGET-EMFIP-AGWS-TS-00236447,Solar generation,Solar,25/10/2018,45,0
NGET-EMFIP-AGWS-TS-00236446,Wind generation,Wind Onshore,25/10/2018,44,5242.7
NGET-EMFIP-AGWS-TS-00236445,Wind generation,Wind Offshore,25/10/2018,44,2088.129
NGET-EMFIP-AGWS-TS-00236444,Solar generation,Solar,25/10/2018,44,0
NGET-EMFIP-AGWS-TS-00236446,Wind generation,Wind Onshore,25/10/2018,,5118.743
NGET-EMFIP-AGWS-TS-00236445,Wind generation,Wind Offshore,25/10/2018,,1940.9965
NGET-EMFIP-AGWS-TS-00236444,Solar generation,Solar,25/10/2018,,1
NGET-EMFIP-AGWS-TS-00236440,Wind generation,Wind Onshore,25/10/2018,42,4994.786
NGET-EMFIP-AGWS-TS-00236439,Wind generation,Wind Offshore,25/10/2018,42,1793.864
NGET-EMFIP-AGWS-TS-00236438,Solar generation,Solar,25/10/2018,42,2
NGET-EMFIP-AGWS-TS-00236437,Wind generation,Wind Onshore,25/10/2018,41,5033.648
NGET-EMFIP-AGWS-TS-00236436,Wind generation,Wind Offshore,25/10/2018,41,1606.559
NGET-EMFIP-AGWS-TS-00236435,Solar generation,Solar,25/10/2018,41,2
NGET-EMFIP-AGWS-TS-00236434,Wind generation,Wind Onshore,25/10/2018,40,4936.698
NGET-EMFIP-AGWS-TS-00236433,Wind generation,Wind Offshore,25/10/2018,40,1534.615
NGET-EMFIP-AGWS-TS-00236432,Solar generation,Solar,25/10/2018,40,2
NGET-EMFIP-AGWS-TS-00236431,Wind generation,Wind Onshore,25/10/2018,39,4750.943
NGET-EMFIP-AGWS-TS-00236430,Wind generation,Wind Offshore,25/10/2018,39,1409.788
NGET-EMFIP-AGWS-TS-00236429,Solar generation,Solar,25/10/2018,39,1
NGET-EMFIP-AGWS-TS-00236428,Wind generation,Wind Onshore,25/10/2018,38,4646.805
NGET-EMFIP-AGWS-TS-00236427,Wind generation,Wind Offshore,25/10/2018,38,1363.775
NGET-EMFIP-AGWS-TS-00236426,Solar generation,Solar,25/10/2018,38,3
NGET-EMFIP-AGWS-TS-00236425,Wind generation,Wind Onshore,25/10/2018,37,4525.076
NGET-EMFIP-AGWS-TS-00236424,Wind generation,Wind Offshore,25/10/2018,37,1330.368
NGET-EMFIP-AGWS-TS-00236423,Solar generation,Solar,25/10/2018,37,2
NGET-EMFIP-AGWS-TS-00236422,Wind generation,Wind Onshore,25/10/2018,36,4475.951
NGET-EMFIP-AGWS-TS-00236421,Wind generation,Wind Offshore,25/10/2018,36,1323.345
NGET-EMFIP-AGWS-TS-00236420,Solar generation,Solar,25/10/2018,36,8
NGET-EMFIP-AGWS-TS-00236419,Wind generation,Wind Onshore,25/10/2018,35,4399.301
NGET-EMFIP-AGWS-TS-00236418,Wind generation,Wind Offshore,25/10/2018,35,1209.312
NGET-EMFIP-AGWS-TS-00236417,Solar generation,Solar,25/10/2018,35,108
NGET-EMFIP-AGWS-TS-00236416,Wind generation,Wind Onshore,25/10/2018,34,4217.826
NGET-EMFIP-AGWS-TS-00236415,Wind generation,Wind Offshore,25/10/2018,34,1104.005
NGET-EMFIP-AGWS-TS-00236414,Solar generation,Solar,25/10/2018,34,343
NGET-EMFIP-AGWS-TS-00236413,Wind generation,Wind Onshore,25/10/2018,33,3858.552
NGET-EMFIP-AGWS-TS-00236412,Wind generation,Wind Offshore,25/10/2018,33,1163.73
NGET-EMFIP-AGWS-TS-00236411,Solar generation,Solar,25/10/2018,33,720
NGET-EMFIP-AGWS-TS-00236410,Wind generation,Wind Onshore,25/10/2018,32,3717.653
NGET-EMFIP-AGWS-TS-00236409,Wind generation,Wind Offshore,25/10/2018,32,1143.345
NGET-EMFIP-AGWS-TS-00236408,Solar generation,Solar,25/10/2018,32,1270
NGET-EMFIP-AGWS-TS-00236407,Wind generation,Wind Onshore,25/10/2018,31,3553.429
NGET-EMFIP-AGWS-TS-00236406,Wind generation,Wind Offshore,25/10/2018,31,1066.771
NGET-EMFIP-AGWS-TS-00236405,Solar generation,Solar,25/10/2018,31,1710
NGET-EMFIP-AGWS-TS-00236404,Wind generation,Wind Onshore,25/10/2018,30,3583.3
NGET-EMFIP-AGWS-TS-00236403,Wind generation,Wind Offshore,25/10/2018,30,1042.173
NGET-EMFIP-AGWS-TS-00236402,Solar generation,Solar,25/10/2018,30,2200
NGET-EMFIP-AGWS-TS-00236401,Wind generation,Wind Onshore,25/10/2018,29,3424.572
NGET-EMFIP-AGWS-TS-00236400,Wind generation,Wind Offshore,25/10/2018,29,1025.789
NGET-EMFIP-AGWS-TS-00236399,Solar generation,Solar,25/10/2018,29,2710
NGET-EMFIP-AGWS-TS-00236398,Wind generation,Wind Onshore,25/10/2018,28,3384.584
NGET-EMFIP-AGWS-TS-00236397,Wind generation,Wind Offshore,25/10/2018,28,1045.51
NGET-EMFIP-AGWS-TS-00236396,Solar generation,Solar,25/10/2018,28,3220
NGET-EMFIP-AGWS-TS-00236395,Wind generation,Wind Onshore,25/10/2018,27,3406.596
NGET-EMFIP-AGWS-TS-00236394,Wind generation,Wind Offshore,25/10/2018,27,1040.609
NGET-EMFIP-AGWS-TS-00236393,Solar generation,Solar,25/10/2018,27,3620
NGET-EMFIP-AGWS-TS-00236392,Wind generation,Wind Onshore,25/10/2018,26,3395.981
NGET-EMFIP-AGWS-TS-00236391,Wind generation,Wind Offshore,25/10/2018,26,1055.884
NGET-EMFIP-AGWS-TS-00236390,Solar generation,Solar,25/10/2018,26,3830
NGET-EMFIP-AGWS-TS-00236389,Wind generation,Wind Onshore,25/10/2018,25,3324.388
NGET-EMFIP-AGWS-TS-00236388,Wind generation,Wind Offshore,25/10/2018,25,1065.211
NGET-EMFIP-AGWS-TS-00236387,Solar generation,Solar,25/10/2018,25,3780
NGET-EMFIP-AGWS-TS-00236386,Wind generation,Wind Onshore,25/10/2018,24,3249.97
NGET-EMFIP-AGWS-TS-00236385,Wind generation,Wind Offshore,25/10/2018,24,1039.896
NGET-EMFIP-AGWS-TS-00236384,Solar generation,Solar,25/10/2018,24,3700
NGET-EMFIP-AGWS-TS-00236383,Wind generation,Wind Onshore,25/10/2018,23,3311.321
NGET-EMFIP-AGWS-TS-00236382,Wind generation,Wind Offshore,25/10/2018,23,1123.689
NGET-EMFIP-AGWS-TS-00236381,Solar generation,Solar,25/10/2018,23,3380
NGET-EMFIP-AGWS-TS-00236380,Wind generation,Wind Onshore,25/10/2018,22,1221.769
NGET-EMFIP-AGWS-TS-00236379,Wind generation,Wind Offshore,25/10/2018,22,76.598
NGET-EMFIP-AGWS-TS-00236378,Solar generation,Solar,25/10/2018,22,3010
NGET-EMFIP-AGWS-TS-00236377,Wind generation,Wind Onshore,25/10/2018,21,3460.545
NGET-EMFIP-AGWS-TS-00236376,Wind generation,Wind Offshore,25/10/2018,21,1267.029
NGET-EMFIP-AGWS-TS-00236375,Solar generation,Solar,25/10/2018,21,2510
NGET-EMFIP-AGWS-TS-00236374,Wind generation,Wind Onshore,25/10/2018,20,1247.212
NGET-EMFIP-AGWS-TS-00236373,Wind generation,Wind Offshore,25/10/2018,20,81.646
NGET-EMFIP-AGWS-TS-00236372,Solar generation,Solar,25/10/2018,20,1900
NGET-EMFIP-AGWS-TS-00236371,Wind generation,Wind Onshore,25/10/2018,19,3902.22
NGET-EMFIP-AGWS-TS-00236370,Wind generation,Wind Offshore,25/10/2018,19,1590.76
NGET-EMFIP-AGWS-TS-00236369,Solar generation,Solar,25/10/2018,19,1260
NGET-EMFIP-AGWS-TS-00236368,Wind generation,Wind Onshore,25/10/2018,18,4195.038
NGET-EMFIP-AGWS-TS-00236367,Wind generation,Wind Offshore,25/10/2018,18,1618.513
NGET-EMFIP-AGWS-TS-00236366,Solar generation,Solar,25/10/2018,18,635
NGET-EMFIP-AGWS-TS-00236365,Wind generation,Wind Onshore,25/10/2018,17,4211.735
NGET-EMFIP-AGWS-TS-00236364,Wind generation,Wind Offshore,25/10/2018,17,1673.348
NGET-EMFIP-AGWS-TS-00236363,Solar generation,Solar,25/10/2018,17,154
NGET-EMFIP-AGWS-TS-00236362,Wind generation,Wind Onshore,25/10/2018,16,4199.384
NGET-EMFIP-AGWS-TS-00236361,Wind generation,Wind Offshore,25/10/2018,16,1688.254
NGET-EMFIP-AGWS-TS-00236360,Solar generation,Solar,25/10/2018,16,6
NGET-EMFIP-AGWS-TS-00236359,Wind generation,Wind Onshore,25/10/2018,15,4271.927
NGET-EMFIP-AGWS-TS-00236358,Wind generation,Wind Offshore,25/10/2018,15,1619.029
NGET-EMFIP-AGWS-TS-00236357,Solar generation,Solar,25/10/2018,15,0
NGET-EMFIP-AGWS-TS-00236356,Wind generation,Wind Onshore,25/10/2018,14,1441.996
NGET-EMFIP-AGWS-TS-00236355,Wind generation,Wind Offshore,25/10/2018,14,99.131
NGET-EMFIP-AGWS-TS-00236354,Solar generation,Solar,25/10/2018,14,0
NGET-EMFIP-AGWS-TS-00236353,Wind generation,Wind Onshore,25/10/2018,13,4822.977
NGET-EMFIP-AGWS-TS-00236352,Wind generation,Wind Offshore,25/10/2018,13,1556.052
NGET-EMFIP-AGWS-TS-00236351,Solar generation,Solar,25/10/2018,13,0
NGET-EMFIP-AGWS-TS-00236350,Wind generation,Wind Onshore,25/10/2018,12,5079.571
NGET-EMFIP-AGWS-TS-00236349,Wind generation,Wind Offshore,25/10/2018,12,1645.933
NGET-EMFIP-AGWS-TS-00236348,Solar generation,Solar,25/10/2018,12,0
NGET-EMFIP-AGWS-TS-00236347,Wind generation,Wind Onshore,25/10/2018,11,5183.97
NGET-EMFIP-AGWS-TS-00236346,Wind generation,Wind Offshore,25/10/2018,11,1700.164
NGET-EMFIP-AGWS-TS-00236345,Solar generation,Solar,25/10/2018,11,0
NGET-EMFIP-AGWS-TS-00236344,Wind generation,Wind Onshore,25/10/2018,10,5402.427
NGET-EMFIP-AGWS-TS-00236343,Wind generation,Wind Offshore,25/10/2018,10,1893.451
NGET-EMFIP-AGWS-TS-00236342,Solar generation,Solar,25/10/2018,10,0
NGET-EMFIP-AGWS-TS-00236341,Wind generation,Wind Onshore,25/10/2018,9,5209.839
NGET-EMFIP-AGWS-TS-00236340,Wind generation,Wind Offshore,25/10/2018,9,1964.191
NGET-EMFIP-AGWS-TS-00236339,Solar generation,Solar,25/10/2018,9,0
NGET-EMFIP-AGWS-TS-00236322,Wind generation,Wind Onshore,25/10/2018,8,5277.791
NGET-EMFIP-AGWS-TS-00236321,Wind generation,Wind Offshore,25/10/2018,8,1879.393
NGET-EMFIP-AGWS-TS-00236320,Solar generation,Solar,25/10/2018,8,0
NGET-EMFIP-AGWS-TS-00236319,Wind generation,Wind Onshore,25/10/2018,7,5225.089
NGET-EMFIP-AGWS-TS-00236318,Wind generation,Wind Offshore,25/10/2018,7,2091.401
NGET-EMFIP-AGWS-TS-00236317,Solar generation,Solar,25/10/2018,7,0
NGET-EMFIP-AGWS-TS-00236316,Wind generation,Wind Onshore,25/10/2018,6,5287.919
NGET-EMFIP-AGWS-TS-00236315,Wind generation,Wind Offshore,25/10/2018,6,2040.729
NGET-EMFIP-AGWS-TS-00236314,Solar generation,Solar,25/10/2018,6,0
NGET-EMFIP-AGWS-TS-00236313,Wind generation,Wind Onshore,25/10/2018,5,5359.095
NGET-EMFIP-AGWS-TS-00236312,Wind generation,Wind Offshore,25/10/2018,5,2053.498
NGET-EMFIP-AGWS-TS-00236311,Solar generation,Solar,25/10/2018,5,0
NGET-EMFIP-AGWS-TS-00236310,Wind generation,Wind Onshore,25/10/2018,4,5416.649
NGET-EMFIP-AGWS-TS-00236309,Wind generation,Wind Offshore,25/10/2018,4,2053.754
NGET-EMFIP-AGWS-TS-00236308,Solar generation,Solar,25/10/2018,4,0
NGET-EMFIP-AGWS-TS-00236307,Wind generation,Wind Onshore,25/10/2018,3,5430.561
NGET-EMFIP-AGWS-TS-00236306,Wind generation,Wind Offshore,25/10/2018,3,2161.134
NGET-EMFIP-AGWS-TS-00236305,Solar generation,Solar,25/10/2018,3,0
NGET-EMFIP-AGWS-TS-00236304,Wind generation,Wind Onshore,25/10/2018,2,5622.994
NGET-EMFIP-AGWS-TS-00236303,Wind generation,Wind Offshore,25/10/2018,2,2225.675
NGET-EMFIP-AGWS-TS-00236302,Solar generation,Solar,25/10/2018,2,0
NGET-EMFIP-AGWS-TS-00236301,Wind generation,Wind Onshore,25/10/2018,1,5615.625
NGET-EMFIP-AGWS-TS-00236300,Wind generation,Wind Offshore,25/10/2018,1,2191.825
NGET-EMFIP-AGWS-TS-00236299,Solar generation,Solar,25/10/2018,1,0
