Actual Or Estimated Wind And Solar Power Generation (B1630)
Time Series ID,Business Type,PSR Type,Settlement  Date,Settlement Period,Quantity (MW)
NGET-EMFIP-AGWS-TS-00235667,Wind generation,"Wind Onshore",2018-10-20,48,3100.37
NGET-EMFIP-AGWS-TS-00235666,Wind generation,"Wind Offshore",2018-10-20,48,1213.776
NGET-EMFIP-AGWS-TS-00235665,Solar generation,"Solar",2018-10-20,48,0
NGET-EMFIP-AGWS-TS-00235664,Wind generation,"Wind Onshore",2018-10-20,47,2976.131
NGET-EMFIP-AGWS-TS-00235663,Wind generation,"Wind Offshore",2018-10-20,47,1272.055
NGET-EMFIP-AGWS-TS-00235662,Solar generation,"Solar",2018-10-20,47,0
NGET-EMFIP-AGWS-TS-00235661,Wind generation,"Wind Onshore",2018-10-20,46,3173.445
NGET-EMFIP-AGWS-TS-00235660,Wind generation,"Wind Offshore",2018-10-20,46,1146.14
NGET-EMFIP-AGWS-TS-00235659,Solar generation,"Solar",2018-10-20,46,0
NGET-EMFIP-AGWS-TS-00235658,Wind generation,"Wind Onshore",2018-10-20,45,3310.529
NGET-EMFIP-AGWS-TS-00235657,Wind generation,"Wind Offshore",2018-10-20,45,1167.482
NGET-EMFIP-AGWS-TS-00235656,Solar generation,"Solar",2018-10-20,45,0
NGET-EMFIP-AGWS-TS-00235655,Wind generation,"Wind Onshore",2018-10-20,44,3394.577
NGET-EMFIP-AGWS-TS-00235654,Wind generation,"Wind Offshore",2018-10-20,44,1167.956
NGET-EMFIP-AGWS-TS-00235653,Solar generation,"Solar",2018-10-20,44,0
NGET-EMFIP-AGWS-TS-00235652,Wind generation,"Wind Onshore",2018-10-20,43,3311.295
NGET-EMFIP-AGWS-TS-00235651,Wind generation,"Wind Offshore",2018-10-20,43,1132.125
NGET-EMFIP-AGWS-TS-00235650,Solar generation,"Solar",2018-10-20,43,2
NGET-EMFIP-AGWS-TS-00235649,Wind generation,"Wind Onshore",2018-10-20,42,3321.164
NGET-EMFIP-AGWS-TS-00235648,Wind generation,"Wind Offshore",2018-10-20,42,1147.084
NGET-EMFIP-AGWS-TS-00235647,Solar generation,"Solar",2018-10-20,42,3
NGET-EMFIP-AGWS-TS-00235646,Wind generation,"Wind Onshore",2018-10-20,41,3144.345
NGET-EMFIP-AGWS-TS-00235645,Wind generation,"Wind Offshore",2018-10-20,41,1154.822
NGET-EMFIP-AGWS-TS-00235644,Solar generation,"Solar",2018-10-20,41,2
NGET-EMFIP-AGWS-TS-00235643,Wind generation,"Wind Onshore",2018-10-20,40,3147.259
NGET-EMFIP-AGWS-TS-00235642,Wind generation,"Wind Offshore",2018-10-20,40,1133.585
NGET-EMFIP-AGWS-TS-00235641,Solar generation,"Solar",2018-10-20,40,4
NGET-EMFIP-AGWS-TS-00235640,Wind generation,"Wind Onshore",2018-10-20,39,3080.332
NGET-EMFIP-AGWS-TS-00235639,Wind generation,"Wind Offshore",2018-10-20,39,1083.49
NGET-EMFIP-AGWS-TS-00235638,Solar generation,"Solar",2018-10-20,39,4
NGET-EMFIP-AGWS-TS-00235637,Wind generation,"Wind Onshore",2018-10-20,38,2996.42
NGET-EMFIP-AGWS-TS-00235636,Wind generation,"Wind Offshore",2018-10-20,38,1041.131
NGET-EMFIP-AGWS-TS-00235635,Solar generation,"Solar",2018-10-20,38,6
NGET-EMFIP-AGWS-TS-00235634,Wind generation,"Wind Onshore",2018-10-20,37,3099.743
NGET-EMFIP-AGWS-TS-00235633,Wind generation,"Wind Offshore",2018-10-20,37,1015.892
NGET-EMFIP-AGWS-TS-00235632,Solar generation,"Solar",2018-10-20,37,7
NGET-EMFIP-AGWS-TS-00235631,Wind generation,"Wind Onshore",2018-10-20,36,3253.581
NGET-EMFIP-AGWS-TS-00235630,Wind generation,"Wind Offshore",2018-10-20,36,1110.909
NGET-EMFIP-AGWS-TS-00235629,Solar generation,"Solar",2018-10-20,36,128
NGET-EMFIP-AGWS-TS-00235628,Wind generation,"Wind Onshore",2018-10-20,35,3296.083
NGET-EMFIP-AGWS-TS-00235627,Wind generation,"Wind Offshore",2018-10-20,35,1147.867
NGET-EMFIP-AGWS-TS-00235626,Solar generation,"Solar",2018-10-20,35,660
NGET-EMFIP-AGWS-TS-00235625,Wind generation,"Wind Onshore",2018-10-20,34,3409.582
NGET-EMFIP-AGWS-TS-00235624,Wind generation,"Wind Offshore",2018-10-20,34,1117.559
NGET-EMFIP-AGWS-TS-00235623,Solar generation,"Solar",2018-10-20,34,1410
NGET-EMFIP-AGWS-TS-00235622,Wind generation,"Wind Onshore",2018-10-20,33,3564.17
NGET-EMFIP-AGWS-TS-00235621,Wind generation,"Wind Offshore",2018-10-20,33,1162.382
NGET-EMFIP-AGWS-TS-00235620,Solar generation,"Solar",2018-10-20,33,2140
NGET-EMFIP-AGWS-TS-00235619,Wind generation,"Wind Onshore",2018-10-20,32,3765.499
NGET-EMFIP-AGWS-TS-00235618,Wind generation,"Wind Offshore",2018-10-20,32,1156.286
NGET-EMFIP-AGWS-TS-00235617,Solar generation,"Solar",2018-10-20,32,2930
NGET-EMFIP-AGWS-TS-00235616,Wind generation,"Wind Onshore",2018-10-20,31,3939.018
NGET-EMFIP-AGWS-TS-00235615,Wind generation,"Wind Offshore",2018-10-20,31,1144.006
NGET-EMFIP-AGWS-TS-00235614,Solar generation,"Solar",2018-10-20,31,3660
NGET-EMFIP-AGWS-TS-00235613,Wind generation,"Wind Onshore",2018-10-20,30,3859.061
NGET-EMFIP-AGWS-TS-00235612,Wind generation,"Wind Offshore",2018-10-20,30,1135.37
NGET-EMFIP-AGWS-TS-00235611,Solar generation,"Solar",2018-10-20,30,4280
NGET-EMFIP-AGWS-TS-00235610,Wind generation,"Wind Onshore",2018-10-20,29,3743.832
NGET-EMFIP-AGWS-TS-00235609,Wind generation,"Wind Offshore",2018-10-20,29,1127.63
NGET-EMFIP-AGWS-TS-00235608,Solar generation,"Solar",2018-10-20,29,4810
NGET-EMFIP-AGWS-TS-00235607,Wind generation,"Wind Onshore",2018-10-20,28,3522.717
NGET-EMFIP-AGWS-TS-00235606,Wind generation,"Wind Offshore",2018-10-20,28,1142.097
NGET-EMFIP-AGWS-TS-00235605,Solar generation,"Solar",2018-10-20,28,5250
NGET-EMFIP-AGWS-TS-00235604,Wind generation,"Wind Onshore",2018-10-20,27,3623.959
NGET-EMFIP-AGWS-TS-00235603,Wind generation,"Wind Offshore",2018-10-20,27,1144.459
NGET-EMFIP-AGWS-TS-00235602,Solar generation,"Solar",2018-10-20,27,5340
NGET-EMFIP-AGWS-TS-00235601,Wind generation,"Wind Onshore",2018-10-20,26,3751.995
NGET-EMFIP-AGWS-TS-00235600,Wind generation,"Wind Offshore",2018-10-20,26,1203.737
NGET-EMFIP-AGWS-TS-00235599,Solar generation,"Solar",2018-10-20,26,5210
NGET-EMFIP-AGWS-TS-00235582,Wind generation,"Wind Onshore",2018-10-20,25,3565.616
NGET-EMFIP-AGWS-TS-00235581,Wind generation,"Wind Offshore",2018-10-20,25,1161.302
NGET-EMFIP-AGWS-TS-00235580,Solar generation,"Solar",2018-10-20,25,4910
NGET-EMFIP-AGWS-TS-00235579,Wind generation,"Wind Onshore",2018-10-20,24,3439.711
NGET-EMFIP-AGWS-TS-00235578,Wind generation,"Wind Offshore",2018-10-20,24,1096.886
NGET-EMFIP-AGWS-TS-00235577,Solar generation,"Solar",2018-10-20,24,4470
NGET-EMFIP-AGWS-TS-00235576,Wind generation,"Wind Onshore",2018-10-20,23,3423.078
NGET-EMFIP-AGWS-TS-00235575,Wind generation,"Wind Offshore",2018-10-20,23,1024.614
NGET-EMFIP-AGWS-TS-00235574,Solar generation,"Solar",2018-10-20,23,4000
NGET-EMFIP-AGWS-TS-00235573,Wind generation,"Wind Onshore",2018-10-20,22,3517.036
NGET-EMFIP-AGWS-TS-00235572,Wind generation,"Wind Offshore",2018-10-20,22,910.038
NGET-EMFIP-AGWS-TS-00235571,Solar generation,"Solar",2018-10-20,22,3440
NGET-EMFIP-AGWS-TS-00235570,Wind generation,"Wind Onshore",2018-10-20,21,3506.175
NGET-EMFIP-AGWS-TS-00235569,Wind generation,"Wind Offshore",2018-10-20,21,919.351
NGET-EMFIP-AGWS-TS-00235568,Solar generation,"Solar",2018-10-20,21,0
NGET-EMFIP-AGWS-TS-00235567,Wind generation,"Wind Onshore",2018-10-20,20,3417.326
NGET-EMFIP-AGWS-TS-00235566,Wind generation,"Wind Offshore",2018-10-20,20,836.104
NGET-EMFIP-AGWS-TS-00235565,Solar generation,"Solar",2018-10-20,20,2736
NGET-EMFIP-AGWS-TS-00235564,Wind generation,"Wind Onshore",2018-10-20,19,3464.727
NGET-EMFIP-AGWS-TS-00235563,Wind generation,"Wind Offshore",2018-10-20,19,857.052
NGET-EMFIP-AGWS-TS-00235562,Solar generation,"Solar",2018-10-20,19,1955
NGET-EMFIP-AGWS-TS-00235561,Wind generation,"Wind Onshore",2018-10-20,18,3301.3
NGET-EMFIP-AGWS-TS-00235560,Wind generation,"Wind Offshore",2018-10-20,18,904.472
NGET-EMFIP-AGWS-TS-00235559,Solar generation,"Solar",2018-10-20,18,1134
NGET-EMFIP-AGWS-TS-00235558,Wind generation,"Wind Onshore",2018-10-20,17,3102.089
NGET-EMFIP-AGWS-TS-00235557,Wind generation,"Wind Offshore",2018-10-20,17,801.616
NGET-EMFIP-AGWS-TS-00235556,Solar generation,"Solar",2018-10-20,17,517
NGET-EMFIP-AGWS-TS-00235555,Wind generation,"Wind Onshore",2018-10-20,16,3090.193
NGET-EMFIP-AGWS-TS-00235554,Wind generation,"Wind Offshore",2018-10-20,16,787.045
NGET-EMFIP-AGWS-TS-00235553,Solar generation,"Solar",2018-10-20,16,119
NGET-EMFIP-AGWS-TS-00235552,Wind generation,"Wind Onshore",2018-10-20,15,2898.48
NGET-EMFIP-AGWS-TS-00235551,Wind generation,"Wind Offshore",2018-10-20,15,788.617
NGET-EMFIP-AGWS-TS-00235550,Solar generation,"Solar",2018-10-20,15,0
NGET-EMFIP-AGWS-TS-00235549,Wind generation,"Wind Onshore",2018-10-20,14,2829.745
NGET-EMFIP-AGWS-TS-00235548,Wind generation,"Wind Offshore",2018-10-20,14,818.923
NGET-EMFIP-AGWS-TS-00235547,Solar generation,"Solar",2018-10-20,14,1
NGET-EMFIP-AGWS-TS-00235546,Wind generation,"Wind Onshore",2018-10-20,13,2772.939
NGET-EMFIP-AGWS-TS-00235545,Wind generation,"Wind Offshore",2018-10-20,13,791.144
NGET-EMFIP-AGWS-TS-00235544,Solar generation,"Solar",2018-10-20,13,0
NGET-EMFIP-AGWS-TS-00235543,Wind generation,"Wind Onshore",2018-10-20,12,2545.045
NGET-EMFIP-AGWS-TS-00235542,Wind generation,"Wind Offshore",2018-10-20,12,791.804
NGET-EMFIP-AGWS-TS-00235541,Solar generation,"Solar",2018-10-20,12,0
NGET-EMFIP-AGWS-TS-00235540,Wind generation,"Wind Onshore",2018-10-20,11,2484.259
NGET-EMFIP-AGWS-TS-00235539,Wind generation,"Wind Offshore",2018-10-20,11,736.818
NGET-EMFIP-AGWS-TS-00235538,Solar generation,"Solar",2018-10-20,11,0
NGET-EMFIP-AGWS-TS-00235537,Wind generation,"Wind Onshore",2018-10-20,10,2322.309
NGET-EMFIP-AGWS-TS-00235536,Wind generation,"Wind Offshore",2018-10-20,10,753.717
NGET-EMFIP-AGWS-TS-00235535,Solar generation,"Solar",2018-10-20,10,0
NGET-EMFIP-AGWS-TS-00235534,Wind generation,"Wind Onshore",2018-10-20,9,2230.65
NGET-EMFIP-AGWS-TS-00235533,Wind generation,"Wind Offshore",2018-10-20,9,784.691
NGET-EMFIP-AGWS-TS-00235532,Solar generation,"Solar",2018-10-20,9,0
NGET-EMFIP-AGWS-TS-00235531,Wind generation,"Wind Onshore",2018-10-20,8,2126.3
NGET-EMFIP-AGWS-TS-00235530,Wind generation,"Wind Offshore",2018-10-20,8,789.086
NGET-EMFIP-AGWS-TS-00235529,Solar generation,"Solar",2018-10-20,8,0
NGET-EMFIP-AGWS-TS-00235528,Wind generation,"Wind Onshore",2018-10-20,7,2103.9
NGET-EMFIP-AGWS-TS-00235527,Wind generation,"Wind Offshore",2018-10-20,7,788.237
NGET-EMFIP-AGWS-TS-00235526,Solar generation,"Solar",2018-10-20,7,0
NGET-EMFIP-AGWS-TS-00235525,Wind generation,"Wind Onshore",2018-10-20,6,1803.459
NGET-EMFIP-AGWS-TS-00235524,Wind generation,"Wind Offshore",2018-10-20,6,797.213
NGET-EMFIP-AGWS-TS-00235523,Solar generation,"Solar",2018-10-20,6,0
NGET-EMFIP-AGWS-TS-00235522,Wind generation,"Wind Onshore",2018-10-20,5,1775.182
NGET-EMFIP-AGWS-TS-00235521,Wind generation,"Wind Offshore",2018-10-20,5,764.224
NGET-EMFIP-AGWS-TS-00235520,Solar generation,"Solar",2018-10-20,5,0
NGET-EMFIP-AGWS-TS-00235516,Wind generation,"Wind Onshore",2018-10-20,3,1486.961
NGET-EMFIP-AGWS-TS-00235515,Wind generation,"Wind Offshore",2018-10-20,3,659.011
NGET-EMFIP-AGWS-TS-00235514,Solar generation,"Solar",2018-10-20,3,0
NGET-EMFIP-AGWS-TS-00235513,Wind generation,"Wind Onshore",2018-10-20,2,1266.233
NGET-EMFIP-AGWS-TS-00235512,Wind generation,"Wind Offshore",2018-10-20,2,689.503
NGET-EMFIP-AGWS-TS-00235511,Solar generation,"Solar",2018-10-20,2,0
NGET-EMFIP-AGWS-TS-00235510,Wind generation,"Wind Onshore",2018-10-20,1,1210.038
NGET-EMFIP-AGWS-TS-00235509,Wind generation,"Wind Offshore",2018-10-20,1,669.601
NGET-EMFIP-AGWS-TS-00235508,Solar generation,"Solar",2018-10-20,1,0