Actual Or Estimated Wind And Solar Power Generation (B1630)
Time Series ID,Business Type,PSR Type,Settlement  Date,Settlement Period,Quantity (MW)
NGET-EMFIP-AGWS-TS-00236298,Wind generation,"Wind Onshore",2018-10-24,48,5612.431
NGET-EMFIP-AGWS-TS-00236297,Wind generation,"Wind Offshore",2018-10-24,48,2428.778
NGET-EMFIP-AGWS-TS-00236296,Solar generation,"Solar",2018-10-24,48,0
NGET-EMFIP-AGWS-TS-00236295,Wind generation,"Wind Onshore",2018-10-24,47,5682.69
NGET-EMFIP-AGWS-TS-00236294,Wind generation,"Wind Offshore",2018-10-24,47,2595.5
NGET-EMFIP-AGWS-TS-00236293,Solar generation,"Solar",2018-10-24,47,0
NGET-EMFIP-AGWS-TS-00236292,Wind generation,"Wind Onshore",2018-10-24,46,5793.092
NGET-EMFIP-AGWS-TS-00236291,Wind generation,"Wind Offshore",2018-10-24,46,2603.882
NGET-EMFIP-AGWS-TS-00236290,Solar generation,"Solar",2018-10-24,46,0
NGET-EMFIP-AGWS-TS-00236289,Wind generation,"Wind Onshore",2018-10-24,45,5733.069
NGET-EMFIP-AGWS-TS-00236288,Wind generation,"Wind Offshore",2018-10-24,45,2424.301
NGET-EMFIP-AGWS-TS-00236287,Solar generation,"Solar",2018-10-24,45,0
NGET-EMFIP-AGWS-TS-00236286,Wind generation,"Wind Onshore",2018-10-24,44,5561.772
NGET-EMFIP-AGWS-TS-00236285,Wind generation,"Wind Offshore",2018-10-24,44,2291.081
NGET-EMFIP-AGWS-TS-00236284,Solar generation,"Solar",2018-10-24,44,0
NGET-EMFIP-AGWS-TS-00236283,Wind generation,"Wind Onshore",2018-10-24,43,5665.423
NGET-EMFIP-AGWS-TS-00236282,Wind generation,"Wind Offshore",2018-10-24,43,2123.746
NGET-EMFIP-AGWS-TS-00236281,Solar generation,"Solar",2018-10-24,43,1
NGET-EMFIP-AGWS-TS-00236280,Wind generation,"Wind Onshore",2018-10-24,42,5776.627
NGET-EMFIP-AGWS-TS-00236279,Wind generation,"Wind Offshore",2018-10-24,42,2200.044
NGET-EMFIP-AGWS-TS-00236278,Solar generation,"Solar",2018-10-24,42,1
NGET-EMFIP-AGWS-TS-00236277,Wind generation,"Wind Onshore",2018-10-24,41,5827.686
NGET-EMFIP-AGWS-TS-00236276,Wind generation,"Wind Offshore",2018-10-24,41,2026.874
NGET-EMFIP-AGWS-TS-00236275,Solar generation,"Solar",2018-10-24,41,2
NGET-EMFIP-AGWS-TS-00236274,Wind generation,"Wind Onshore",2018-10-24,40,5780.398
NGET-EMFIP-AGWS-TS-00236273,Wind generation,"Wind Offshore",2018-10-24,40,1962.431
NGET-EMFIP-AGWS-TS-00236272,Solar generation,"Solar",2018-10-24,40,4
NGET-EMFIP-AGWS-TS-00236271,Wind generation,"Wind Onshore",2018-10-24,39,5863.972
NGET-EMFIP-AGWS-TS-00236270,Wind generation,"Wind Offshore",2018-10-24,39,1765.684
NGET-EMFIP-AGWS-TS-00236269,Solar generation,"Solar",2018-10-24,39,3
NGET-EMFIP-AGWS-TS-00236268,Wind generation,"Wind Onshore",2018-10-24,38,5882.389
NGET-EMFIP-AGWS-TS-00236267,Wind generation,"Wind Offshore",2018-10-24,38,1549.064
NGET-EMFIP-AGWS-TS-00236266,Solar generation,"Solar",2018-10-24,38,6
NGET-EMFIP-AGWS-TS-00236265,Wind generation,"Wind Onshore",2018-10-24,37,5919.691
NGET-EMFIP-AGWS-TS-00236264,Wind generation,"Wind Offshore",2018-10-24,37,1487.049
NGET-EMFIP-AGWS-TS-00236263,Solar generation,"Solar",2018-10-24,37,5
NGET-EMFIP-AGWS-TS-00236262,Wind generation,"Wind Onshore",2018-10-24,36,5946.947
NGET-EMFIP-AGWS-TS-00236261,Wind generation,"Wind Offshore",2018-10-24,36,1318.366
NGET-EMFIP-AGWS-TS-00236260,Solar generation,"Solar",2018-10-24,36,52
NGET-EMFIP-AGWS-TS-00236259,Wind generation,"Wind Onshore",2018-10-24,35,5899.782
NGET-EMFIP-AGWS-TS-00236258,Wind generation,"Wind Offshore",2018-10-24,35,1263.466
NGET-EMFIP-AGWS-TS-00236257,Solar generation,"Solar",2018-10-24,35,512
NGET-EMFIP-AGWS-TS-00236256,Wind generation,"Wind Onshore",2018-10-24,34,5632.342
NGET-EMFIP-AGWS-TS-00236255,Wind generation,"Wind Offshore",2018-10-24,34,1217.539
NGET-EMFIP-AGWS-TS-00236254,Solar generation,"Solar",2018-10-24,34,1240
NGET-EMFIP-AGWS-TS-00236253,Wind generation,"Wind Onshore",2018-10-24,33,5609.103
NGET-EMFIP-AGWS-TS-00236252,Wind generation,"Wind Offshore",2018-10-24,33,1215.769
NGET-EMFIP-AGWS-TS-00236251,Solar generation,"Solar",2018-10-24,33,1880
NGET-EMFIP-AGWS-TS-00236250,Wind generation,"Wind Onshore",2018-10-24,32,5776.981
NGET-EMFIP-AGWS-TS-00236249,Wind generation,"Wind Offshore",2018-10-24,32,1273.114
NGET-EMFIP-AGWS-TS-00236248,Solar generation,"Solar",2018-10-24,32,2490
NGET-EMFIP-AGWS-TS-00236247,Wind generation,"Wind Onshore",2018-10-24,31,5873.017
NGET-EMFIP-AGWS-TS-00236246,Wind generation,"Wind Offshore",2018-10-24,31,1240.869
NGET-EMFIP-AGWS-TS-00236245,Solar generation,"Solar",2018-10-24,31,3040
NGET-EMFIP-AGWS-TS-00236244,Wind generation,"Wind Onshore",2018-10-24,30,5715.942
NGET-EMFIP-AGWS-TS-00236243,Wind generation,"Wind Offshore",2018-10-24,30,1354.144
NGET-EMFIP-AGWS-TS-00236242,Solar generation,"Solar",2018-10-24,30,3540
NGET-EMFIP-AGWS-TS-00236241,Wind generation,"Wind Onshore",2018-10-24,29,1852.029
NGET-EMFIP-AGWS-TS-00236240,Wind generation,"Wind Offshore",2018-10-24,29,69.401
NGET-EMFIP-AGWS-TS-00236239,Solar generation,"Solar",2018-10-24,29,4060
NGET-EMFIP-AGWS-TS-00236224,Wind generation,"Wind Onshore",2018-10-24,28,5849.469
NGET-EMFIP-AGWS-TS-00236223,Wind generation,"Wind Offshore",2018-10-24,28,1609.631
NGET-EMFIP-AGWS-TS-00236222,Solar generation,"Solar",2018-10-24,28,4430
NGET-EMFIP-AGWS-TS-00236221,Wind generation,"Wind Onshore",2018-10-24,27,5706.489
NGET-EMFIP-AGWS-TS-00236220,Wind generation,"Wind Offshore",2018-10-24,27,1689.587
NGET-EMFIP-AGWS-TS-00236219,Solar generation,"Solar",2018-10-24,27,4550
NGET-EMFIP-AGWS-TS-00236218,Wind generation,"Wind Onshore",2018-10-24,26,5767.057
NGET-EMFIP-AGWS-TS-00236217,Wind generation,"Wind Offshore",2018-10-24,26,1696.995
NGET-EMFIP-AGWS-TS-00236216,Solar generation,"Solar",2018-10-24,26,4650
NGET-EMFIP-AGWS-TS-00236215,Wind generation,"Wind Onshore",2018-10-24,25,5674.578
NGET-EMFIP-AGWS-TS-00236214,Wind generation,"Wind Offshore",2018-10-24,25,1713.965
NGET-EMFIP-AGWS-TS-00236213,Solar generation,"Solar",2018-10-24,25,4700
NGET-EMFIP-AGWS-TS-00236212,Wind generation,"Wind Onshore",2018-10-24,24,5574.908
NGET-EMFIP-AGWS-TS-00236211,Wind generation,"Wind Offshore",2018-10-24,24,1854.978
NGET-EMFIP-AGWS-TS-00236210,Solar generation,"Solar",2018-10-24,24,4410
NGET-EMFIP-AGWS-TS-00236209,Wind generation,"Wind Onshore",2018-10-24,23,5672.275
NGET-EMFIP-AGWS-TS-00236208,Wind generation,"Wind Offshore",2018-10-24,23,1985.703
NGET-EMFIP-AGWS-TS-00236207,Solar generation,"Solar",2018-10-24,23,3970
NGET-EMFIP-AGWS-TS-00236206,Wind generation,"Wind Onshore",2018-10-24,22,5435.29
NGET-EMFIP-AGWS-TS-00236205,Wind generation,"Wind Offshore",2018-10-24,22,2235.98
NGET-EMFIP-AGWS-TS-00236204,Solar generation,"Solar",2018-10-24,22,3180
NGET-EMFIP-AGWS-TS-00236203,Wind generation,"Wind Onshore",2018-10-24,21,5566.998
NGET-EMFIP-AGWS-TS-00236202,Wind generation,"Wind Offshore",2018-10-24,21,2352.159
NGET-EMFIP-AGWS-TS-00236201,Solar generation,"Solar",2018-10-24,21,2460
NGET-EMFIP-AGWS-TS-00236200,Wind generation,"Wind Onshore",2018-10-24,20,5360.932
NGET-EMFIP-AGWS-TS-00236199,Wind generation,"Wind Offshore",2018-10-24,20,2415.279
NGET-EMFIP-AGWS-TS-00236198,Solar generation,"Solar",2018-10-24,20,1730
NGET-EMFIP-AGWS-TS-00236197,Wind generation,"Wind Onshore",2018-10-24,19,5306.641
NGET-EMFIP-AGWS-TS-00236196,Wind generation,"Wind Offshore",2018-10-24,19,2381.261
NGET-EMFIP-AGWS-TS-00236195,Solar generation,"Solar",2018-10-24,19,1080
NGET-EMFIP-AGWS-TS-00236194,Wind generation,"Wind Onshore",2018-10-24,18,5416.029
NGET-EMFIP-AGWS-TS-00236193,Wind generation,"Wind Offshore",2018-10-24,18,2440.965
NGET-EMFIP-AGWS-TS-00236192,Solar generation,"Solar",2018-10-24,18,545
NGET-EMFIP-AGWS-TS-00236191,Wind generation,"Wind Onshore",2018-10-24,17,5385.009
NGET-EMFIP-AGWS-TS-00236190,Wind generation,"Wind Offshore",2018-10-24,17,2620.17
NGET-EMFIP-AGWS-TS-00236189,Solar generation,"Solar",2018-10-24,17,147
NGET-EMFIP-AGWS-TS-00236188,Wind generation,"Wind Onshore",2018-10-24,16,5700.538
NGET-EMFIP-AGWS-TS-00236187,Wind generation,"Wind Offshore",2018-10-24,16,2636.778
NGET-EMFIP-AGWS-TS-00236186,Solar generation,"Solar",2018-10-24,16,6
NGET-EMFIP-AGWS-TS-00236185,Wind generation,"Wind Onshore",2018-10-24,15,5627.117
NGET-EMFIP-AGWS-TS-00236184,Wind generation,"Wind Offshore",2018-10-24,15,2759.359
NGET-EMFIP-AGWS-TS-00236183,Solar generation,"Solar",2018-10-24,15,0
NGET-EMFIP-AGWS-TS-00236182,Wind generation,"Wind Onshore",2018-10-24,14,5732.711
NGET-EMFIP-AGWS-TS-00236181,Wind generation,"Wind Offshore",2018-10-24,14,2684.174
NGET-EMFIP-AGWS-TS-00236180,Solar generation,"Solar",2018-10-24,14,0
NGET-EMFIP-AGWS-TS-00236179,Wind generation,"Wind Onshore",2018-10-24,13,5956.65
NGET-EMFIP-AGWS-TS-00236178,Wind generation,"Wind Offshore",2018-10-24,13,2827.552
NGET-EMFIP-AGWS-TS-00236177,Solar generation,"Solar",2018-10-24,13,0
NGET-EMFIP-AGWS-TS-00236176,Wind generation,"Wind Onshore",2018-10-24,12,6143.957
NGET-EMFIP-AGWS-TS-00236175,Wind generation,"Wind Offshore",2018-10-24,12,2971.183
NGET-EMFIP-AGWS-TS-00236174,Solar generation,"Solar",2018-10-24,12,0
NGET-EMFIP-AGWS-TS-00236173,Wind generation,"Wind Onshore",2018-10-24,11,6212.779
NGET-EMFIP-AGWS-TS-00236172,Wind generation,"Wind Offshore",2018-10-24,11,3064.761
NGET-EMFIP-AGWS-TS-00236171,Solar generation,"Solar",2018-10-24,11,0
NGET-EMFIP-AGWS-TS-00236170,Wind generation,"Wind Onshore",2018-10-24,10,6131.471
NGET-EMFIP-AGWS-TS-00236169,Wind generation,"Wind Offshore",2018-10-24,10,3153.447
NGET-EMFIP-AGWS-TS-00236168,Solar generation,"Solar",2018-10-24,10,0
NGET-EMFIP-AGWS-TS-00236167,Wind generation,"Wind Onshore",2018-10-24,9,6339.272
NGET-EMFIP-AGWS-TS-00236166,Wind generation,"Wind Offshore",2018-10-24,9,3203.953
NGET-EMFIP-AGWS-TS-00236165,Solar generation,"Solar",2018-10-24,9,0
NGET-EMFIP-AGWS-TS-00236164,Wind generation,"Wind Onshore",2018-10-24,8,6250.973
NGET-EMFIP-AGWS-TS-00236163,Wind generation,"Wind Offshore",2018-10-24,8,3213.217
NGET-EMFIP-AGWS-TS-00236162,Solar generation,"Solar",2018-10-24,8,0
NGET-EMFIP-AGWS-TS-00236161,Wind generation,"Wind Onshore",2018-10-24,7,5792.426
NGET-EMFIP-AGWS-TS-00236160,Wind generation,"Wind Offshore",2018-10-24,7,3413.715
NGET-EMFIP-AGWS-TS-00236159,Solar generation,"Solar",2018-10-24,7,0
NGET-EMFIP-AGWS-TS-00236140,Wind generation,"Wind Onshore",2018-10-24,6,5958.838
NGET-EMFIP-AGWS-TS-00236139,Wind generation,"Wind Offshore",2018-10-24,6,3393.386
NGET-EMFIP-AGWS-TS-00236138,Solar generation,"Solar",2018-10-24,6,0
NGET-EMFIP-AGWS-TS-00236137,Wind generation,"Wind Onshore",2018-10-24,5,6107.355
NGET-EMFIP-AGWS-TS-00236136,Wind generation,"Wind Offshore",2018-10-24,5,3540.761
NGET-EMFIP-AGWS-TS-00236135,Solar generation,"Solar",2018-10-24,5,0
NGET-EMFIP-AGWS-TS-00236134,Wind generation,"Wind Onshore",2018-10-24,4,6048.715
NGET-EMFIP-AGWS-TS-00236133,Wind generation,"Wind Offshore",2018-10-24,4,3532.942
NGET-EMFIP-AGWS-TS-00236132,Solar generation,"Solar",2018-10-24,4,0
NGET-EMFIP-AGWS-TS-00236131,Wind generation,"Wind Onshore",2018-10-24,3,6227.549
NGET-EMFIP-AGWS-TS-00236130,Wind generation,"Wind Offshore",2018-10-24,3,3558.137
NGET-EMFIP-AGWS-TS-00236129,Solar generation,"Solar",2018-10-24,3,0
NGET-EMFIP-AGWS-TS-00236128,Wind generation,"Wind Onshore",2018-10-24,2,6273.206
NGET-EMFIP-AGWS-TS-00236127,Wind generation,"Wind Offshore",2018-10-24,2,3596.853
NGET-EMFIP-AGWS-TS-00236126,Solar generation,"Solar",2018-10-24,2,0
NGET-EMFIP-AGWS-TS-00236125,Wind generation,"Wind Onshore",2018-10-24,1,6092.438
NGET-EMFIP-AGWS-TS-00236124,Wind generation,"Wind Offshore",2018-10-24,1,3711.318
NGET-EMFIP-AGWS-TS-00236123,Solar generation,"Solar",2018-10-24,1,0