Actual Or Estimated Wind And Solar Power Generation (B1630)
Time Series ID,Business Type,PSR Type,Settlement  Date,Settlement Period,Quantity (MW)
NGET-EMFIP-AGWS-TS-00237172,Wind generation,"Wind Onshore",2018-10-29,48,1920.355
NGET-EMFIP-AGWS-TS-00237171,Wind generation,"Wind Offshore",2018-10-29,48,2076.015
NGET-EMFIP-AGWS-TS-00237170,Solar generation,"Solar",2018-10-29,48,0
NGET-EMFIP-AGWS-TS-00237169,Wind generation,"Wind Onshore",2018-10-29,47,1963.946
NGET-EMFIP-AGWS-TS-00237168,Wind generation,"Wind Offshore",2018-10-29,47,2345.526
NGET-EMFIP-AGWS-TS-00237167,Solar generation,"Solar",2018-10-29,47,0
NGET-EMFIP-AGWS-TS-00237166,Wind generation,"Wind Onshore",2018-10-29,46,2148.407
NGET-EMFIP-AGWS-TS-00237165,Wind generation,"Wind Offshore",2018-10-29,46,2555.781
NGET-EMFIP-AGWS-TS-00237164,Solar generation,"Solar",2018-10-29,46,0
NGET-EMFIP-AGWS-TS-00237163,Wind generation,"Wind Onshore",2018-10-29,45,2341.461
NGET-EMFIP-AGWS-TS-00237162,Wind generation,"Wind Offshore",2018-10-29,45,2680.462
NGET-EMFIP-AGWS-TS-00237161,Solar generation,"Solar",2018-10-29,45,0
NGET-EMFIP-AGWS-TS-00237160,Wind generation,"Wind Onshore",2018-10-29,44,2192.032
NGET-EMFIP-AGWS-TS-00237159,Wind generation,"Wind Offshore",2018-10-29,44,2734.94
NGET-EMFIP-AGWS-TS-00237158,Solar generation,"Solar",2018-10-29,44,0
NGET-EMFIP-AGWS-TS-00237157,Wind generation,"Wind Onshore",2018-10-29,43,2125.779
NGET-EMFIP-AGWS-TS-00237156,Wind generation,"Wind Offshore",2018-10-29,43,2704.128
NGET-EMFIP-AGWS-TS-00237155,Solar generation,"Solar",2018-10-29,43,1
NGET-EMFIP-AGWS-TS-00237154,Wind generation,"Wind Onshore",2018-10-29,42,2081.669
NGET-EMFIP-AGWS-TS-00237153,Wind generation,"Wind Offshore",2018-10-29,42,2735.63
NGET-EMFIP-AGWS-TS-00237152,Solar generation,"Solar",2018-10-29,42,2
NGET-EMFIP-AGWS-TS-00237151,Wind generation,"Wind Onshore",2018-10-29,41,2157.043
NGET-EMFIP-AGWS-TS-00237150,Wind generation,"Wind Offshore",2018-10-29,41,2670.736
NGET-EMFIP-AGWS-TS-00237149,Solar generation,"Solar",2018-10-29,41,1
NGET-EMFIP-AGWS-TS-00237148,Wind generation,"Wind Onshore",2018-10-29,40,2174.67
NGET-EMFIP-AGWS-TS-00237147,Wind generation,"Wind Offshore",2018-10-29,40,2558.409
NGET-EMFIP-AGWS-TS-00237146,Solar generation,"Solar",2018-10-29,40,2
NGET-EMFIP-AGWS-TS-00237145,Wind generation,"Wind Onshore",2018-10-29,39,2212.266
NGET-EMFIP-AGWS-TS-00237144,Wind generation,"Wind Offshore",2018-10-29,39,2482.049
NGET-EMFIP-AGWS-TS-00237143,Solar generation,"Solar",2018-10-29,39,2
NGET-EMFIP-AGWS-TS-00237142,Wind generation,"Wind Onshore",2018-10-29,38,2264.773
NGET-EMFIP-AGWS-TS-00237141,Wind generation,"Wind Offshore",2018-10-29,38,2398.234
NGET-EMFIP-AGWS-TS-00237140,Solar generation,"Solar",2018-10-29,38,2
NGET-EMFIP-AGWS-TS-00237139,Wind generation,"Wind Onshore",2018-10-29,37,2237.021
NGET-EMFIP-AGWS-TS-00237138,Wind generation,"Wind Offshore",2018-10-29,37,2336.383
NGET-EMFIP-AGWS-TS-00237137,Solar generation,"Solar",2018-10-29,37,4
NGET-EMFIP-AGWS-TS-00237136,Wind generation,"Wind Onshore",2018-10-29,36,2166.199
NGET-EMFIP-AGWS-TS-00237135,Wind generation,"Wind Offshore",2018-10-29,36,2220.082
NGET-EMFIP-AGWS-TS-00237134,Solar generation,"Solar",2018-10-29,36,3
NGET-EMFIP-AGWS-TS-00237133,Wind generation,"Wind Onshore",2018-10-29,35,2044.839
NGET-EMFIP-AGWS-TS-00237132,Wind generation,"Wind Offshore",2018-10-29,35,2155.878
NGET-EMFIP-AGWS-TS-00237131,Solar generation,"Solar",2018-10-29,35,6
NGET-EMFIP-AGWS-TS-00237130,Wind generation,"Wind Onshore",2018-10-29,34,1935.937
NGET-EMFIP-AGWS-TS-00237129,Wind generation,"Wind Offshore",2018-10-29,34,1892.432
NGET-EMFIP-AGWS-TS-00237128,Solar generation,"Solar",2018-10-29,34,22
NGET-EMFIP-AGWS-TS-00237127,Wind generation,"Wind Onshore",2018-10-29,33,1982.994
NGET-EMFIP-AGWS-TS-00237126,Wind generation,"Wind Offshore",2018-10-29,33,2003.119
NGET-EMFIP-AGWS-TS-00237125,Solar generation,"Solar",2018-10-29,33,374
NGET-EMFIP-AGWS-TS-00237124,Wind generation,"Wind Onshore",2018-10-29,32,2211.046
NGET-EMFIP-AGWS-TS-00237123,Wind generation,"Wind Offshore",2018-10-29,32,1785.809
NGET-EMFIP-AGWS-TS-00237122,Solar generation,"Solar",2018-10-29,32,1180
NGET-EMFIP-AGWS-TS-00237121,Wind generation,"Wind Onshore",2018-10-29,31,2347.109
NGET-EMFIP-AGWS-TS-00237120,Wind generation,"Wind Offshore",2018-10-29,31,1845.859
NGET-EMFIP-AGWS-TS-00237119,Solar generation,"Solar",2018-10-29,31,1960
NGET-EMFIP-AGWS-TS-00237118,Wind generation,"Wind Onshore",2018-10-29,30,2497.416
NGET-EMFIP-AGWS-TS-00237117,Wind generation,"Wind Offshore",2018-10-29,30,1931.626
NGET-EMFIP-AGWS-TS-00237116,Solar generation,"Solar",2018-10-29,30,2800
NGET-EMFIP-AGWS-TS-00237115,Wind generation,"Wind Onshore",2018-10-29,29,2624.263
NGET-EMFIP-AGWS-TS-00237114,Wind generation,"Wind Offshore",2018-10-29,29,1869.508
NGET-EMFIP-AGWS-TS-00237113,Solar generation,"Solar",2018-10-29,29,3540
NGET-EMFIP-AGWS-TS-00237112,Wind generation,"Wind Onshore",2018-10-29,28,2574.317
NGET-EMFIP-AGWS-TS-00237111,Wind generation,"Wind Offshore",2018-10-29,28,1777.439
NGET-EMFIP-AGWS-TS-00237110,Solar generation,"Solar",2018-10-29,28,4140
NGET-EMFIP-AGWS-TS-00237109,Wind generation,"Wind Onshore",2018-10-29,27,2675.637
NGET-EMFIP-AGWS-TS-00237108,Wind generation,"Wind Offshore",2018-10-29,27,1563.97
NGET-EMFIP-AGWS-TS-00237107,Solar generation,"Solar",2018-10-29,27,4730
NGET-EMFIP-AGWS-TS-00237106,Wind generation,"Wind Onshore",2018-10-29,26,2778.441
NGET-EMFIP-AGWS-TS-00237105,Wind generation,"Wind Offshore",2018-10-29,26,1671.914
NGET-EMFIP-AGWS-TS-00237104,Solar generation,"Solar",2018-10-29,26,5150
NGET-EMFIP-AGWS-TS-00237103,Wind generation,"Wind Onshore",2018-10-29,25,2858.338
NGET-EMFIP-AGWS-TS-00237102,Wind generation,"Wind Offshore",2018-10-29,25,1503.98
NGET-EMFIP-AGWS-TS-00237101,Solar generation,"Solar",2018-10-29,25,5450
NGET-EMFIP-AGWS-TS-00237100,Wind generation,"Wind Onshore",2018-10-29,24,2751.18
NGET-EMFIP-AGWS-TS-00237099,Wind generation,"Wind Offshore",2018-10-29,24,1545.666
NGET-EMFIP-AGWS-TS-00237098,Solar generation,"Solar",2018-10-29,24,5580
NGET-EMFIP-AGWS-TS-00237097,Wind generation,"Wind Onshore",2018-10-29,23,2711.844
NGET-EMFIP-AGWS-TS-00237096,Wind generation,"Wind Offshore",2018-10-29,23,1580.833
NGET-EMFIP-AGWS-TS-00237095,Solar generation,"Solar",2018-10-29,23,5520
NGET-EMFIP-AGWS-TS-00237094,Wind generation,"Wind Onshore",2018-10-29,22,2475.948
NGET-EMFIP-AGWS-TS-00237093,Wind generation,"Wind Offshore",2018-10-29,22,1372.963
NGET-EMFIP-AGWS-TS-00237092,Solar generation,"Solar",2018-10-29,22,5220
NGET-EMFIP-AGWS-TS-00237091,Wind generation,"Wind Onshore",2018-10-29,21,2447.158
NGET-EMFIP-AGWS-TS-00237090,Wind generation,"Wind Offshore",2018-10-29,21,1454.135
NGET-EMFIP-AGWS-TS-00237089,Solar generation,"Solar",2018-10-29,21,4700
NGET-EMFIP-AGWS-TS-00237088,Wind generation,"Wind Onshore",2018-10-29,20,2550.973
NGET-EMFIP-AGWS-TS-00237087,Wind generation,"Wind Offshore",2018-10-29,20,1629.618
NGET-EMFIP-AGWS-TS-00237086,Solar generation,"Solar",2018-10-29,20,4050
NGET-EMFIP-AGWS-TS-00237085,Wind generation,"Wind Onshore",2018-10-29,19,2786.196
NGET-EMFIP-AGWS-TS-00237084,Wind generation,"Wind Offshore",2018-10-29,19,1593.491
NGET-EMFIP-AGWS-TS-00237083,Solar generation,"Solar",2018-10-29,19,3340
NGET-EMFIP-AGWS-TS-00237082,Wind generation,"Wind Onshore",2018-10-29,18,2781.317
NGET-EMFIP-AGWS-TS-00237081,Wind generation,"Wind Offshore",2018-10-29,18,1572.903
NGET-EMFIP-AGWS-TS-00237080,Solar generation,"Solar",2018-10-29,18,2430
NGET-EMFIP-AGWS-TS-00237079,Wind generation,"Wind Onshore",2018-10-29,17,2833.585
NGET-EMFIP-AGWS-TS-00237078,Wind generation,"Wind Offshore",2018-10-29,17,1624.367
NGET-EMFIP-AGWS-TS-00237077,Solar generation,"Solar",2018-10-29,17,1570
NGET-EMFIP-AGWS-TS-00237076,Wind generation,"Wind Onshore",2018-10-29,16,2737.81
NGET-EMFIP-AGWS-TS-00237075,Wind generation,"Wind Offshore",2018-10-29,16,1547.052
NGET-EMFIP-AGWS-TS-00237074,Solar generation,"Solar",2018-10-29,16,675
NGET-EMFIP-AGWS-TS-00237073,Wind generation,"Wind Onshore",2018-10-29,15,2739.017
NGET-EMFIP-AGWS-TS-00237072,Wind generation,"Wind Offshore",2018-10-29,15,1748.919
NGET-EMFIP-AGWS-TS-00237071,Solar generation,"Solar",2018-10-29,15,93
NGET-EMFIP-AGWS-TS-00237070,Wind generation,"Wind Onshore",2018-10-29,14,2591.897
NGET-EMFIP-AGWS-TS-00237069,Wind generation,"Wind Offshore",2018-10-29,14,1712.523
NGET-EMFIP-AGWS-TS-00237068,Solar generation,"Solar",2018-10-29,14,0
NGET-EMFIP-AGWS-TS-00237067,Wind generation,"Wind Onshore",2018-10-29,13,2617.668
NGET-EMFIP-AGWS-TS-00237066,Wind generation,"Wind Offshore",2018-10-29,13,1695.421
NGET-EMFIP-AGWS-TS-00237065,Solar generation,"Solar",2018-10-29,13,0
NGET-EMFIP-AGWS-TS-00237064,Wind generation,"Wind Onshore",2018-10-29,12,2590.424
NGET-EMFIP-AGWS-TS-00237063,Wind generation,"Wind Offshore",2018-10-29,12,1833.91
NGET-EMFIP-AGWS-TS-00237062,Solar generation,"Solar",2018-10-29,12,0
NGET-EMFIP-AGWS-TS-00237061,Wind generation,"Wind Onshore",2018-10-29,11,2525.89
NGET-EMFIP-AGWS-TS-00237060,Wind generation,"Wind Offshore",2018-10-29,11,1672.93
NGET-EMFIP-AGWS-TS-00237059,Solar generation,"Solar",2018-10-29,11,0
NGET-EMFIP-AGWS-TS-00237058,Wind generation,"Wind Onshore",2018-10-29,10,2409.629
NGET-EMFIP-AGWS-TS-00237057,Wind generation,"Wind Offshore",2018-10-29,10,1644.805
NGET-EMFIP-AGWS-TS-00237056,Solar generation,"Solar",2018-10-29,10,0
NGET-EMFIP-AGWS-TS-00237055,Wind generation,"Wind Onshore",2018-10-29,9,2513.603
NGET-EMFIP-AGWS-TS-00237054,Wind generation,"Wind Offshore",2018-10-29,9,1827.82
NGET-EMFIP-AGWS-TS-00237053,Solar generation,"Solar",2018-10-29,9,0
NGET-EMFIP-AGWS-TS-00237052,Wind generation,"Wind Onshore",2018-10-29,8,2448.32
NGET-EMFIP-AGWS-TS-00237051,Wind generation,"Wind Offshore",2018-10-29,8,1805.443
NGET-EMFIP-AGWS-TS-00237050,Solar generation,"Solar",2018-10-29,8,0
NGET-EMFIP-AGWS-TS-00237049,Wind generation,"Wind Onshore",2018-10-29,7,2440.304
NGET-EMFIP-AGWS-TS-00237048,Wind generation,"Wind Offshore",2018-10-29,7,1876.279
NGET-EMFIP-AGWS-TS-00237047,Solar generation,"Solar",2018-10-29,7,0
NGET-EMFIP-AGWS-TS-00237046,Wind generation,"Wind Onshore",2018-10-29,6,2347.386
NGET-EMFIP-AGWS-TS-00237045,Wind generation,"Wind Offshore",2018-10-29,6,2020.743
NGET-EMFIP-AGWS-TS-00237044,Solar generation,"Solar",2018-10-29,6,0
NGET-EMFIP-AGWS-TS-00237043,Wind generation,"Wind Onshore",2018-10-29,5,2385.364
NGET-EMFIP-AGWS-TS-00237042,Wind generation,"Wind Offshore",2018-10-29,5,2084.39
NGET-EMFIP-AGWS-TS-00237041,Solar generation,"Solar",2018-10-29,5,0
NGET-EMFIP-AGWS-TS-00237040,Wind generation,"Wind Onshore",2018-10-29,4,2388.056
NGET-EMFIP-AGWS-TS-00237039,Wind generation,"Wind Offshore",2018-10-29,4,2017.677
NGET-EMFIP-AGWS-TS-00237038,Solar generation,"Solar",2018-10-29,4,0
NGET-EMFIP-AGWS-TS-00237037,Wind generation,"Wind Onshore",2018-10-29,3,2310.552
NGET-EMFIP-AGWS-TS-00237036,Wind generation,"Wind Offshore",2018-10-29,3,1981.186
NGET-EMFIP-AGWS-TS-00237035,Solar generation,"Solar",2018-10-29,3,0
NGET-EMFIP-AGWS-TS-00237034,Wind generation,"Wind Onshore",2018-10-29,2,1034.888
NGET-EMFIP-AGWS-TS-00237033,Wind generation,"Wind Offshore",2018-10-29,2,116.658
NGET-EMFIP-AGWS-TS-00237032,Solar generation,"Solar",2018-10-29,2,0
NGET-EMFIP-AGWS-TS-00237031,Wind generation,"Wind Onshore",2018-10-29,1,2274.309
NGET-EMFIP-AGWS-TS-00237030,Wind generation,"Wind Offshore",2018-10-29,1,2149.314
NGET-EMFIP-AGWS-TS-00237029,Solar generation,"Solar",2018-10-29,1,0