Actual Or Estimated Wind And Solar Power Generation (B1630)
Time Series ID,Business Type,PSR Type,Settlement  Date,Settlement Period,Quantity (MW)
NGET-EMFIP-AGWS-TS-00232576,Wind generation,"Wind Onshore",2018-10-01,48,3953.904
NGET-EMFIP-AGWS-TS-00232575,Wind generation,"Wind Offshore",2018-10-01,48,2046.915
NGET-EMFIP-AGWS-TS-00232574,Solar generation,"Solar",2018-10-01,48,0
NGET-EMFIP-AGWS-TS-00232573,Wind generation,"Wind Onshore",2018-10-01,47,3825.676
NGET-EMFIP-AGWS-TS-00232572,Wind generation,"Wind Offshore",2018-10-01,47,1906.731
NGET-EMFIP-AGWS-TS-00232571,Solar generation,"Solar",2018-10-01,47,0
NGET-EMFIP-AGWS-TS-00232570,Wind generation,"Wind Onshore",2018-10-01,46,3742.57
NGET-EMFIP-AGWS-TS-00232569,Wind generation,"Wind Offshore",2018-10-01,46,1946.675
NGET-EMFIP-AGWS-TS-00232568,Solar generation,"Solar",2018-10-01,46,0
NGET-EMFIP-AGWS-TS-00232567,Wind generation,"Wind Onshore",2018-10-01,45,3828.13
NGET-EMFIP-AGWS-TS-00232566,Wind generation,"Wind Offshore",2018-10-01,45,2258.953
NGET-EMFIP-AGWS-TS-00232565,Solar generation,"Solar",2018-10-01,45,0
NGET-EMFIP-AGWS-TS-00232564,Wind generation,"Wind Onshore",2018-10-01,44,4007.655
NGET-EMFIP-AGWS-TS-00232563,Wind generation,"Wind Offshore",2018-10-01,44,2307.288
NGET-EMFIP-AGWS-TS-00232562,Solar generation,"Solar",2018-10-01,44,1
NGET-EMFIP-AGWS-TS-00232561,Wind generation,"Wind Onshore",2018-10-01,43,4259.182
NGET-EMFIP-AGWS-TS-00232560,Wind generation,"Wind Offshore",2018-10-01,43,2096.924
NGET-EMFIP-AGWS-TS-00232559,Solar generation,"Solar",2018-10-01,43,1
NGET-EMFIP-AGWS-TS-00232558,Wind generation,"Wind Onshore",2018-10-01,42,4255.471
NGET-EMFIP-AGWS-TS-00232557,Wind generation,"Wind Offshore",2018-10-01,42,1942.648
NGET-EMFIP-AGWS-TS-00232556,Solar generation,"Solar",2018-10-01,42,1
NGET-EMFIP-AGWS-TS-00232555,Wind generation,"Wind Onshore",2018-10-01,41,4081.547
NGET-EMFIP-AGWS-TS-00232554,Wind generation,"Wind Offshore",2018-10-01,41,2155.25
NGET-EMFIP-AGWS-TS-00232553,Solar generation,"Solar",2018-10-01,41,2
NGET-EMFIP-AGWS-TS-00232552,Wind generation,"Wind Onshore",2018-10-01,40,4358.458
NGET-EMFIP-AGWS-TS-00232551,Wind generation,"Wind Offshore",2018-10-01,40,2023.786
NGET-EMFIP-AGWS-TS-00232550,Solar generation,"Solar",2018-10-01,40,6
NGET-EMFIP-AGWS-TS-00232549,Wind generation,"Wind Onshore",2018-10-01,39,4471.647
NGET-EMFIP-AGWS-TS-00232548,Wind generation,"Wind Offshore",2018-10-01,39,1928.44
NGET-EMFIP-AGWS-TS-00232547,Solar generation,"Solar",2018-10-01,39,3
NGET-EMFIP-AGWS-TS-00232546,Wind generation,"Wind Onshore",2018-10-01,38,4338.195
NGET-EMFIP-AGWS-TS-00232545,Wind generation,"Wind Offshore",2018-10-01,38,1966.232
NGET-EMFIP-AGWS-TS-00232544,Solar generation,"Solar",2018-10-01,38,12
NGET-EMFIP-AGWS-TS-00232543,Wind generation,"Wind Onshore",2018-10-01,37,4081.827
NGET-EMFIP-AGWS-TS-00232542,Wind generation,"Wind Offshore",2018-10-01,37,1937.679
NGET-EMFIP-AGWS-TS-00232541,Solar generation,"Solar",2018-10-01,37,210
NGET-EMFIP-AGWS-TS-00232540,Wind generation,"Wind Onshore",2018-10-01,36,3642.218
NGET-EMFIP-AGWS-TS-00232539,Wind generation,"Wind Offshore",2018-10-01,36,1895.737
NGET-EMFIP-AGWS-TS-00232538,Solar generation,"Solar",2018-10-01,36,635
NGET-EMFIP-AGWS-TS-00232537,Wind generation,"Wind Onshore",2018-10-01,35,3393.296
NGET-EMFIP-AGWS-TS-00232536,Wind generation,"Wind Offshore",2018-10-01,35,1819.609
NGET-EMFIP-AGWS-TS-00232535,Solar generation,"Solar",2018-10-01,35,1120
NGET-EMFIP-AGWS-TS-00232534,Wind generation,"Wind Onshore",2018-10-01,34,3011.583
NGET-EMFIP-AGWS-TS-00232533,Wind generation,"Wind Offshore",2018-10-01,34,1692.572
NGET-EMFIP-AGWS-TS-00232532,Solar generation,"Solar",2018-10-01,34,1690
NGET-EMFIP-AGWS-TS-00232531,Wind generation,"Wind Onshore",2018-10-01,33,2751.956
NGET-EMFIP-AGWS-TS-00232530,Wind generation,"Wind Offshore",2018-10-01,33,1679.932
NGET-EMFIP-AGWS-TS-00232529,Solar generation,"Solar",2018-10-01,33,2320
NGET-EMFIP-AGWS-TS-00232528,Wind generation,"Wind Onshore",2018-10-01,32,2587.324
NGET-EMFIP-AGWS-TS-00232527,Wind generation,"Wind Offshore",2018-10-01,32,1876.983
NGET-EMFIP-AGWS-TS-00232526,Solar generation,"Solar",2018-10-01,32,2940
NGET-EMFIP-AGWS-TS-00232525,Wind generation,"Wind Onshore",2018-10-01,31,2497.62
NGET-EMFIP-AGWS-TS-00232524,Wind generation,"Wind Offshore",2018-10-01,31,1848.82
NGET-EMFIP-AGWS-TS-00232523,Solar generation,"Solar",2018-10-01,31,3570
NGET-EMFIP-AGWS-TS-00232522,Wind generation,"Wind Onshore",2018-10-01,30,2430.121
NGET-EMFIP-AGWS-TS-00232521,Wind generation,"Wind Offshore",2018-10-01,30,1751.543
NGET-EMFIP-AGWS-TS-00232520,Solar generation,"Solar",2018-10-01,30,4130
NGET-EMFIP-AGWS-TS-00232519,Wind generation,"Wind Onshore",2018-10-01,29,2353.177
NGET-EMFIP-AGWS-TS-00232518,Wind generation,"Wind Offshore",2018-10-01,29,1893.743
NGET-EMFIP-AGWS-TS-00232517,Solar generation,"Solar",2018-10-01,29,4370
NGET-EMFIP-AGWS-TS-00232516,Wind generation,"Wind Onshore",2018-10-01,28,2214.522
NGET-EMFIP-AGWS-TS-00232515,Wind generation,"Wind Offshore",2018-10-01,28,2013.154
NGET-EMFIP-AGWS-TS-00232514,Solar generation,"Solar",2018-10-01,28,4740
NGET-EMFIP-AGWS-TS-00232513,Wind generation,"Wind Onshore",2018-10-01,27,2100.446
NGET-EMFIP-AGWS-TS-00232512,Wind generation,"Wind Offshore",2018-10-01,27,2091.626
NGET-EMFIP-AGWS-TS-00232511,Solar generation,"Solar",2018-10-01,27,5140
NGET-EMFIP-AGWS-TS-00232510,Wind generation,"Wind Onshore",2018-10-01,26,2001.236
NGET-EMFIP-AGWS-TS-00232509,Wind generation,"Wind Offshore",2018-10-01,26,2264.511
NGET-EMFIP-AGWS-TS-00232508,Solar generation,"Solar",2018-10-01,26,5480
NGET-EMFIP-AGWS-TS-00232507,Wind generation,"Wind Onshore",2018-10-01,25,1925.325
NGET-EMFIP-AGWS-TS-00232506,Wind generation,"Wind Offshore",2018-10-01,25,2442.785
NGET-EMFIP-AGWS-TS-00232505,Solar generation,"Solar",2018-10-01,25,5570
NGET-EMFIP-AGWS-TS-00232504,Wind generation,"Wind Onshore",2018-10-01,24,1849.003
NGET-EMFIP-AGWS-TS-00232503,Wind generation,"Wind Offshore",2018-10-01,24,2521.983
NGET-EMFIP-AGWS-TS-00232502,Solar generation,"Solar",2018-10-01,24,5550
NGET-EMFIP-AGWS-TS-00232501,Wind generation,"Wind Onshore",2018-10-01,23,1885.865
NGET-EMFIP-AGWS-TS-00232500,Wind generation,"Wind Offshore",2018-10-01,23,2532.731
NGET-EMFIP-AGWS-TS-00232499,Solar generation,"Solar",2018-10-01,23,5340
NGET-EMFIP-AGWS-TS-00232479,Wind generation,"Wind Onshore",2018-10-01,22,1857.184
NGET-EMFIP-AGWS-TS-00232478,Wind generation,"Wind Offshore",2018-10-01,22,2531.846
NGET-EMFIP-AGWS-TS-00232477,Solar generation,"Solar",2018-10-01,22,4950
NGET-EMFIP-AGWS-TS-00232476,Wind generation,"Wind Onshore",2018-10-01,21,1749.813
NGET-EMFIP-AGWS-TS-00232475,Wind generation,"Wind Offshore",2018-10-01,21,2477.757
NGET-EMFIP-AGWS-TS-00232474,Solar generation,"Solar",2018-10-01,21,4510
NGET-EMFIP-AGWS-TS-00232473,Wind generation,"Wind Onshore",2018-10-01,20,1704.572
NGET-EMFIP-AGWS-TS-00232472,Wind generation,"Wind Offshore",2018-10-01,20,2515.141
NGET-EMFIP-AGWS-TS-00232471,Solar generation,"Solar",2018-10-01,20,3920
NGET-EMFIP-AGWS-TS-00232470,Wind generation,"Wind Onshore",2018-10-01,19,1787.241
NGET-EMFIP-AGWS-TS-00232469,Wind generation,"Wind Offshore",2018-10-01,19,2526.587
NGET-EMFIP-AGWS-TS-00232468,Solar generation,"Solar",2018-10-01,19,3070
NGET-EMFIP-AGWS-TS-00232467,Wind generation,"Wind Onshore",2018-10-01,18,1959.187
NGET-EMFIP-AGWS-TS-00232466,Wind generation,"Wind Offshore",2018-10-01,18,2532.445
NGET-EMFIP-AGWS-TS-00232465,Solar generation,"Solar",2018-10-01,18,2170
NGET-EMFIP-AGWS-TS-00232464,Wind generation,"Wind Onshore",2018-10-01,17,2128.46
NGET-EMFIP-AGWS-TS-00232463,Wind generation,"Wind Offshore",2018-10-01,17,2652.277
NGET-EMFIP-AGWS-TS-00232462,Solar generation,"Solar",2018-10-01,17,1260
NGET-EMFIP-AGWS-TS-00232461,Wind generation,"Wind Onshore",2018-10-01,16,2309.028
NGET-EMFIP-AGWS-TS-00232460,Wind generation,"Wind Offshore",2018-10-01,16,2660.303
NGET-EMFIP-AGWS-TS-00232459,Solar generation,"Solar",2018-10-01,16,487
NGET-EMFIP-AGWS-TS-00232439,Wind generation,"Wind Onshore",2018-10-01,15,2422.35
NGET-EMFIP-AGWS-TS-00232438,Wind generation,"Wind Offshore",2018-10-01,15,2768.268
NGET-EMFIP-AGWS-TS-00232437,Solar generation,"Solar",2018-10-01,15,34
NGET-EMFIP-AGWS-TS-00232436,Wind generation,"Wind Onshore",2018-10-01,14,2470.771
NGET-EMFIP-AGWS-TS-00232435,Wind generation,"Wind Offshore",2018-10-01,14,2874.907
NGET-EMFIP-AGWS-TS-00232434,Solar generation,"Solar",2018-10-01,14,0
NGET-EMFIP-AGWS-TS-00232433,Wind generation,"Wind Onshore",2018-10-01,13,2671.087
NGET-EMFIP-AGWS-TS-00232432,Wind generation,"Wind Offshore",2018-10-01,13,2927.394
NGET-EMFIP-AGWS-TS-00232431,Solar generation,"Solar",2018-10-01,13,0
NGET-EMFIP-AGWS-TS-00232430,Wind generation,"Wind Onshore",2018-10-01,12,2868.815
NGET-EMFIP-AGWS-TS-00232429,Wind generation,"Wind Offshore",2018-10-01,12,2954.534
NGET-EMFIP-AGWS-TS-00232428,Solar generation,"Solar",2018-10-01,12,0
NGET-EMFIP-AGWS-TS-00232427,Wind generation,"Wind Onshore",2018-10-01,11,3077.814
NGET-EMFIP-AGWS-TS-00232426,Wind generation,"Wind Offshore",2018-10-01,11,2980.001
NGET-EMFIP-AGWS-TS-00232425,Solar generation,"Solar",2018-10-01,11,0
NGET-EMFIP-AGWS-TS-00232424,Wind generation,"Wind Onshore",2018-10-01,10,3194.579
NGET-EMFIP-AGWS-TS-00232423,Wind generation,"Wind Offshore",2018-10-01,10,2981.608
NGET-EMFIP-AGWS-TS-00232422,Solar generation,"Solar",2018-10-01,10,0
NGET-EMFIP-AGWS-TS-00232421,Wind generation,"Wind Onshore",2018-10-01,9,3216.566
NGET-EMFIP-AGWS-TS-00232420,Wind generation,"Wind Offshore",2018-10-01,9,3036.067
NGET-EMFIP-AGWS-TS-00232419,Solar generation,"Solar",2018-10-01,9,0
NGET-EMFIP-AGWS-TS-00232403,Wind generation,"Wind Onshore",2018-10-01,8,3253.151
NGET-EMFIP-AGWS-TS-00232402,Wind generation,"Wind Offshore",2018-10-01,8,2868.385
NGET-EMFIP-AGWS-TS-00232401,Solar generation,"Solar",2018-10-01,8,0
NGET-EMFIP-AGWS-TS-00232400,Wind generation,"Wind Onshore",2018-10-01,7,3295.538
NGET-EMFIP-AGWS-TS-00232399,Wind generation,"Wind Offshore",2018-10-01,7,2864.998
NGET-EMFIP-AGWS-TS-00232398,Solar generation,"Solar",2018-10-01,7,0
NGET-EMFIP-AGWS-TS-00232397,Wind generation,"Wind Onshore",2018-10-01,6,3444.638
NGET-EMFIP-AGWS-TS-00232396,Wind generation,"Wind Offshore",2018-10-01,6,2828.108
NGET-EMFIP-AGWS-TS-00232395,Solar generation,"Solar",2018-10-01,6,0
NGET-EMFIP-AGWS-TS-00232394,Wind generation,"Wind Onshore",2018-10-01,5,3581.445
NGET-EMFIP-AGWS-TS-00232393,Wind generation,"Wind Offshore",2018-10-01,5,2863.652
NGET-EMFIP-AGWS-TS-00232392,Solar generation,"Solar",2018-10-01,5,0
NGET-EMFIP-AGWS-TS-00232391,Wind generation,"Wind Onshore",2018-10-01,4,3663.281
NGET-EMFIP-AGWS-TS-00232390,Wind generation,"Wind Offshore",2018-10-01,4,2989.471
NGET-EMFIP-AGWS-TS-00232389,Solar generation,"Solar",2018-10-01,4,0
NGET-EMFIP-AGWS-TS-00232388,Wind generation,"Wind Onshore",2018-10-01,3,3670.081
NGET-EMFIP-AGWS-TS-00232387,Wind generation,"Wind Offshore",2018-10-01,3,3062.398
NGET-EMFIP-AGWS-TS-00232386,Solar generation,"Solar",2018-10-01,3,0
NGET-EMFIP-AGWS-TS-00232385,Wind generation,"Wind Onshore",2018-10-01,2,3598.178
NGET-EMFIP-AGWS-TS-00232384,Wind generation,"Wind Offshore",2018-10-01,2,3116.924
NGET-EMFIP-AGWS-TS-00232383,Solar generation,"Solar",2018-10-01,2,0
NGET-EMFIP-AGWS-TS-00232382,Wind generation,"Wind Onshore",2018-10-01,1,3419.252
NGET-EMFIP-AGWS-TS-00232381,Wind generation,"Wind Offshore",2018-10-01,1,3192.379
NGET-EMFIP-AGWS-TS-00232380,Solar generation,"Solar",2018-10-01,1,0