Actual Or Estimated Wind And Solar Power Generation (B1630)
Time Series ID,Business Type,PSR Type,Settlement  Date,Settlement Period,Quantity (MW)
NGET-EMFIP-AGWS-TS-00235344,Wind generation,"Wind Onshore",2018-10-18,48,1809.895
NGET-EMFIP-AGWS-TS-00235343,Wind generation,"Wind Offshore",2018-10-18,48,626.856
NGET-EMFIP-AGWS-TS-00235342,Solar generation,"Solar",2018-10-18,48,0
NGET-EMFIP-AGWS-TS-00235341,Wind generation,"Wind Onshore",2018-10-18,47,1744.876
NGET-EMFIP-AGWS-TS-00235340,Wind generation,"Wind Offshore",2018-10-18,47,598.383
NGET-EMFIP-AGWS-TS-00235339,Solar generation,"Solar",2018-10-18,47,0
NGET-EMFIP-AGWS-TS-00235338,Wind generation,"Wind Onshore",2018-10-18,46,1584.85
NGET-EMFIP-AGWS-TS-00235337,Wind generation,"Wind Offshore",2018-10-18,46,512.466
NGET-EMFIP-AGWS-TS-00235336,Solar generation,"Solar",2018-10-18,46,0
NGET-EMFIP-AGWS-TS-00235335,Wind generation,"Wind Onshore",2018-10-18,45,1391.314
NGET-EMFIP-AGWS-TS-00235334,Wind generation,"Wind Offshore",2018-10-18,45,540.049
NGET-EMFIP-AGWS-TS-00235333,Solar generation,"Solar",2018-10-18,45,0
NGET-EMFIP-AGWS-TS-00235332,Wind generation,"Wind Onshore",2018-10-18,44,1179.946
NGET-EMFIP-AGWS-TS-00235331,Wind generation,"Wind Offshore",2018-10-18,44,581.359
NGET-EMFIP-AGWS-TS-00235330,Solar generation,"Solar",2018-10-18,44,1
NGET-EMFIP-AGWS-TS-00235329,Wind generation,"Wind Onshore",2018-10-18,43,1127.02
NGET-EMFIP-AGWS-TS-00235328,Wind generation,"Wind Offshore",2018-10-18,43,594.676
NGET-EMFIP-AGWS-TS-00235327,Solar generation,"Solar",2018-10-18,43,2
NGET-EMFIP-AGWS-TS-00235326,Wind generation,"Wind Onshore",2018-10-18,42,1081.975
NGET-EMFIP-AGWS-TS-00235325,Wind generation,"Wind Offshore",2018-10-18,42,607.123
NGET-EMFIP-AGWS-TS-00235324,Solar generation,"Solar",2018-10-18,42,2
NGET-EMFIP-AGWS-TS-00235323,Wind generation,"Wind Onshore",2018-10-18,41,1016.849
NGET-EMFIP-AGWS-TS-00235322,Wind generation,"Wind Offshore",2018-10-18,41,644.729
NGET-EMFIP-AGWS-TS-00235321,Solar generation,"Solar",2018-10-18,41,4
NGET-EMFIP-AGWS-TS-00235320,Wind generation,"Wind Onshore",2018-10-18,40,937.597
NGET-EMFIP-AGWS-TS-00235319,Wind generation,"Wind Offshore",2018-10-18,40,681.022
NGET-EMFIP-AGWS-TS-00235318,Solar generation,"Solar",2018-10-18,40,3
NGET-EMFIP-AGWS-TS-00235317,Wind generation,"Wind Onshore",2018-10-18,39,898.045
NGET-EMFIP-AGWS-TS-00235316,Wind generation,"Wind Offshore",2018-10-18,39,766.579
NGET-EMFIP-AGWS-TS-00235315,Solar generation,"Solar",2018-10-18,39,3
NGET-EMFIP-AGWS-TS-00235314,Wind generation,"Wind Onshore",2018-10-18,38,832.136
NGET-EMFIP-AGWS-TS-00235313,Wind generation,"Wind Offshore",2018-10-18,38,816.695
NGET-EMFIP-AGWS-TS-00235312,Solar generation,"Solar",2018-10-18,38,5
NGET-EMFIP-AGWS-TS-00235311,Wind generation,"Wind Onshore",2018-10-18,37,770.931
NGET-EMFIP-AGWS-TS-00235310,Wind generation,"Wind Offshore",2018-10-18,37,855.141
NGET-EMFIP-AGWS-TS-00235309,Solar generation,"Solar",2018-10-18,37,7
NGET-EMFIP-AGWS-TS-00235308,Wind generation,"Wind Onshore",2018-10-18,36,706.525
NGET-EMFIP-AGWS-TS-00235307,Wind generation,"Wind Offshore",2018-10-18,36,894.396
NGET-EMFIP-AGWS-TS-00235306,Solar generation,"Solar",2018-10-18,36,195
NGET-EMFIP-AGWS-TS-00235305,Wind generation,"Wind Onshore",2018-10-18,35,747.012
NGET-EMFIP-AGWS-TS-00235304,Wind generation,"Wind Offshore",2018-10-18,35,900.119
NGET-EMFIP-AGWS-TS-00235303,Solar generation,"Solar",2018-10-18,35,790
NGET-EMFIP-AGWS-TS-00235302,Wind generation,"Wind Onshore",2018-10-18,34,833.974
NGET-EMFIP-AGWS-TS-00235301,Wind generation,"Wind Offshore",2018-10-18,34,990.38
NGET-EMFIP-AGWS-TS-00235300,Solar generation,"Solar",2018-10-18,34,1540
NGET-EMFIP-AGWS-TS-00235299,Wind generation,"Wind Onshore",2018-10-18,33,860.615
NGET-EMFIP-AGWS-TS-00235298,Wind generation,"Wind Offshore",2018-10-18,33,1019.005
NGET-EMFIP-AGWS-TS-00235297,Solar generation,"Solar",2018-10-18,33,2240
NGET-EMFIP-AGWS-TS-00235296,Wind generation,"Wind Onshore",2018-10-18,32,931.212
NGET-EMFIP-AGWS-TS-00235295,Wind generation,"Wind Offshore",2018-10-18,32,1067.741
NGET-EMFIP-AGWS-TS-00235294,Solar generation,"Solar",2018-10-18,32,2840
NGET-EMFIP-AGWS-TS-00235293,Wind generation,"Wind Onshore",2018-10-18,31,946.78
NGET-EMFIP-AGWS-TS-00235292,Wind generation,"Wind Offshore",2018-10-18,31,1075.441
NGET-EMFIP-AGWS-TS-00235291,Solar generation,"Solar",2018-10-18,31,3490
NGET-EMFIP-AGWS-TS-00235290,Wind generation,"Wind Onshore",2018-10-18,30,939.742
NGET-EMFIP-AGWS-TS-00235289,Wind generation,"Wind Offshore",2018-10-18,30,1095.416
NGET-EMFIP-AGWS-TS-00235288,Solar generation,"Solar",2018-10-18,30,4020
NGET-EMFIP-AGWS-TS-00235287,Wind generation,"Wind Onshore",2018-10-18,29,946.17
NGET-EMFIP-AGWS-TS-00235286,Wind generation,"Wind Offshore",2018-10-18,29,1092.801
NGET-EMFIP-AGWS-TS-00235285,Solar generation,"Solar",2018-10-18,29,4530
NGET-EMFIP-AGWS-TS-00235284,Wind generation,"Wind Onshore",2018-10-18,28,925.775
NGET-EMFIP-AGWS-TS-00235283,Wind generation,"Wind Offshore",2018-10-18,28,1087.409
NGET-EMFIP-AGWS-TS-00235282,Solar generation,"Solar",2018-10-18,28,5030
NGET-EMFIP-AGWS-TS-00235281,Wind generation,"Wind Onshore",2018-10-18,27,847.564
NGET-EMFIP-AGWS-TS-00235280,Wind generation,"Wind Offshore",2018-10-18,27,1092.818
NGET-EMFIP-AGWS-TS-00235279,Solar generation,"Solar",2018-10-18,27,5350
NGET-EMFIP-AGWS-TS-00235278,Wind generation,"Wind Onshore",2018-10-18,26,833.918
NGET-EMFIP-AGWS-TS-00235277,Wind generation,"Wind Offshore",2018-10-18,26,1077.085
NGET-EMFIP-AGWS-TS-00235276,Solar generation,"Solar",2018-10-18,26,5420
NGET-EMFIP-AGWS-TS-00235275,Wind generation,"Wind Onshore",2018-10-18,25,819.358
NGET-EMFIP-AGWS-TS-00235274,Wind generation,"Wind Offshore",2018-10-18,25,1054.085
NGET-EMFIP-AGWS-TS-00235273,Solar generation,"Solar",2018-10-18,25,5280
NGET-EMFIP-AGWS-TS-00235272,Wind generation,"Wind Onshore",2018-10-18,24,802.207
NGET-EMFIP-AGWS-TS-00235271,Wind generation,"Wind Offshore",2018-10-18,24,1071.108
NGET-EMFIP-AGWS-TS-00235270,Solar generation,"Solar",2018-10-18,24,4960
NGET-EMFIP-AGWS-TS-00235269,Wind generation,"Wind Onshore",2018-10-18,23,801.877
NGET-EMFIP-AGWS-TS-00235268,Wind generation,"Wind Offshore",2018-10-18,23,1064.175
NGET-EMFIP-AGWS-TS-00235267,Solar generation,"Solar",2018-10-18,23,4520
NGET-EMFIP-AGWS-TS-00235266,Wind generation,"Wind Onshore",2018-10-18,22,810.719
NGET-EMFIP-AGWS-TS-00235265,Wind generation,"Wind Offshore",2018-10-18,22,1128.46
NGET-EMFIP-AGWS-TS-00235264,Solar generation,"Solar",2018-10-18,22,3820
NGET-EMFIP-AGWS-TS-00235263,Wind generation,"Wind Onshore",2018-10-18,21,808.365
NGET-EMFIP-AGWS-TS-00235262,Wind generation,"Wind Offshore",2018-10-18,21,1169.48
NGET-EMFIP-AGWS-TS-00235261,Solar generation,"Solar",2018-10-18,21,3140
NGET-EMFIP-AGWS-TS-00235260,Wind generation,"Wind Onshore",2018-10-18,20,821.262
NGET-EMFIP-AGWS-TS-00235259,Wind generation,"Wind Offshore",2018-10-18,20,1163.353
NGET-EMFIP-AGWS-TS-00235258,Solar generation,"Solar",2018-10-18,20,2390
NGET-EMFIP-AGWS-TS-00235257,Wind generation,"Wind Onshore",2018-10-18,19,882.539
NGET-EMFIP-AGWS-TS-00235256,Wind generation,"Wind Offshore",2018-10-18,19,1158.48
NGET-EMFIP-AGWS-TS-00235255,Solar generation,"Solar",2018-10-18,19,1680
NGET-EMFIP-AGWS-TS-00235254,Wind generation,"Wind Onshore",2018-10-18,18,1101.099
NGET-EMFIP-AGWS-TS-00235253,Wind generation,"Wind Offshore",2018-10-18,18,1171.91
NGET-EMFIP-AGWS-TS-00235252,Solar generation,"Solar",2018-10-18,18,1030
NGET-EMFIP-AGWS-TS-00235251,Wind generation,"Wind Onshore",2018-10-18,17,1133.178
NGET-EMFIP-AGWS-TS-00235250,Wind generation,"Wind Offshore",2018-10-18,17,1240.707
NGET-EMFIP-AGWS-TS-00235249,Solar generation,"Solar",2018-10-18,17,413
NGET-EMFIP-AGWS-TS-00235248,Wind generation,"Wind Onshore",2018-10-18,16,1211.898
NGET-EMFIP-AGWS-TS-00235247,Wind generation,"Wind Offshore",2018-10-18,16,1174.784
NGET-EMFIP-AGWS-TS-00235246,Solar generation,"Solar",2018-10-18,16,34
NGET-EMFIP-AGWS-TS-00235245,Wind generation,"Wind Onshore",2018-10-18,15,1223.649
NGET-EMFIP-AGWS-TS-00235244,Wind generation,"Wind Offshore",2018-10-18,15,1129.027
NGET-EMFIP-AGWS-TS-00235243,Solar generation,"Solar",2018-10-18,15,0
NGET-EMFIP-AGWS-TS-00235242,Wind generation,"Wind Onshore",2018-10-18,14,1293.295
NGET-EMFIP-AGWS-TS-00235241,Wind generation,"Wind Offshore",2018-10-18,14,1141.472
NGET-EMFIP-AGWS-TS-00235240,Solar generation,"Solar",2018-10-18,14,0
NGET-EMFIP-AGWS-TS-00235239,Wind generation,"Wind Onshore",2018-10-18,13,1213.582
NGET-EMFIP-AGWS-TS-00235238,Wind generation,"Wind Offshore",2018-10-18,13,1143.316
NGET-EMFIP-AGWS-TS-00235237,Solar generation,"Solar",2018-10-18,13,0
NGET-EMFIP-AGWS-TS-00235236,Wind generation,"Wind Onshore",2018-10-18,12,1184.474
NGET-EMFIP-AGWS-TS-00235235,Wind generation,"Wind Offshore",2018-10-18,12,1079.772
NGET-EMFIP-AGWS-TS-00235234,Solar generation,"Solar",2018-10-18,12,0
NGET-EMFIP-AGWS-TS-00235233,Wind generation,"Wind Onshore",2018-10-18,11,1234.04
NGET-EMFIP-AGWS-TS-00235232,Wind generation,"Wind Offshore",2018-10-18,11,1107.934
NGET-EMFIP-AGWS-TS-00235231,Solar generation,"Solar",2018-10-18,11,0
NGET-EMFIP-AGWS-TS-00235230,Wind generation,"Wind Onshore",2018-10-18,10,1295.154
NGET-EMFIP-AGWS-TS-00235229,Wind generation,"Wind Offshore",2018-10-18,10,1114.407
NGET-EMFIP-AGWS-TS-00235228,Solar generation,"Solar",2018-10-18,10,0
NGET-EMFIP-AGWS-TS-00235227,Wind generation,"Wind Onshore",2018-10-18,9,1338.935
NGET-EMFIP-AGWS-TS-00235226,Wind generation,"Wind Offshore",2018-10-18,9,1077.871
NGET-EMFIP-AGWS-TS-00235225,Solar generation,"Solar",2018-10-18,9,0
NGET-EMFIP-AGWS-TS-00235224,Wind generation,"Wind Onshore",2018-10-18,8,1312.373
NGET-EMFIP-AGWS-TS-00235223,Wind generation,"Wind Offshore",2018-10-18,8,1145.452
NGET-EMFIP-AGWS-TS-00235222,Solar generation,"Solar",2018-10-18,8,0
NGET-EMFIP-AGWS-TS-00235221,Wind generation,"Wind Onshore",2018-10-18,7,1401.561
NGET-EMFIP-AGWS-TS-00235220,Wind generation,"Wind Offshore",2018-10-18,7,1188.296
NGET-EMFIP-AGWS-TS-00235219,Solar generation,"Solar",2018-10-18,7,0
NGET-EMFIP-AGWS-TS-00235203,Wind generation,"Wind Onshore",2018-10-18,6,1421.997
NGET-EMFIP-AGWS-TS-00235202,Wind generation,"Wind Offshore",2018-10-18,6,1168.283
NGET-EMFIP-AGWS-TS-00235201,Solar generation,"Solar",2018-10-18,6,0
NGET-EMFIP-AGWS-TS-00235200,Wind generation,"Wind Onshore",2018-10-18,5,1374.598
NGET-EMFIP-AGWS-TS-00235199,Wind generation,"Wind Offshore",2018-10-18,5,1144.068
NGET-EMFIP-AGWS-TS-00235198,Solar generation,"Solar",2018-10-18,5,0
NGET-EMFIP-AGWS-TS-00235197,Wind generation,"Wind Onshore",2018-10-18,4,1307.02
NGET-EMFIP-AGWS-TS-00235196,Wind generation,"Wind Offshore",2018-10-18,4,1109.297
NGET-EMFIP-AGWS-TS-00235195,Solar generation,"Solar",2018-10-18,4,0
NGET-EMFIP-AGWS-TS-00235194,Wind generation,"Wind Onshore",2018-10-18,3,1360.334
NGET-EMFIP-AGWS-TS-00235193,Wind generation,"Wind Offshore",2018-10-18,3,1057.854
NGET-EMFIP-AGWS-TS-00235192,Solar generation,"Solar",2018-10-18,3,0
NGET-EMFIP-AGWS-TS-00235191,Wind generation,"Wind Onshore",2018-10-18,2,1528.617
NGET-EMFIP-AGWS-TS-00235190,Wind generation,"Wind Offshore",2018-10-18,2,1112.296
NGET-EMFIP-AGWS-TS-00235189,Solar generation,"Solar",2018-10-18,2,0
NGET-EMFIP-AGWS-TS-00235188,Wind generation,"Wind Onshore",2018-10-18,1,1626.635
NGET-EMFIP-AGWS-TS-00235187,Wind generation,"Wind Offshore",2018-10-18,1,1138.339
NGET-EMFIP-AGWS-TS-00235186,Solar generation,"Solar",2018-10-18,1,0