Actual Or Estimated Wind And Solar Power Generation (B1630)
Time Series ID,Business Type,PSR Type,Settlement  Date,Settlement Period,Quantity (MW)
NGET-EMFIP-AGWS-TS-00193888,Wind generation,"Wind Onshore",2018-02-08,48,3467.19
NGET-EMFIP-AGWS-TS-00193887,Wind generation,"Wind Offshore",2018-02-08,48,2552.527
NGET-EMFIP-AGWS-TS-00193886,Solar generation,"Solar",2018-02-08,48,0
NGET-EMFIP-AGWS-TS-00193885,Wind generation,"Wind Onshore",2018-02-08,47,3515.689
NGET-EMFIP-AGWS-TS-00193884,Wind generation,"Wind Offshore",2018-02-08,47,2518.525
NGET-EMFIP-AGWS-TS-00193883,Solar generation,"Solar",2018-02-08,47,0
NGET-EMFIP-AGWS-TS-00193882,Wind generation,"Wind Onshore",2018-02-08,46,3489.314
NGET-EMFIP-AGWS-TS-00193881,Wind generation,"Wind Offshore",2018-02-08,46,2531.462
NGET-EMFIP-AGWS-TS-00193880,Solar generation,"Solar",2018-02-08,46,0
NGET-EMFIP-AGWS-TS-00193879,Wind generation,"Wind Onshore",2018-02-08,45,3367.306
NGET-EMFIP-AGWS-TS-00193878,Wind generation,"Wind Offshore",2018-02-08,45,2541.303
NGET-EMFIP-AGWS-TS-00193877,Solar generation,"Solar",2018-02-08,45,0
NGET-EMFIP-AGWS-TS-00193876,Wind generation,"Wind Onshore",2018-02-08,44,3515.208
NGET-EMFIP-AGWS-TS-00193875,Wind generation,"Wind Offshore",2018-02-08,44,2401.408
NGET-EMFIP-AGWS-TS-00193874,Solar generation,"Solar",2018-02-08,44,0
NGET-EMFIP-AGWS-TS-00193873,Wind generation,"Wind Onshore",2018-02-08,43,3549.112
NGET-EMFIP-AGWS-TS-00193872,Wind generation,"Wind Offshore",2018-02-08,43,2364.65
NGET-EMFIP-AGWS-TS-00193871,Solar generation,"Solar",2018-02-08,43,0
NGET-EMFIP-AGWS-TS-00193870,Wind generation,"Wind Onshore",2018-02-08,42,3404.077
NGET-EMFIP-AGWS-TS-00193869,Wind generation,"Wind Offshore",2018-02-08,42,2454.813
NGET-EMFIP-AGWS-TS-00193868,Solar generation,"Solar",2018-02-08,42,0
NGET-EMFIP-AGWS-TS-00193867,Wind generation,"Wind Onshore",2018-02-08,41,3452.994
NGET-EMFIP-AGWS-TS-00193866,Wind generation,"Wind Offshore",2018-02-08,41,2448.938
NGET-EMFIP-AGWS-TS-00193865,Solar generation,"Solar",2018-02-08,41,0
NGET-EMFIP-AGWS-TS-00193864,Wind generation,"Wind Onshore",2018-02-08,40,3353.985
NGET-EMFIP-AGWS-TS-00193863,Wind generation,"Wind Offshore",2018-02-08,40,2416.83
NGET-EMFIP-AGWS-TS-00193862,Solar generation,"Solar",2018-02-08,40,0
NGET-EMFIP-AGWS-TS-00193861,Wind generation,"Wind Onshore",2018-02-08,39,3150.355
NGET-EMFIP-AGWS-TS-00193860,Wind generation,"Wind Offshore",2018-02-08,39,2316.603
NGET-EMFIP-AGWS-TS-00193859,Solar generation,"Solar",2018-02-08,39,0
NGET-EMFIP-AGWS-TS-00193858,Wind generation,"Wind Onshore",2018-02-08,38,2987.909
NGET-EMFIP-AGWS-TS-00193857,Wind generation,"Wind Offshore",2018-02-08,38,2321.496
NGET-EMFIP-AGWS-TS-00193856,Solar generation,"Solar",2018-02-08,38,0
NGET-EMFIP-AGWS-TS-00193855,Wind generation,"Wind Onshore",2018-02-08,37,2927.735
NGET-EMFIP-AGWS-TS-00193854,Wind generation,"Wind Offshore",2018-02-08,37,2193.353
NGET-EMFIP-AGWS-TS-00193853,Solar generation,"Solar",2018-02-08,37,4
NGET-EMFIP-AGWS-TS-00193852,Wind generation,"Wind Onshore",2018-02-08,36,2709.032
NGET-EMFIP-AGWS-TS-00193851,Wind generation,"Wind Offshore",2018-02-08,36,2034.572
NGET-EMFIP-AGWS-TS-00193850,Solar generation,"Solar",2018-02-08,36,7
NGET-EMFIP-AGWS-TS-00193849,Wind generation,"Wind Onshore",2018-02-08,35,2733.906
NGET-EMFIP-AGWS-TS-00193848,Wind generation,"Wind Offshore",2018-02-08,35,1958.228
NGET-EMFIP-AGWS-TS-00193847,Solar generation,"Solar",2018-02-08,35,3
NGET-EMFIP-AGWS-TS-00193846,Wind generation,"Wind Onshore",2018-02-08,34,2647.029
NGET-EMFIP-AGWS-TS-00193845,Wind generation,"Wind Offshore",2018-02-08,34,1844.342
NGET-EMFIP-AGWS-TS-00193844,Solar generation,"Solar",2018-02-08,34,23
NGET-EMFIP-AGWS-TS-00193843,Wind generation,"Wind Onshore",2018-02-08,33,2654.551
NGET-EMFIP-AGWS-TS-00193842,Wind generation,"Wind Offshore",2018-02-08,33,1638.865
NGET-EMFIP-AGWS-TS-00193841,Solar generation,"Solar",2018-02-08,33,167
NGET-EMFIP-AGWS-TS-00193840,Wind generation,"Wind Onshore",2018-02-08,32,2685.81
NGET-EMFIP-AGWS-TS-00193839,Wind generation,"Wind Offshore",2018-02-08,32,1562.363
NGET-EMFIP-AGWS-TS-00193838,Solar generation,"Solar",2018-02-08,32,394
NGET-EMFIP-AGWS-TS-00193837,Wind generation,"Wind Onshore",2018-02-08,31,2725.814
NGET-EMFIP-AGWS-TS-00193836,Wind generation,"Wind Offshore",2018-02-08,31,1465.574
NGET-EMFIP-AGWS-TS-00193835,Solar generation,"Solar",2018-02-08,31,659
NGET-EMFIP-AGWS-TS-00193834,Wind generation,"Wind Onshore",2018-02-08,30,2879.89
NGET-EMFIP-AGWS-TS-00193833,Wind generation,"Wind Offshore",2018-02-08,30,1449.862
NGET-EMFIP-AGWS-TS-00193832,Solar generation,"Solar",2018-02-08,30,917
NGET-EMFIP-AGWS-TS-00193831,Wind generation,"Wind Onshore",2018-02-08,29,2927.948
NGET-EMFIP-AGWS-TS-00193830,Wind generation,"Wind Offshore",2018-02-08,29,1577.316
NGET-EMFIP-AGWS-TS-00193829,Solar generation,"Solar",2018-02-08,29,1190
NGET-EMFIP-AGWS-TS-00193828,Wind generation,"Wind Onshore",2018-02-08,28,2842.645
NGET-EMFIP-AGWS-TS-00193827,Wind generation,"Wind Offshore",2018-02-08,28,1721.094
NGET-EMFIP-AGWS-TS-00193826,Solar generation,"Solar",2018-02-08,28,1490
NGET-EMFIP-AGWS-TS-00193825,Wind generation,"Wind Onshore",2018-02-08,27,2795.093
NGET-EMFIP-AGWS-TS-00193824,Wind generation,"Wind Offshore",2018-02-08,27,1790.977
NGET-EMFIP-AGWS-TS-00193823,Solar generation,"Solar",2018-02-08,27,1399
NGET-EMFIP-AGWS-TS-00193822,Wind generation,"Wind Onshore",2018-02-08,26,2600.082
NGET-EMFIP-AGWS-TS-00193821,Wind generation,"Wind Offshore",2018-02-08,26,1847.75
NGET-EMFIP-AGWS-TS-00193820,Solar generation,"Solar",2018-02-08,26,2000
NGET-EMFIP-AGWS-TS-00193819,Wind generation,"Wind Onshore",2018-02-08,25,2402.403
NGET-EMFIP-AGWS-TS-00193818,Wind generation,"Wind Offshore",2018-02-08,25,1910.805
NGET-EMFIP-AGWS-TS-00193817,Solar generation,"Solar",2018-02-08,25,2220
NGET-EMFIP-AGWS-TS-00193816,Wind generation,"Wind Onshore",2018-02-08,24,2292.377
NGET-EMFIP-AGWS-TS-00193815,Wind generation,"Wind Offshore",2018-02-08,24,1929.185
NGET-EMFIP-AGWS-TS-00193814,Solar generation,"Solar",2018-02-08,24,2430
NGET-EMFIP-AGWS-TS-00193813,Wind generation,"Wind Onshore",2018-02-08,23,2243.507
NGET-EMFIP-AGWS-TS-00193812,Wind generation,"Wind Offshore",2018-02-08,23,1735.134
NGET-EMFIP-AGWS-TS-00193811,Solar generation,"Solar",2018-02-08,23,2410
NGET-EMFIP-AGWS-TS-00193810,Wind generation,"Wind Onshore",2018-02-08,22,2030.967
NGET-EMFIP-AGWS-TS-00193809,Wind generation,"Wind Offshore",2018-02-08,22,1832.117
NGET-EMFIP-AGWS-TS-00193808,Solar generation,"Solar",2018-02-08,22,2250
NGET-EMFIP-AGWS-TS-00193807,Wind generation,"Wind Onshore",2018-02-08,21,2037.025
NGET-EMFIP-AGWS-TS-00193806,Wind generation,"Wind Offshore",2018-02-08,21,1819.59
NGET-EMFIP-AGWS-TS-00193805,Solar generation,"Solar",2018-02-08,21,2050
NGET-EMFIP-AGWS-TS-00193804,Wind generation,"Wind Onshore",2018-02-08,20,2058.526
NGET-EMFIP-AGWS-TS-00193803,Wind generation,"Wind Offshore",2018-02-08,20,1727.045
NGET-EMFIP-AGWS-TS-00193802,Solar generation,"Solar",2018-02-08,20,1680
NGET-EMFIP-AGWS-TS-00193801,Wind generation,"Wind Onshore",2018-02-08,19,2143.868
NGET-EMFIP-AGWS-TS-00193800,Wind generation,"Wind Offshore",2018-02-08,19,1778.098
NGET-EMFIP-AGWS-TS-00193799,Solar generation,"Solar",2018-02-08,19,1330
NGET-EMFIP-AGWS-TS-00193780,Wind generation,"Wind Onshore",2018-02-08,18,2165.626
NGET-EMFIP-AGWS-TS-00193779,Wind generation,"Wind Offshore",2018-02-08,18,1744.433
NGET-EMFIP-AGWS-TS-00193778,Solar generation,"Solar",2018-02-08,18,842
NGET-EMFIP-AGWS-TS-00193777,Wind generation,"Wind Onshore",2018-02-08,17,2174.866
NGET-EMFIP-AGWS-TS-00193776,Wind generation,"Wind Offshore",2018-02-08,17,1818.211
NGET-EMFIP-AGWS-TS-00193775,Solar generation,"Solar",2018-02-08,17,388
NGET-EMFIP-AGWS-TS-00193774,Wind generation,"Wind Onshore",2018-02-08,16,2050.261
NGET-EMFIP-AGWS-TS-00193773,Wind generation,"Wind Offshore",2018-02-08,16,1730.128
NGET-EMFIP-AGWS-TS-00193772,Solar generation,"Solar",2018-02-08,16,68
NGET-EMFIP-AGWS-TS-00193771,Wind generation,"Wind Onshore",2018-02-08,15,2119.164
NGET-EMFIP-AGWS-TS-00193770,Wind generation,"Wind Offshore",2018-02-08,15,1714.637
NGET-EMFIP-AGWS-TS-00193769,Solar generation,"Solar",2018-02-08,15,0
NGET-EMFIP-AGWS-TS-00193768,Wind generation,"Wind Onshore",2018-02-08,14,2015.498
NGET-EMFIP-AGWS-TS-00193767,Wind generation,"Wind Offshore",2018-02-08,14,1638.506
NGET-EMFIP-AGWS-TS-00193766,Solar generation,"Solar",2018-02-08,14,1
NGET-EMFIP-AGWS-TS-00193765,Wind generation,"Wind Onshore",2018-02-08,13,2102.145
NGET-EMFIP-AGWS-TS-00193764,Wind generation,"Wind Offshore",2018-02-08,13,1625.879
NGET-EMFIP-AGWS-TS-00193763,Solar generation,"Solar",2018-02-08,13,2
NGET-EMFIP-AGWS-TS-00193762,Wind generation,"Wind Onshore",2018-02-08,12,2231.605
NGET-EMFIP-AGWS-TS-00193761,Wind generation,"Wind Offshore",2018-02-08,12,1663.145
NGET-EMFIP-AGWS-TS-00193760,Solar generation,"Solar",2018-02-08,12,0
NGET-EMFIP-AGWS-TS-00193759,Wind generation,"Wind Onshore",2018-02-08,11,2335.862
NGET-EMFIP-AGWS-TS-00193758,Wind generation,"Wind Offshore",2018-02-08,11,1651.319
NGET-EMFIP-AGWS-TS-00193757,Solar generation,"Solar",2018-02-08,11,0
NGET-EMFIP-AGWS-TS-00193756,Wind generation,"Wind Onshore",2018-02-08,10,2346.571
NGET-EMFIP-AGWS-TS-00193755,Wind generation,"Wind Offshore",2018-02-08,10,1674.785
NGET-EMFIP-AGWS-TS-00193754,Solar generation,"Solar",2018-02-08,10,0
NGET-EMFIP-AGWS-TS-00193753,Wind generation,"Wind Onshore",2018-02-08,9,2480.247
NGET-EMFIP-AGWS-TS-00193752,Wind generation,"Wind Offshore",2018-02-08,9,1652.871
NGET-EMFIP-AGWS-TS-00193751,Solar generation,"Solar",2018-02-08,9,0
NGET-EMFIP-AGWS-TS-00193750,Wind generation,"Wind Onshore",2018-02-08,8,2726.998
NGET-EMFIP-AGWS-TS-00193749,Wind generation,"Wind Offshore",2018-02-08,8,1590.47
NGET-EMFIP-AGWS-TS-00193748,Solar generation,"Solar",2018-02-08,8,0
NGET-EMFIP-AGWS-TS-00193747,Wind generation,"Wind Onshore",2018-02-08,7,2766.114
NGET-EMFIP-AGWS-TS-00193746,Wind generation,"Wind Offshore",2018-02-08,7,1544.643
NGET-EMFIP-AGWS-TS-00193745,Solar generation,"Solar",2018-02-08,7,0
NGET-EMFIP-AGWS-TS-00193744,Wind generation,"Wind Onshore",2018-02-08,6,2819.213
NGET-EMFIP-AGWS-TS-00193743,Wind generation,"Wind Offshore",2018-02-08,6,1524.43
NGET-EMFIP-AGWS-TS-00193742,Solar generation,"Solar",2018-02-08,6,0
NGET-EMFIP-AGWS-TS-00193741,Wind generation,"Wind Onshore",2018-02-08,5,2872.698
NGET-EMFIP-AGWS-TS-00193740,Wind generation,"Wind Offshore",2018-02-08,5,1529.806
NGET-EMFIP-AGWS-TS-00193739,Solar generation,"Solar",2018-02-08,5,0
NGET-EMFIP-AGWS-TS-00193738,Wind generation,"Wind Onshore",2018-02-08,4,2967.616
NGET-EMFIP-AGWS-TS-00193737,Wind generation,"Wind Offshore",2018-02-08,4,1485.127
NGET-EMFIP-AGWS-TS-00193736,Solar generation,"Solar",2018-02-08,4,0
NGET-EMFIP-AGWS-TS-00193735,Wind generation,"Wind Onshore",2018-02-08,3,3004.807
NGET-EMFIP-AGWS-TS-00193734,Wind generation,"Wind Offshore",2018-02-08,3,1471.159
NGET-EMFIP-AGWS-TS-00193733,Solar generation,"Solar",2018-02-08,3,0
NGET-EMFIP-AGWS-TS-00193732,Wind generation,"Wind Onshore",2018-02-08,2,3145.959
NGET-EMFIP-AGWS-TS-00193731,Wind generation,"Wind Offshore",2018-02-08,2,1400.51
NGET-EMFIP-AGWS-TS-00193730,Solar generation,"Solar",2018-02-08,2,0
NGET-EMFIP-AGWS-TS-00193729,Wind generation,"Wind Onshore",2018-02-08,1,3247.137
NGET-EMFIP-AGWS-TS-00193728,Wind generation,"Wind Offshore",2018-02-08,1,1459.667
NGET-EMFIP-AGWS-TS-00193727,Solar generation,"Solar",2018-02-08,1,0