Actual Or Estimated Wind And Solar Power Generation (B1630)
Time Series ID,Business Type,PSR Type,Settlement  Date,Settlement Period,Quantity (MW)
NGET-EMFIP-AGWS-TS-00194034,Wind generation,"Wind Onshore",2018-02-09,48,3042.823
NGET-EMFIP-AGWS-TS-00194033,Wind generation,"Wind Offshore",2018-02-09,48,2050.581
NGET-EMFIP-AGWS-TS-00194032,Solar generation,"Solar",2018-02-09,48,0
NGET-EMFIP-AGWS-TS-00194031,Wind generation,"Wind Onshore",2018-02-09,47,2759.281
NGET-EMFIP-AGWS-TS-00194030,Wind generation,"Wind Offshore",2018-02-09,47,1905.54
NGET-EMFIP-AGWS-TS-00194029,Solar generation,"Solar",2018-02-09,47,0
NGET-EMFIP-AGWS-TS-00194028,Wind generation,"Wind Onshore",2018-02-09,46,2716.334
NGET-EMFIP-AGWS-TS-00194027,Wind generation,"Wind Offshore",2018-02-09,46,2035.465
NGET-EMFIP-AGWS-TS-00194026,Solar generation,"Solar",2018-02-09,46,0
NGET-EMFIP-AGWS-TS-00194025,Wind generation,"Wind Onshore",2018-02-09,45,2647.577
NGET-EMFIP-AGWS-TS-00194024,Wind generation,"Wind Offshore",2018-02-09,45,2063.393
NGET-EMFIP-AGWS-TS-00194023,Solar generation,"Solar",2018-02-09,45,0
NGET-EMFIP-AGWS-TS-00194022,Wind generation,"Wind Onshore",2018-02-09,44,2633.689
NGET-EMFIP-AGWS-TS-00194021,Wind generation,"Wind Offshore",2018-02-09,44,2156.394
NGET-EMFIP-AGWS-TS-00194020,Solar generation,"Solar",2018-02-09,44,0
NGET-EMFIP-AGWS-TS-00194019,Wind generation,"Wind Onshore",2018-02-09,43,2591.594
NGET-EMFIP-AGWS-TS-00194018,Wind generation,"Wind Offshore",2018-02-09,43,2271.954
NGET-EMFIP-AGWS-TS-00194017,Solar generation,"Solar",2018-02-09,43,0
NGET-EMFIP-AGWS-TS-00194016,Wind generation,"Wind Onshore",2018-02-09,42,2678.597
NGET-EMFIP-AGWS-TS-00194015,Wind generation,"Wind Offshore",2018-02-09,42,2277.242
NGET-EMFIP-AGWS-TS-00194014,Solar generation,"Solar",2018-02-09,42,0
NGET-EMFIP-AGWS-TS-00194013,Wind generation,"Wind Onshore",2018-02-09,41,2661.569
NGET-EMFIP-AGWS-TS-00194012,Wind generation,"Wind Offshore",2018-02-09,41,2519.646
NGET-EMFIP-AGWS-TS-00194011,Solar generation,"Solar",2018-02-09,41,0
NGET-EMFIP-AGWS-TS-00194010,Wind generation,"Wind Onshore",2018-02-09,40,2696.178
NGET-EMFIP-AGWS-TS-00194009,Wind generation,"Wind Offshore",2018-02-09,40,2650.378
NGET-EMFIP-AGWS-TS-00194008,Solar generation,"Solar",2018-02-09,40,0
NGET-EMFIP-AGWS-TS-00194007,Wind generation,"Wind Onshore",2018-02-09,39,2674.329
NGET-EMFIP-AGWS-TS-00194006,Wind generation,"Wind Offshore",2018-02-09,39,2558.457
NGET-EMFIP-AGWS-TS-00194005,Solar generation,"Solar",2018-02-09,39,1
NGET-EMFIP-AGWS-TS-00194004,Wind generation,"Wind Onshore",2018-02-09,38,2846.197
NGET-EMFIP-AGWS-TS-00194003,Wind generation,"Wind Offshore",2018-02-09,38,2688.237
NGET-EMFIP-AGWS-TS-00194002,Solar generation,"Solar",2018-02-09,38,1
NGET-EMFIP-AGWS-TS-00194001,Wind generation,"Wind Onshore",2018-02-09,37,2864.716
NGET-EMFIP-AGWS-TS-00194000,Wind generation,"Wind Offshore",2018-02-09,37,2688.905
NGET-EMFIP-AGWS-TS-00193999,Solar generation,"Solar",2018-02-09,37,0
NGET-EMFIP-AGWS-TS-00193998,Wind generation,"Wind Onshore",2018-02-09,36,2918.827
NGET-EMFIP-AGWS-TS-00193997,Wind generation,"Wind Offshore",2018-02-09,36,2680.295
NGET-EMFIP-AGWS-TS-00193996,Solar generation,"Solar",2018-02-09,36,30
NGET-EMFIP-AGWS-TS-00193995,Wind generation,"Wind Onshore",2018-02-09,35,3141.896
NGET-EMFIP-AGWS-TS-00193994,Wind generation,"Wind Offshore",2018-02-09,35,2728.781
NGET-EMFIP-AGWS-TS-00193993,Solar generation,"Solar",2018-02-09,35,3
NGET-EMFIP-AGWS-TS-00193992,Wind generation,"Wind Onshore",2018-02-09,34,3456.853
NGET-EMFIP-AGWS-TS-00193991,Wind generation,"Wind Offshore",2018-02-09,34,2955.083
NGET-EMFIP-AGWS-TS-00193990,Solar generation,"Solar",2018-02-09,34,240
NGET-EMFIP-AGWS-TS-00193989,Wind generation,"Wind Onshore",2018-02-09,33,3527.248
NGET-EMFIP-AGWS-TS-00193988,Wind generation,"Wind Offshore",2018-02-09,33,2674.327
NGET-EMFIP-AGWS-TS-00193987,Solar generation,"Solar",2018-02-09,33,916
NGET-EMFIP-AGWS-TS-00193986,Wind generation,"Wind Onshore",2018-02-09,32,3931.903
NGET-EMFIP-AGWS-TS-00193985,Wind generation,"Wind Offshore",2018-02-09,32,2515.532
NGET-EMFIP-AGWS-TS-00193984,Solar generation,"Solar",2018-02-09,32,1680
NGET-EMFIP-AGWS-TS-00193983,Wind generation,"Wind Onshore",2018-02-09,31,3907.41
NGET-EMFIP-AGWS-TS-00193982,Wind generation,"Wind Offshore",2018-02-09,31,2758.364
NGET-EMFIP-AGWS-TS-00193981,Solar generation,"Solar",2018-02-09,31,2310
NGET-EMFIP-AGWS-TS-00193980,Wind generation,"Wind Onshore",2018-02-09,30,4069.259
NGET-EMFIP-AGWS-TS-00193979,Wind generation,"Wind Offshore",2018-02-09,30,2821.796
NGET-EMFIP-AGWS-TS-00193978,Solar generation,"Solar",2018-02-09,30,2880
NGET-EMFIP-AGWS-TS-00193977,Wind generation,"Wind Onshore",2018-02-09,29,4226.224
NGET-EMFIP-AGWS-TS-00193976,Wind generation,"Wind Offshore",2018-02-09,29,2800.231
NGET-EMFIP-AGWS-TS-00193975,Solar generation,"Solar",2018-02-09,29,3310
NGET-EMFIP-AGWS-TS-00193974,Wind generation,"Wind Onshore",2018-02-09,28,4383.725
NGET-EMFIP-AGWS-TS-00193973,Wind generation,"Wind Offshore",2018-02-09,28,2831.007
NGET-EMFIP-AGWS-TS-00193972,Solar generation,"Solar",2018-02-09,28,3710
NGET-EMFIP-AGWS-TS-00193971,Wind generation,"Wind Onshore",2018-02-09,27,4432.353
NGET-EMFIP-AGWS-TS-00193970,Wind generation,"Wind Offshore",2018-02-09,27,3003.106
NGET-EMFIP-AGWS-TS-00193969,Solar generation,"Solar",2018-02-09,27,3164
NGET-EMFIP-AGWS-TS-00193968,Wind generation,"Wind Onshore",2018-02-09,26,4444.06
NGET-EMFIP-AGWS-TS-00193967,Wind generation,"Wind Offshore",2018-02-09,26,2909.332
NGET-EMFIP-AGWS-TS-00193966,Solar generation,"Solar",2018-02-09,26,3630
NGET-EMFIP-AGWS-TS-00193965,Wind generation,"Wind Onshore",2018-02-09,25,4365.706
NGET-EMFIP-AGWS-TS-00193964,Wind generation,"Wind Offshore",2018-02-09,25,2969.543
NGET-EMFIP-AGWS-TS-00193963,Solar generation,"Solar",2018-02-09,25,3480
NGET-EMFIP-AGWS-TS-00193962,Wind generation,"Wind Onshore",2018-02-09,24,4246.607
NGET-EMFIP-AGWS-TS-00193961,Wind generation,"Wind Offshore",2018-02-09,24,2924.859
NGET-EMFIP-AGWS-TS-00193960,Solar generation,"Solar",2018-02-09,24,3370
NGET-EMFIP-AGWS-TS-00193959,Wind generation,"Wind Onshore",2018-02-09,23,4302.918
NGET-EMFIP-AGWS-TS-00193958,Wind generation,"Wind Offshore",2018-02-09,23,2938.417
NGET-EMFIP-AGWS-TS-00193957,Solar generation,"Solar",2018-02-09,23,3030
NGET-EMFIP-AGWS-TS-00193956,Wind generation,"Wind Onshore",2018-02-09,22,4192.204
NGET-EMFIP-AGWS-TS-00193955,Wind generation,"Wind Offshore",2018-02-09,22,2763.139
NGET-EMFIP-AGWS-TS-00193954,Solar generation,"Solar",2018-02-09,22,2730
NGET-EMFIP-AGWS-TS-00193953,Wind generation,"Wind Onshore",2018-02-09,21,4357.439
NGET-EMFIP-AGWS-TS-00193952,Wind generation,"Wind Offshore",2018-02-09,21,2900.631
NGET-EMFIP-AGWS-TS-00193951,Solar generation,"Solar",2018-02-09,21,2270
NGET-EMFIP-AGWS-TS-00193950,Wind generation,"Wind Onshore",2018-02-09,20,4346.725
NGET-EMFIP-AGWS-TS-00193949,Wind generation,"Wind Offshore",2018-02-09,20,2959.661
NGET-EMFIP-AGWS-TS-00193948,Solar generation,"Solar",2018-02-09,20,1660
NGET-EMFIP-AGWS-TS-00193947,Wind generation,"Wind Onshore",2018-02-09,19,4408.301
NGET-EMFIP-AGWS-TS-00193946,Wind generation,"Wind Offshore",2018-02-09,19,3028.347
NGET-EMFIP-AGWS-TS-00193945,Solar generation,"Solar",2018-02-09,19,1140
NGET-EMFIP-AGWS-TS-00193944,Wind generation,"Wind Onshore",2018-02-09,18,4412.537
NGET-EMFIP-AGWS-TS-00193943,Wind generation,"Wind Offshore",2018-02-09,18,2821.867
NGET-EMFIP-AGWS-TS-00193942,Solar generation,"Solar",2018-02-09,18,629
NGET-EMFIP-AGWS-TS-00193941,Wind generation,"Wind Onshore",2018-02-09,17,4494.482
NGET-EMFIP-AGWS-TS-00193940,Wind generation,"Wind Offshore",2018-02-09,17,2864.856
NGET-EMFIP-AGWS-TS-00193939,Solar generation,"Solar",2018-02-09,17,201
NGET-EMFIP-AGWS-TS-00193936,Wind generation,"Wind Onshore",2018-02-09,16,4449.728
NGET-EMFIP-AGWS-TS-00193935,Wind generation,"Wind Offshore",2018-02-09,16,3019.671
NGET-EMFIP-AGWS-TS-00193934,Solar generation,"Solar",2018-02-09,16,12
NGET-EMFIP-AGWS-TS-00193933,Wind generation,"Wind Onshore",2018-02-09,15,4429.21
NGET-EMFIP-AGWS-TS-00193932,Wind generation,"Wind Offshore",2018-02-09,15,3159.873
NGET-EMFIP-AGWS-TS-00193931,Solar generation,"Solar",2018-02-09,15,0
NGET-EMFIP-AGWS-TS-00193930,Wind generation,"Wind Onshore",2018-02-09,14,4428.201
NGET-EMFIP-AGWS-TS-00193929,Wind generation,"Wind Offshore",2018-02-09,14,3269.289
NGET-EMFIP-AGWS-TS-00193928,Solar generation,"Solar",2018-02-09,14,1
NGET-EMFIP-AGWS-TS-00193927,Wind generation,"Wind Onshore",2018-02-09,13,4206.244
NGET-EMFIP-AGWS-TS-00193926,Wind generation,"Wind Offshore",2018-02-09,13,3227.688
NGET-EMFIP-AGWS-TS-00193925,Solar generation,"Solar",2018-02-09,13,2
NGET-EMFIP-AGWS-TS-00193924,Wind generation,"Wind Onshore",2018-02-09,12,4008.508
NGET-EMFIP-AGWS-TS-00193923,Wind generation,"Wind Offshore",2018-02-09,12,3267.354
NGET-EMFIP-AGWS-TS-00193922,Solar generation,"Solar",2018-02-09,12,0
NGET-EMFIP-AGWS-TS-00193921,Wind generation,"Wind Onshore",2018-02-09,11,3887.756
NGET-EMFIP-AGWS-TS-00193920,Wind generation,"Wind Offshore",2018-02-09,11,3289.906
NGET-EMFIP-AGWS-TS-00193919,Solar generation,"Solar",2018-02-09,11,0
NGET-EMFIP-AGWS-TS-00193918,Wind generation,"Wind Onshore",2018-02-09,10,3586.036
NGET-EMFIP-AGWS-TS-00193917,Wind generation,"Wind Offshore",2018-02-09,10,3290.045
NGET-EMFIP-AGWS-TS-00193916,Solar generation,"Solar",2018-02-09,10,0
NGET-EMFIP-AGWS-TS-00193915,Wind generation,"Wind Onshore",2018-02-09,9,3449.318
NGET-EMFIP-AGWS-TS-00193914,Wind generation,"Wind Offshore",2018-02-09,9,3074.811
NGET-EMFIP-AGWS-TS-00193913,Solar generation,"Solar",2018-02-09,9,0
NGET-EMFIP-AGWS-TS-00193912,Wind generation,"Wind Onshore",2018-02-09,8,3359.132
NGET-EMFIP-AGWS-TS-00193911,Wind generation,"Wind Offshore",2018-02-09,8,3048.423
NGET-EMFIP-AGWS-TS-00193910,Solar generation,"Solar",2018-02-09,8,0
NGET-EMFIP-AGWS-TS-00193909,Wind generation,"Wind Onshore",2018-02-09,7,3335.886
NGET-EMFIP-AGWS-TS-00193908,Wind generation,"Wind Offshore",2018-02-09,7,3197.18
NGET-EMFIP-AGWS-TS-00193907,Solar generation,"Solar",2018-02-09,7,0
NGET-EMFIP-AGWS-TS-00193906,Wind generation,"Wind Onshore",2018-02-09,6,3194.465
NGET-EMFIP-AGWS-TS-00193905,Wind generation,"Wind Offshore",2018-02-09,6,2827.892
NGET-EMFIP-AGWS-TS-00193904,Solar generation,"Solar",2018-02-09,6,0
NGET-EMFIP-AGWS-TS-00193903,Wind generation,"Wind Onshore",2018-02-09,5,2956.316
NGET-EMFIP-AGWS-TS-00193902,Wind generation,"Wind Offshore",2018-02-09,5,2773.027
NGET-EMFIP-AGWS-TS-00193901,Solar generation,"Solar",2018-02-09,5,0
NGET-EMFIP-AGWS-TS-00193900,Wind generation,"Wind Onshore",2018-02-09,4,3047.071
NGET-EMFIP-AGWS-TS-00193899,Wind generation,"Wind Offshore",2018-02-09,4,2919.813
NGET-EMFIP-AGWS-TS-00193898,Solar generation,"Solar",2018-02-09,4,0
NGET-EMFIP-AGWS-TS-00193897,Wind generation,"Wind Onshore",2018-02-09,3,3151.936
NGET-EMFIP-AGWS-TS-00193896,Wind generation,"Wind Offshore",2018-02-09,3,2769.23
NGET-EMFIP-AGWS-TS-00193895,Solar generation,"Solar",2018-02-09,3,0
NGET-EMFIP-AGWS-TS-00193894,Wind generation,"Wind Onshore",2018-02-09,2,3353.047
NGET-EMFIP-AGWS-TS-00193893,Wind generation,"Wind Offshore",2018-02-09,2,2676.088
NGET-EMFIP-AGWS-TS-00193892,Solar generation,"Solar",2018-02-09,2,0
NGET-EMFIP-AGWS-TS-00193891,Wind generation,"Wind Onshore",2018-02-09,1,3382.205
NGET-EMFIP-AGWS-TS-00193890,Wind generation,"Wind Offshore",2018-02-09,1,2633.869
NGET-EMFIP-AGWS-TS-00193889,Solar generation,"Solar",2018-02-09,1,0