Actual Or Estimated Wind And Solar Power Generation (B1630),,,,,
Time Series ID,Business Type,PSR Type,Settlement  Date,Settlement Period,Quantity (MW)
NGET-EMFIP-AGWS-TS-00203218,Wind generation,Wind Onshore,07/04/2018,,609.645
NGET-EMFIP-AGWS-TS-00203217,Wind generation,Wind Offshore,07/04/2018,,589.034
NGET-EMFIP-AGWS-TS-00203216,Solar generation,Solar,07/04/2018,,0
NGET-EMFIP-AGWS-TS-00203218,Wind generation,Wind Onshore,07/04/2018,47,649.067
NGET-EMFIP-AGWS-TS-00203217,Wind generation,Wind Offshore,07/04/2018,47,667.794
NGET-EMFIP-AGWS-TS-00203216,Solar generation,Solar,07/04/2018,47,0
NGET-EMFIP-AGWS-TS-00203215,Wind generation,Wind Onshore,07/04/2018,46,680.711
NGET-EMFIP-AGWS-TS-00203214,Wind generation,Wind Offshore,07/04/2018,46,831.585
NGET-EMFIP-AGWS-TS-00203213,Solar generation,Solar,07/04/2018,46,0
NGET-EMFIP-AGWS-TS-00203212,Wind generation,Wind Onshore,07/04/2018,45,717.914
NGET-EMFIP-AGWS-TS-00203211,Wind generation,Wind Offshore,07/04/2018,45,1009.112
NGET-EMFIP-AGWS-TS-00203210,Solar generation,Solar,07/04/2018,45,0
NGET-EMFIP-AGWS-TS-00203209,Wind generation,Wind Onshore,07/04/2018,44,786.221
NGET-EMFIP-AGWS-TS-00203208,Wind generation,Wind Offshore,07/04/2018,44,1229.652
NGET-EMFIP-AGWS-TS-00203207,Solar generation,Solar,07/04/2018,44,0
NGET-EMFIP-AGWS-TS-00203206,Wind generation,Wind Onshore,07/04/2018,43,827.308
NGET-EMFIP-AGWS-TS-00203205,Wind generation,Wind Offshore,07/04/2018,43,1185.71
NGET-EMFIP-AGWS-TS-00203204,Solar generation,Solar,07/04/2018,43,0
NGET-EMFIP-AGWS-TS-00203203,Wind generation,Wind Onshore,07/04/2018,42,887.459
NGET-EMFIP-AGWS-TS-00203202,Wind generation,Wind Offshore,07/04/2018,42,1178.003
NGET-EMFIP-AGWS-TS-00203201,Solar generation,Solar,07/04/2018,42,0
NGET-EMFIP-AGWS-TS-00203200,Wind generation,Wind Onshore,07/04/2018,41,910.414
NGET-EMFIP-AGWS-TS-00203199,Wind generation,Wind Offshore,07/04/2018,41,1230.607
NGET-EMFIP-AGWS-TS-00203198,Solar generation,Solar,07/04/2018,41,0
NGET-EMFIP-AGWS-TS-00203197,Wind generation,Wind Onshore,07/04/2018,40,1010.464
NGET-EMFIP-AGWS-TS-00203196,Wind generation,Wind Offshore,07/04/2018,40,1366.53
NGET-EMFIP-AGWS-TS-00203195,Solar generation,Solar,07/04/2018,40,10
NGET-EMFIP-AGWS-TS-00203194,Wind generation,Wind Onshore,07/04/2018,39,1023.976
NGET-EMFIP-AGWS-TS-00203193,Wind generation,Wind Offshore,07/04/2018,39,1446.682
NGET-EMFIP-AGWS-TS-00203192,Solar generation,Solar,07/04/2018,39,115
NGET-EMFIP-AGWS-TS-00203191,Wind generation,Wind Onshore,07/04/2018,38,1065.472
NGET-EMFIP-AGWS-TS-00203190,Wind generation,Wind Offshore,07/04/2018,38,1517.878
NGET-EMFIP-AGWS-TS-00203189,Solar generation,Solar,07/04/2018,38,297
NGET-EMFIP-AGWS-TS-00203188,Wind generation,Wind Onshore,07/04/2018,37,1089.773
NGET-EMFIP-AGWS-TS-00203187,Wind generation,Wind Offshore,07/04/2018,37,1636.779
NGET-EMFIP-AGWS-TS-00203186,Solar generation,Solar,07/04/2018,37,597
NGET-EMFIP-AGWS-TS-00203185,Wind generation,Wind Onshore,07/04/2018,36,1110.926
NGET-EMFIP-AGWS-TS-00203184,Wind generation,Wind Offshore,07/04/2018,36,1684.819
NGET-EMFIP-AGWS-TS-00203183,Solar generation,Solar,07/04/2018,36,828
NGET-EMFIP-AGWS-TS-00203182,Wind generation,Wind Onshore,07/04/2018,35,1143.674
NGET-EMFIP-AGWS-TS-00203181,Wind generation,Wind Offshore,07/04/2018,35,1841.783
NGET-EMFIP-AGWS-TS-00203180,Solar generation,Solar,07/04/2018,35,1130
NGET-EMFIP-AGWS-TS-00203179,Wind generation,Wind Onshore,07/04/2018,34,1180.434
NGET-EMFIP-AGWS-TS-00203178,Wind generation,Wind Offshore,07/04/2018,34,1701.375
NGET-EMFIP-AGWS-TS-00203177,Solar generation,Solar,07/04/2018,34,1510
NGET-EMFIP-AGWS-TS-00203176,Wind generation,Wind Onshore,07/04/2018,33,1175.865
NGET-EMFIP-AGWS-TS-00203175,Wind generation,Wind Offshore,07/04/2018,33,1719.791
NGET-EMFIP-AGWS-TS-00203174,Solar generation,Solar,07/04/2018,33,1840
NGET-EMFIP-AGWS-TS-00203173,Wind generation,Wind Onshore,07/04/2018,32,1144.695
NGET-EMFIP-AGWS-TS-00203172,Wind generation,Wind Offshore,07/04/2018,32,1572.089
NGET-EMFIP-AGWS-TS-00203171,Solar generation,Solar,07/04/2018,32,2180
NGET-EMFIP-AGWS-TS-00203170,Wind generation,Wind Onshore,07/04/2018,31,1158.088
NGET-EMFIP-AGWS-TS-00203169,Wind generation,Wind Offshore,07/04/2018,31,1533.991
NGET-EMFIP-AGWS-TS-00203168,Solar generation,Solar,07/04/2018,31,2510
NGET-EMFIP-AGWS-TS-00203167,Wind generation,Wind Onshore,07/04/2018,30,1198.558
NGET-EMFIP-AGWS-TS-00203166,Wind generation,Wind Offshore,07/04/2018,30,1476.728
NGET-EMFIP-AGWS-TS-00203165,Solar generation,Solar,07/04/2018,30,2810
NGET-EMFIP-AGWS-TS-00203164,Wind generation,Wind Onshore,07/04/2018,29,1147.066
NGET-EMFIP-AGWS-TS-00203163,Wind generation,Wind Offshore,07/04/2018,29,1248.392
NGET-EMFIP-AGWS-TS-00203162,Solar generation,Solar,07/04/2018,29,3281
NGET-EMFIP-AGWS-TS-00203161,Wind generation,Wind Onshore,07/04/2018,28,1162.767
NGET-EMFIP-AGWS-TS-00203160,Wind generation,Wind Offshore,07/04/2018,28,1228.083
NGET-EMFIP-AGWS-TS-00203159,Solar generation,Solar,07/04/2018,28,2930
NGET-EMFIP-AGWS-TS-00203155,Wind generation,Wind Onshore,07/04/2018,27,1181.266
NGET-EMFIP-AGWS-TS-00203154,Wind generation,Wind Offshore,07/04/2018,27,1235.402
NGET-EMFIP-AGWS-TS-00203153,Solar generation,Solar,07/04/2018,27,3050
NGET-EMFIP-AGWS-TS-00203152,Wind generation,Wind Onshore,07/04/2018,26,1336.98
NGET-EMFIP-AGWS-TS-00203151,Wind generation,Wind Offshore,07/04/2018,26,1328.739
NGET-EMFIP-AGWS-TS-00203150,Solar generation,Solar,07/04/2018,26,3080
NGET-EMFIP-AGWS-TS-00203149,Wind generation,Wind Onshore,07/04/2018,25,1418.23
NGET-EMFIP-AGWS-TS-00203148,Wind generation,Wind Offshore,07/04/2018,25,1186.822
NGET-EMFIP-AGWS-TS-00203147,Solar generation,Solar,07/04/2018,25,3000
NGET-EMFIP-AGWS-TS-00203146,Wind generation,Wind Onshore,07/04/2018,24,1500.484
NGET-EMFIP-AGWS-TS-00203145,Wind generation,Wind Offshore,07/04/2018,24,1100.965
NGET-EMFIP-AGWS-TS-00203144,Solar generation,Solar,07/04/2018,24,2790
NGET-EMFIP-AGWS-TS-00203143,Wind generation,Wind Onshore,07/04/2018,23,1543.789
NGET-EMFIP-AGWS-TS-00203142,Wind generation,Wind Offshore,07/04/2018,23,992.258
NGET-EMFIP-AGWS-TS-00203141,Solar generation,Solar,07/04/2018,23,2480
NGET-EMFIP-AGWS-TS-00203140,Wind generation,Wind Onshore,07/04/2018,22,1705.989
NGET-EMFIP-AGWS-TS-00203139,Wind generation,Wind Offshore,07/04/2018,22,846.777
NGET-EMFIP-AGWS-TS-00203138,Solar generation,Solar,07/04/2018,22,2070
NGET-EMFIP-AGWS-TS-00203137,Wind generation,Wind Onshore,07/04/2018,21,1893.37
NGET-EMFIP-AGWS-TS-00203136,Wind generation,Wind Offshore,07/04/2018,21,845.22
NGET-EMFIP-AGWS-TS-00203135,Solar generation,Solar,07/04/2018,21,1560
NGET-EMFIP-AGWS-TS-00203134,Wind generation,Wind Onshore,07/04/2018,20,1903.031
NGET-EMFIP-AGWS-TS-00203133,Wind generation,Wind Offshore,07/04/2018,20,850.214
NGET-EMFIP-AGWS-TS-00203132,Solar generation,Solar,07/04/2018,20,1200
NGET-EMFIP-AGWS-TS-00203131,Wind generation,Wind Onshore,07/04/2018,19,1921.14
NGET-EMFIP-AGWS-TS-00203130,Wind generation,Wind Offshore,07/04/2018,19,960.036
NGET-EMFIP-AGWS-TS-00203129,Solar generation,Solar,07/04/2018,19,978
NGET-EMFIP-AGWS-TS-00203128,Wind generation,Wind Onshore,07/04/2018,18,2178.592
NGET-EMFIP-AGWS-TS-00203127,Wind generation,Wind Offshore,07/04/2018,18,883.904
NGET-EMFIP-AGWS-TS-00203126,Solar generation,Solar,07/04/2018,18,726
NGET-EMFIP-AGWS-TS-00203125,Wind generation,Wind Onshore,07/04/2018,17,2334.06
NGET-EMFIP-AGWS-TS-00203124,Wind generation,Wind Offshore,07/04/2018,17,860.999
NGET-EMFIP-AGWS-TS-00203123,Solar generation,Solar,07/04/2018,17,565
NGET-EMFIP-AGWS-TS-00203122,Wind generation,Wind Onshore,07/04/2018,16,2444.318
NGET-EMFIP-AGWS-TS-00203121,Wind generation,Wind Offshore,07/04/2018,16,992.72
NGET-EMFIP-AGWS-TS-00203120,Solar generation,Solar,07/04/2018,16,289
NGET-EMFIP-AGWS-TS-00203119,Wind generation,Wind Onshore,07/04/2018,15,2620.329
NGET-EMFIP-AGWS-TS-00203118,Wind generation,Wind Offshore,07/04/2018,15,884.045
NGET-EMFIP-AGWS-TS-00203117,Solar generation,Solar,07/04/2018,15,136
NGET-EMFIP-AGWS-TS-00203116,Wind generation,Wind Onshore,07/04/2018,14,2860.043
NGET-EMFIP-AGWS-TS-00203115,Wind generation,Wind Offshore,07/04/2018,14,982.207
NGET-EMFIP-AGWS-TS-00203114,Solar generation,Solar,07/04/2018,14,22
NGET-EMFIP-AGWS-TS-00203113,Wind generation,Wind Onshore,07/04/2018,13,2986.532
NGET-EMFIP-AGWS-TS-00203112,Wind generation,Wind Offshore,07/04/2018,13,1007.51
NGET-EMFIP-AGWS-TS-00203111,Solar generation,Solar,07/04/2018,13,2
NGET-EMFIP-AGWS-TS-00203110,Wind generation,Wind Onshore,07/04/2018,12,3385.182
NGET-EMFIP-AGWS-TS-00203109,Wind generation,Wind Offshore,07/04/2018,12,914.988
NGET-EMFIP-AGWS-TS-00203108,Solar generation,Solar,07/04/2018,12,0
NGET-EMFIP-AGWS-TS-00203107,Wind generation,Wind Onshore,07/04/2018,11,3669.597
NGET-EMFIP-AGWS-TS-00203106,Wind generation,Wind Offshore,07/04/2018,11,1052.535
NGET-EMFIP-AGWS-TS-00203105,Solar generation,Solar,07/04/2018,11,0
NGET-EMFIP-AGWS-TS-00203104,Wind generation,Wind Onshore,07/04/2018,10,3692.824
NGET-EMFIP-AGWS-TS-00203103,Wind generation,Wind Offshore,07/04/2018,10,956.165
NGET-EMFIP-AGWS-TS-00203102,Solar generation,Solar,07/04/2018,10,0
NGET-EMFIP-AGWS-TS-00203101,Wind generation,Wind Onshore,07/04/2018,9,4118.984
NGET-EMFIP-AGWS-TS-00203100,Wind generation,Wind Offshore,07/04/2018,9,1086.317
NGET-EMFIP-AGWS-TS-00203099,Solar generation,Solar,07/04/2018,9,0
NGET-EMFIP-AGWS-TS-00203080,Wind generation,Wind Onshore,07/04/2018,8,4227.526
NGET-EMFIP-AGWS-TS-00203079,Wind generation,Wind Offshore,07/04/2018,8,1217.431
NGET-EMFIP-AGWS-TS-00203078,Solar generation,Solar,07/04/2018,8,0
NGET-EMFIP-AGWS-TS-00203077,Wind generation,Wind Onshore,07/04/2018,7,4013.418
NGET-EMFIP-AGWS-TS-00203076,Wind generation,Wind Offshore,07/04/2018,7,1243.689
NGET-EMFIP-AGWS-TS-00203075,Solar generation,Solar,07/04/2018,7,0
NGET-EMFIP-AGWS-TS-00203074,Wind generation,Wind Onshore,07/04/2018,6,4031.035
NGET-EMFIP-AGWS-TS-00203073,Wind generation,Wind Offshore,07/04/2018,6,1418.985
NGET-EMFIP-AGWS-TS-00203072,Solar generation,Solar,07/04/2018,6,0
NGET-EMFIP-AGWS-TS-00203071,Wind generation,Wind Onshore,07/04/2018,5,3844.58
NGET-EMFIP-AGWS-TS-00203070,Wind generation,Wind Offshore,07/04/2018,5,1625.976
NGET-EMFIP-AGWS-TS-00203069,Solar generation,Solar,07/04/2018,5,0
NGET-EMFIP-AGWS-TS-00203068,Wind generation,Wind Onshore,07/04/2018,4,3843.511
NGET-EMFIP-AGWS-TS-00203067,Wind generation,Wind Offshore,07/04/2018,4,1781.949
NGET-EMFIP-AGWS-TS-00203066,Solar generation,Solar,07/04/2018,4,0
NGET-EMFIP-AGWS-TS-00203065,Wind generation,Wind Onshore,07/04/2018,3,1487.835
NGET-EMFIP-AGWS-TS-00203064,Wind generation,Wind Offshore,07/04/2018,3,103.582
NGET-EMFIP-AGWS-TS-00203063,Solar generation,Solar,07/04/2018,3,0
NGET-EMFIP-AGWS-TS-00203062,Wind generation,Wind Onshore,07/04/2018,2,3945.704
NGET-EMFIP-AGWS-TS-00203061,Wind generation,Wind Offshore,07/04/2018,2,2023.971
NGET-EMFIP-AGWS-TS-00203060,Solar generation,Solar,07/04/2018,2,0
NGET-EMFIP-AGWS-TS-00203059,Wind generation,Wind Onshore,07/04/2018,1,4173.383
NGET-EMFIP-AGWS-TS-00203058,Wind generation,Wind Offshore,07/04/2018,1,2234.635
NGET-EMFIP-AGWS-TS-00203057,Solar generation,Solar,07/04/2018,1,0
