Actual Or Estimated Wind And Solar Power Generation (B1630)
Time Series ID,Business Type,PSR Type,Settlement  Date,Settlement Period,Quantity (MW)
NGET-EMFIP-AGWS-TS-00204053,Wind generation,"Wind Onshore",2018-04-12,48,3174.333
NGET-EMFIP-AGWS-TS-00204052,Wind generation,"Wind Offshore",2018-04-12,48,871.301
NGET-EMFIP-AGWS-TS-00204051,Solar generation,"Solar",2018-04-12,48,0
NGET-EMFIP-AGWS-TS-00204050,Wind generation,"Wind Onshore",2018-04-12,47,3306.195
NGET-EMFIP-AGWS-TS-00204049,Wind generation,"Wind Offshore",2018-04-12,47,784.942
NGET-EMFIP-AGWS-TS-00204048,Solar generation,"Solar",2018-04-12,47,0
NGET-EMFIP-AGWS-TS-00204047,Wind generation,"Wind Onshore",2018-04-12,46,3334.885
NGET-EMFIP-AGWS-TS-00204046,Wind generation,"Wind Offshore",2018-04-12,46,843.854
NGET-EMFIP-AGWS-TS-00204045,Solar generation,"Solar",2018-04-12,46,0
NGET-EMFIP-AGWS-TS-00204044,Wind generation,"Wind Onshore",2018-04-12,45,3336.209
NGET-EMFIP-AGWS-TS-00204043,Wind generation,"Wind Offshore",2018-04-12,45,917.583
NGET-EMFIP-AGWS-TS-00204042,Solar generation,"Solar",2018-04-12,45,0
NGET-EMFIP-AGWS-TS-00204041,Wind generation,"Wind Onshore",2018-04-12,44,3390.37
NGET-EMFIP-AGWS-TS-00204040,Wind generation,"Wind Offshore",2018-04-12,44,1004.892
NGET-EMFIP-AGWS-TS-00204039,Solar generation,"Solar",2018-04-12,44,0
NGET-EMFIP-AGWS-TS-00204019,Wind generation,"Wind Onshore",2018-04-12,43,3311.863
NGET-EMFIP-AGWS-TS-00204018,Wind generation,"Wind Offshore",2018-04-12,43,1114.489
NGET-EMFIP-AGWS-TS-00204017,Solar generation,"Solar",2018-04-12,43,1
NGET-EMFIP-AGWS-TS-00204016,Wind generation,"Wind Onshore",2018-04-12,42,3455.353
NGET-EMFIP-AGWS-TS-00204015,Wind generation,"Wind Offshore",2018-04-12,42,1253.321
NGET-EMFIP-AGWS-TS-00204014,Solar generation,"Solar",2018-04-12,42,1
NGET-EMFIP-AGWS-TS-00204013,Wind generation,"Wind Onshore",2018-04-12,41,3523.08
NGET-EMFIP-AGWS-TS-00204012,Wind generation,"Wind Offshore",2018-04-12,41,1592.19
NGET-EMFIP-AGWS-TS-00204011,Solar generation,"Solar",2018-04-12,41,0
NGET-EMFIP-AGWS-TS-00204010,Wind generation,"Wind Onshore",2018-04-12,40,3530.586
NGET-EMFIP-AGWS-TS-00204009,Wind generation,"Wind Offshore",2018-04-12,40,1801.611
NGET-EMFIP-AGWS-TS-00204008,Solar generation,"Solar",2018-04-12,40,7
NGET-EMFIP-AGWS-TS-00204007,Wind generation,"Wind Onshore",2018-04-12,39,1561.953
NGET-EMFIP-AGWS-TS-00204006,Wind generation,"Wind Offshore",2018-04-12,39,97.242
NGET-EMFIP-AGWS-TS-00204005,Solar generation,"Solar",2018-04-12,39,72
NGET-EMFIP-AGWS-TS-00204004,Wind generation,"Wind Onshore",2018-04-12,38,3725.821
NGET-EMFIP-AGWS-TS-00204003,Wind generation,"Wind Offshore",2018-04-12,38,1388.783
NGET-EMFIP-AGWS-TS-00204002,Solar generation,"Solar",2018-04-12,38,192
NGET-EMFIP-AGWS-TS-00204001,Wind generation,"Wind Onshore",2018-04-12,37,3896.969
NGET-EMFIP-AGWS-TS-00204000,Wind generation,"Wind Offshore",2018-04-12,37,1551.289
NGET-EMFIP-AGWS-TS-00203999,Solar generation,"Solar",2018-04-12,37,359
NGET-EMFIP-AGWS-TS-00203998,Wind generation,"Wind Onshore",2018-04-12,36,3879.859
NGET-EMFIP-AGWS-TS-00203997,Wind generation,"Wind Offshore",2018-04-12,36,1571.023
NGET-EMFIP-AGWS-TS-00203996,Solar generation,"Solar",2018-04-12,36,577
NGET-EMFIP-AGWS-TS-00203995,Wind generation,"Wind Onshore",2018-04-12,35,3819.889
NGET-EMFIP-AGWS-TS-00203994,Wind generation,"Wind Offshore",2018-04-12,35,1497.024
NGET-EMFIP-AGWS-TS-00203993,Solar generation,"Solar",2018-04-12,35,839
NGET-EMFIP-AGWS-TS-00203992,Wind generation,"Wind Onshore",2018-04-12,34,3802.466
NGET-EMFIP-AGWS-TS-00203991,Wind generation,"Wind Offshore",2018-04-12,34,1465.108
NGET-EMFIP-AGWS-TS-00203990,Solar generation,"Solar",2018-04-12,34,1160
NGET-EMFIP-AGWS-TS-00203989,Wind generation,"Wind Onshore",2018-04-12,33,3840.313
NGET-EMFIP-AGWS-TS-00203988,Wind generation,"Wind Offshore",2018-04-12,33,1431.505
NGET-EMFIP-AGWS-TS-00203987,Solar generation,"Solar",2018-04-12,33,1410
NGET-EMFIP-AGWS-TS-00203986,Wind generation,"Wind Onshore",2018-04-12,32,3885.638
NGET-EMFIP-AGWS-TS-00203985,Wind generation,"Wind Offshore",2018-04-12,32,1473.433
NGET-EMFIP-AGWS-TS-00203984,Solar generation,"Solar",2018-04-12,32,1560
NGET-EMFIP-AGWS-TS-00203983,Wind generation,"Wind Onshore",2018-04-12,31,4079.247
NGET-EMFIP-AGWS-TS-00203982,Wind generation,"Wind Offshore",2018-04-12,31,1413.296
NGET-EMFIP-AGWS-TS-00203981,Solar generation,"Solar",2018-04-12,31,1750
NGET-EMFIP-AGWS-TS-00203980,Wind generation,"Wind Onshore",2018-04-12,30,4090.861
NGET-EMFIP-AGWS-TS-00203979,Wind generation,"Wind Offshore",2018-04-12,30,1439.852
NGET-EMFIP-AGWS-TS-00203978,Solar generation,"Solar",2018-04-12,30,1900
NGET-EMFIP-AGWS-TS-00203977,Wind generation,"Wind Onshore",2018-04-12,29,4184.618
NGET-EMFIP-AGWS-TS-00203976,Wind generation,"Wind Offshore",2018-04-12,29,1445.633
NGET-EMFIP-AGWS-TS-00203975,Solar generation,"Solar",2018-04-12,29,3191
NGET-EMFIP-AGWS-TS-00203974,Wind generation,"Wind Onshore",2018-04-12,28,4259.6
NGET-EMFIP-AGWS-TS-00203973,Wind generation,"Wind Offshore",2018-04-12,28,1431.561
NGET-EMFIP-AGWS-TS-00203972,Solar generation,"Solar",2018-04-12,28,2080
NGET-EMFIP-AGWS-TS-00203971,Wind generation,"Wind Onshore",2018-04-12,27,4254.783
NGET-EMFIP-AGWS-TS-00203970,Wind generation,"Wind Offshore",2018-04-12,27,1349.809
NGET-EMFIP-AGWS-TS-00203969,Solar generation,"Solar",2018-04-12,27,2170
NGET-EMFIP-AGWS-TS-00203968,Wind generation,"Wind Onshore",2018-04-12,26,4265.559
NGET-EMFIP-AGWS-TS-00203967,Wind generation,"Wind Offshore",2018-04-12,26,1329.763
NGET-EMFIP-AGWS-TS-00203966,Solar generation,"Solar",2018-04-12,26,2150
NGET-EMFIP-AGWS-TS-00203965,Wind generation,"Wind Onshore",2018-04-12,25,4019.071
NGET-EMFIP-AGWS-TS-00203964,Wind generation,"Wind Offshore",2018-04-12,25,1242.674
NGET-EMFIP-AGWS-TS-00203963,Solar generation,"Solar",2018-04-12,25,1990
NGET-EMFIP-AGWS-TS-00203962,Wind generation,"Wind Onshore",2018-04-12,24,3937.261
NGET-EMFIP-AGWS-TS-00203961,Wind generation,"Wind Offshore",2018-04-12,24,1248.324
NGET-EMFIP-AGWS-TS-00203960,Solar generation,"Solar",2018-04-12,24,1870
NGET-EMFIP-AGWS-TS-00203959,Wind generation,"Wind Onshore",2018-04-12,23,3929.937
NGET-EMFIP-AGWS-TS-00203958,Wind generation,"Wind Offshore",2018-04-12,23,1151.455
NGET-EMFIP-AGWS-TS-00203957,Solar generation,"Solar",2018-04-12,23,1770
NGET-EMFIP-AGWS-TS-00203956,Wind generation,"Wind Onshore",2018-04-12,22,3853.624
NGET-EMFIP-AGWS-TS-00203955,Wind generation,"Wind Offshore",2018-04-12,22,1174.466
NGET-EMFIP-AGWS-TS-00203954,Solar generation,"Solar",2018-04-12,22,1520
NGET-EMFIP-AGWS-TS-00203953,Wind generation,"Wind Onshore",2018-04-12,21,3852.214
NGET-EMFIP-AGWS-TS-00203952,Wind generation,"Wind Offshore",2018-04-12,21,1339.91
NGET-EMFIP-AGWS-TS-00203951,Solar generation,"Solar",2018-04-12,21,1300
NGET-EMFIP-AGWS-TS-00203950,Wind generation,"Wind Onshore",2018-04-12,20,3811.093
NGET-EMFIP-AGWS-TS-00203949,Wind generation,"Wind Offshore",2018-04-12,20,1238.584
NGET-EMFIP-AGWS-TS-00203948,Solar generation,"Solar",2018-04-12,20,1080
NGET-EMFIP-AGWS-TS-00203947,Wind generation,"Wind Onshore",2018-04-12,19,3660.73
NGET-EMFIP-AGWS-TS-00203946,Wind generation,"Wind Offshore",2018-04-12,19,1309.304
NGET-EMFIP-AGWS-TS-00203945,Solar generation,"Solar",2018-04-12,19,847
NGET-EMFIP-AGWS-TS-00203944,Wind generation,"Wind Onshore",2018-04-12,18,3618.115
NGET-EMFIP-AGWS-TS-00203943,Wind generation,"Wind Offshore",2018-04-12,18,1430.32
NGET-EMFIP-AGWS-TS-00203942,Solar generation,"Solar",2018-04-12,18,631
NGET-EMFIP-AGWS-TS-00203941,Wind generation,"Wind Onshore",2018-04-12,17,3725.203
NGET-EMFIP-AGWS-TS-00203940,Wind generation,"Wind Offshore",2018-04-12,17,1592.513
NGET-EMFIP-AGWS-TS-00203939,Solar generation,"Solar",2018-04-12,17,448
NGET-EMFIP-AGWS-TS-00203925,Wind generation,"Wind Onshore",2018-04-12,16,3806.281
NGET-EMFIP-AGWS-TS-00203924,Wind generation,"Wind Offshore",2018-04-12,16,1530.362
NGET-EMFIP-AGWS-TS-00203923,Solar generation,"Solar",2018-04-12,16,233
NGET-EMFIP-AGWS-TS-00203922,Wind generation,"Wind Onshore",2018-04-12,15,3876.357
NGET-EMFIP-AGWS-TS-00203921,Wind generation,"Wind Offshore",2018-04-12,15,1588.731
NGET-EMFIP-AGWS-TS-00203920,Solar generation,"Solar",2018-04-12,15,100
NGET-EMFIP-AGWS-TS-00203919,Wind generation,"Wind Onshore",2018-04-12,14,3844.384
NGET-EMFIP-AGWS-TS-00203918,Wind generation,"Wind Offshore",2018-04-12,14,1504.235
NGET-EMFIP-AGWS-TS-00203917,Solar generation,"Solar",2018-04-12,14,17
NGET-EMFIP-AGWS-TS-00203916,Wind generation,"Wind Onshore",2018-04-12,13,3624.528
NGET-EMFIP-AGWS-TS-00203915,Wind generation,"Wind Offshore",2018-04-12,13,1445.659
NGET-EMFIP-AGWS-TS-00203914,Solar generation,"Solar",2018-04-12,13,1
NGET-EMFIP-AGWS-TS-00203913,Wind generation,"Wind Onshore",2018-04-12,12,3626.743
NGET-EMFIP-AGWS-TS-00203912,Wind generation,"Wind Offshore",2018-04-12,12,1453.632
NGET-EMFIP-AGWS-TS-00203911,Solar generation,"Solar",2018-04-12,12,3
NGET-EMFIP-AGWS-TS-00203910,Wind generation,"Wind Onshore",2018-04-12,11,1452.648
NGET-EMFIP-AGWS-TS-00203909,Wind generation,"Wind Offshore",2018-04-12,11,82.379
NGET-EMFIP-AGWS-TS-00203908,Solar generation,"Solar",2018-04-12,11,0
NGET-EMFIP-AGWS-TS-00203907,Wind generation,"Wind Onshore",2018-04-12,10,3706.712
NGET-EMFIP-AGWS-TS-00203906,Wind generation,"Wind Offshore",2018-04-12,10,1423.601
NGET-EMFIP-AGWS-TS-00203905,Solar generation,"Solar",2018-04-12,10,0
NGET-EMFIP-AGWS-TS-00203904,Wind generation,"Wind Onshore",2018-04-12,9,1402.086
NGET-EMFIP-AGWS-TS-00203903,Wind generation,"Wind Offshore",2018-04-12,9,82.517
NGET-EMFIP-AGWS-TS-00203902,Solar generation,"Solar",2018-04-12,9,0
NGET-EMFIP-AGWS-TS-00203901,Wind generation,"Wind Onshore",2018-04-12,8,3770.47
NGET-EMFIP-AGWS-TS-00203900,Wind generation,"Wind Offshore",2018-04-12,8,1375.753
NGET-EMFIP-AGWS-TS-00203899,Solar generation,"Solar",2018-04-12,8,0
NGET-EMFIP-AGWS-TS-00203894,Wind generation,"Wind Onshore",2018-04-12,7,3824.687
NGET-EMFIP-AGWS-TS-00203893,Wind generation,"Wind Offshore",2018-04-12,7,1291.054
NGET-EMFIP-AGWS-TS-00203892,Solar generation,"Solar",2018-04-12,7,0
NGET-EMFIP-AGWS-TS-00203891,Wind generation,"Wind Onshore",2018-04-12,6,3789.45
NGET-EMFIP-AGWS-TS-00203890,Wind generation,"Wind Offshore",2018-04-12,6,1223.881
NGET-EMFIP-AGWS-TS-00203889,Solar generation,"Solar",2018-04-12,6,0
NGET-EMFIP-AGWS-TS-00203888,Wind generation,"Wind Onshore",2018-04-12,5,3694.577
NGET-EMFIP-AGWS-TS-00203887,Wind generation,"Wind Offshore",2018-04-12,5,1201.594
NGET-EMFIP-AGWS-TS-00203886,Solar generation,"Solar",2018-04-12,5,0
NGET-EMFIP-AGWS-TS-00203885,Wind generation,"Wind Onshore",2018-04-12,4,3655.518
NGET-EMFIP-AGWS-TS-00203884,Wind generation,"Wind Offshore",2018-04-12,4,1160.974
NGET-EMFIP-AGWS-TS-00203883,Solar generation,"Solar",2018-04-12,4,0
NGET-EMFIP-AGWS-TS-00203882,Wind generation,"Wind Onshore",2018-04-12,3,3691.532
NGET-EMFIP-AGWS-TS-00203881,Wind generation,"Wind Offshore",2018-04-12,3,1052.955
NGET-EMFIP-AGWS-TS-00203880,Solar generation,"Solar",2018-04-12,3,0
NGET-EMFIP-AGWS-TS-00203879,Wind generation,"Wind Onshore",2018-04-12,2,3613.903
NGET-EMFIP-AGWS-TS-00203878,Wind generation,"Wind Offshore",2018-04-12,2,1009.91
NGET-EMFIP-AGWS-TS-00203877,Solar generation,"Solar",2018-04-12,2,0
NGET-EMFIP-AGWS-TS-00203876,Wind generation,"Wind Onshore",2018-04-12,1,3559.773
NGET-EMFIP-AGWS-TS-00203875,Wind generation,"Wind Offshore",2018-04-12,1,1009.077
NGET-EMFIP-AGWS-TS-00203874,Solar generation,"Solar",2018-04-12,1,0