Actual Or Estimated Wind And Solar Power Generation (B1630),,,,,
Time Series ID,Business Type,PSR Type,Settlement  Date,Settlement Period,Quantity (MW)
NGET-EMFIP-AGWS-TS-00204530,Wind generation,Wind Onshore,15/04/2018,48,3714.164
NGET-EMFIP-AGWS-TS-00204529,Wind generation,Wind Offshore,15/04/2018,48,1770.137
NGET-EMFIP-AGWS-TS-00204528,Solar generation,Solar,15/04/2018,48,0
NGET-EMFIP-AGWS-TS-00204527,Wind generation,Wind Onshore,15/04/2018,47,3825.741
NGET-EMFIP-AGWS-TS-00204526,Wind generation,Wind Offshore,15/04/2018,47,1850.839
NGET-EMFIP-AGWS-TS-00204525,Solar generation,Solar,15/04/2018,47,0
NGET-EMFIP-AGWS-TS-00204524,Wind generation,Wind Onshore,15/04/2018,46,3888.128
NGET-EMFIP-AGWS-TS-00204523,Wind generation,Wind Offshore,15/04/2018,46,1799.545
NGET-EMFIP-AGWS-TS-00204522,Solar generation,Solar,15/04/2018,46,0
NGET-EMFIP-AGWS-TS-00204521,Wind generation,Wind Onshore,15/04/2018,45,3938.726
NGET-EMFIP-AGWS-TS-00204520,Wind generation,Wind Offshore,15/04/2018,45,1674.029
NGET-EMFIP-AGWS-TS-00204519,Solar generation,Solar,15/04/2018,45,0
NGET-EMFIP-AGWS-TS-00204516,Wind generation,Wind Onshore,15/04/2018,44,3940.306
NGET-EMFIP-AGWS-TS-00204515,Wind generation,Wind Offshore,15/04/2018,44,1900.144
NGET-EMFIP-AGWS-TS-00204514,Solar generation,Solar,15/04/2018,44,0
NGET-EMFIP-AGWS-TS-00204513,Wind generation,Wind Onshore,15/04/2018,43,4025.114
NGET-EMFIP-AGWS-TS-00204512,Wind generation,Wind Offshore,15/04/2018,43,1968.15
NGET-EMFIP-AGWS-TS-00204511,Solar generation,Solar,15/04/2018,43,4
NGET-EMFIP-AGWS-TS-00204510,Wind generation,Wind Onshore,15/04/2018,42,4136.66
NGET-EMFIP-AGWS-TS-00204509,Wind generation,Wind Offshore,15/04/2018,42,1774.322
NGET-EMFIP-AGWS-TS-00204508,Solar generation,Solar,15/04/2018,42,0
NGET-EMFIP-AGWS-TS-00204507,Wind generation,Wind Onshore,15/04/2018,41,4122.515
NGET-EMFIP-AGWS-TS-00204506,Wind generation,Wind Offshore,15/04/2018,41,1865.607
NGET-EMFIP-AGWS-TS-00204505,Solar generation,Solar,15/04/2018,41,0
NGET-EMFIP-AGWS-TS-00204504,Wind generation,Wind Onshore,15/04/2018,40,4106.083
NGET-EMFIP-AGWS-TS-00204503,Wind generation,Wind Offshore,15/04/2018,40,1824.314
NGET-EMFIP-AGWS-TS-00204502,Solar generation,Solar,15/04/2018,40,33
NGET-EMFIP-AGWS-TS-00204501,Wind generation,Wind Onshore,15/04/2018,39,4046.316
NGET-EMFIP-AGWS-TS-00204500,Wind generation,Wind Offshore,15/04/2018,39,1992.533
NGET-EMFIP-AGWS-TS-00204499,Solar generation,Solar,15/04/2018,39,268
NGET-EMFIP-AGWS-TS-00204498,Wind generation,Wind Onshore,15/04/2018,38,4368.946
NGET-EMFIP-AGWS-TS-00204497,Wind generation,Wind Offshore,15/04/2018,38,1906.254
NGET-EMFIP-AGWS-TS-00204496,Solar generation,Solar,15/04/2018,38,533
NGET-EMFIP-AGWS-TS-00204495,Wind generation,Wind Onshore,15/04/2018,37,4526.671
NGET-EMFIP-AGWS-TS-00204494,Wind generation,Wind Offshore,15/04/2018,37,1644.049
NGET-EMFIP-AGWS-TS-00204493,Solar generation,Solar,15/04/2018,37,811
NGET-EMFIP-AGWS-TS-00204492,Wind generation,Wind Onshore,15/04/2018,36,4516.79
NGET-EMFIP-AGWS-TS-00204491,Wind generation,Wind Offshore,15/04/2018,36,1626.998
NGET-EMFIP-AGWS-TS-00204490,Solar generation,Solar,15/04/2018,36,1090
NGET-EMFIP-AGWS-TS-00204489,Wind generation,Wind Onshore,15/04/2018,35,4605.466
NGET-EMFIP-AGWS-TS-00204488,Wind generation,Wind Offshore,15/04/2018,35,1321.333
NGET-EMFIP-AGWS-TS-00204487,Solar generation,Solar,15/04/2018,35,1390
NGET-EMFIP-AGWS-TS-00204486,Wind generation,Wind Onshore,15/04/2018,34,4758.64
NGET-EMFIP-AGWS-TS-00204485,Wind generation,Wind Offshore,15/04/2018,34,1299.79
NGET-EMFIP-AGWS-TS-00204484,Solar generation,Solar,15/04/2018,34,1600
NGET-EMFIP-AGWS-TS-00204483,Wind generation,Wind Onshore,15/04/2018,33,4519.024
NGET-EMFIP-AGWS-TS-00204482,Wind generation,Wind Offshore,15/04/2018,33,1402.466
NGET-EMFIP-AGWS-TS-00204481,Solar generation,Solar,15/04/2018,33,1900
NGET-EMFIP-AGWS-TS-00204480,Wind generation,Wind Onshore,15/04/2018,32,4747.18
NGET-EMFIP-AGWS-TS-00204479,Wind generation,Wind Offshore,15/04/2018,32,1499.285
NGET-EMFIP-AGWS-TS-00204478,Solar generation,Solar,15/04/2018,32,2230
NGET-EMFIP-AGWS-TS-00204477,Wind generation,Wind Onshore,15/04/2018,31,4697.431
NGET-EMFIP-AGWS-TS-00204476,Wind generation,Wind Offshore,15/04/2018,31,1647.557
NGET-EMFIP-AGWS-TS-00204475,Solar generation,Solar,15/04/2018,31,2530
NGET-EMFIP-AGWS-TS-00204474,Wind generation,Wind Onshore,15/04/2018,30,4829.903
NGET-EMFIP-AGWS-TS-00204473,Wind generation,Wind Offshore,15/04/2018,30,1534.744
NGET-EMFIP-AGWS-TS-00204472,Solar generation,Solar,15/04/2018,30,2810
NGET-EMFIP-AGWS-TS-00204474,Wind generation,Wind Onshore,15/04/2018,,4716.032
NGET-EMFIP-AGWS-TS-00204473,Wind generation,Wind Offshore,15/04/2018,,1579.563
NGET-EMFIP-AGWS-TS-00204472,Solar generation,Solar,15/04/2018,,2930
NGET-EMFIP-AGWS-TS-00204468,Wind generation,Wind Onshore,15/04/2018,28,4602.161
NGET-EMFIP-AGWS-TS-00204467,Wind generation,Wind Offshore,15/04/2018,28,1624.382
NGET-EMFIP-AGWS-TS-00204466,Solar generation,Solar,15/04/2018,28,3050
NGET-EMFIP-AGWS-TS-00204465,Wind generation,Wind Onshore,15/04/2018,27,4480.359
NGET-EMFIP-AGWS-TS-00204464,Wind generation,Wind Offshore,15/04/2018,27,1416.011
NGET-EMFIP-AGWS-TS-00204463,Solar generation,Solar,15/04/2018,27,3100
NGET-EMFIP-AGWS-TS-00204462,Wind generation,Wind Onshore,15/04/2018,26,4343.083
NGET-EMFIP-AGWS-TS-00204461,Wind generation,Wind Offshore,15/04/2018,26,1041.653
NGET-EMFIP-AGWS-TS-00204460,Solar generation,Solar,15/04/2018,26,3140
NGET-EMFIP-AGWS-TS-00204459,Wind generation,Wind Onshore,15/04/2018,25,1737.819
NGET-EMFIP-AGWS-TS-00204458,Wind generation,Wind Offshore,15/04/2018,25,57.826
NGET-EMFIP-AGWS-TS-00204457,Solar generation,Solar,15/04/2018,25,3100
NGET-EMFIP-AGWS-TS-00204456,Wind generation,Wind Onshore,15/04/2018,24,3984.166
NGET-EMFIP-AGWS-TS-00204455,Wind generation,Wind Offshore,15/04/2018,24,1016.665
NGET-EMFIP-AGWS-TS-00204454,Solar generation,Solar,15/04/2018,24,3140
NGET-EMFIP-AGWS-TS-00204453,Wind generation,Wind Onshore,15/04/2018,23,3832.807
NGET-EMFIP-AGWS-TS-00204452,Wind generation,Wind Offshore,15/04/2018,23,1053.492
NGET-EMFIP-AGWS-TS-00204451,Solar generation,Solar,15/04/2018,23,2810
NGET-EMFIP-AGWS-TS-00204450,Wind generation,Wind Onshore,15/04/2018,22,3531.455
NGET-EMFIP-AGWS-TS-00204449,Wind generation,Wind Offshore,15/04/2018,22,988.124
NGET-EMFIP-AGWS-TS-00204448,Solar generation,Solar,15/04/2018,22,2370
NGET-EMFIP-AGWS-TS-00204447,Wind generation,Wind Onshore,15/04/2018,21,3348.899
NGET-EMFIP-AGWS-TS-00204446,Wind generation,Wind Offshore,15/04/2018,21,1063.269
NGET-EMFIP-AGWS-TS-00204445,Solar generation,Solar,15/04/2018,21,2090
NGET-EMFIP-AGWS-TS-00204444,Wind generation,Wind Onshore,15/04/2018,20,3249.907
NGET-EMFIP-AGWS-TS-00204443,Wind generation,Wind Offshore,15/04/2018,20,1041.328
NGET-EMFIP-AGWS-TS-00204442,Solar generation,Solar,15/04/2018,20,1950
NGET-EMFIP-AGWS-TS-00204441,Wind generation,Wind Onshore,15/04/2018,19,3057.103
NGET-EMFIP-AGWS-TS-00204440,Wind generation,Wind Offshore,15/04/2018,19,1064.428
NGET-EMFIP-AGWS-TS-00204439,Solar generation,Solar,15/04/2018,19,1510
NGET-EMFIP-AGWS-TS-00204428,Wind generation,Wind Onshore,15/04/2018,18,2929.076
NGET-EMFIP-AGWS-TS-00204427,Wind generation,Wind Offshore,15/04/2018,18,1125.453
NGET-EMFIP-AGWS-TS-00204426,Solar generation,Solar,15/04/2018,18,1200
NGET-EMFIP-AGWS-TS-00204425,Wind generation,Wind Onshore,15/04/2018,17,2867.597
NGET-EMFIP-AGWS-TS-00204424,Wind generation,Wind Offshore,15/04/2018,17,1094.668
NGET-EMFIP-AGWS-TS-00204423,Solar generation,Solar,15/04/2018,17,644
NGET-EMFIP-AGWS-TS-00204422,Wind generation,Wind Onshore,15/04/2018,16,2828.787
NGET-EMFIP-AGWS-TS-00204421,Wind generation,Wind Offshore,15/04/2018,16,1079.518
NGET-EMFIP-AGWS-TS-00204420,Solar generation,Solar,15/04/2018,16,577
NGET-EMFIP-AGWS-TS-00204419,Wind generation,Wind Onshore,15/04/2018,15,2687.247
NGET-EMFIP-AGWS-TS-00204418,Wind generation,Wind Offshore,15/04/2018,15,1083.217
NGET-EMFIP-AGWS-TS-00204417,Solar generation,Solar,15/04/2018,15,326
NGET-EMFIP-AGWS-TS-00204416,Wind generation,Wind Onshore,15/04/2018,14,2507.922
NGET-EMFIP-AGWS-TS-00204415,Wind generation,Wind Offshore,15/04/2018,14,985.766
NGET-EMFIP-AGWS-TS-00204414,Solar generation,Solar,15/04/2018,14,119
NGET-EMFIP-AGWS-TS-00204413,Wind generation,Wind Onshore,15/04/2018,13,2494.361
NGET-EMFIP-AGWS-TS-00204412,Wind generation,Wind Offshore,15/04/2018,13,889.93
NGET-EMFIP-AGWS-TS-00204411,Solar generation,Solar,15/04/2018,13,6
NGET-EMFIP-AGWS-TS-00204410,Wind generation,Wind Onshore,15/04/2018,12,2366.486
NGET-EMFIP-AGWS-TS-00204409,Wind generation,Wind Offshore,15/04/2018,12,794.947
NGET-EMFIP-AGWS-TS-00204408,Solar generation,Solar,15/04/2018,12,0
NGET-EMFIP-AGWS-TS-00204407,Wind generation,Wind Onshore,15/04/2018,11,2238.384
NGET-EMFIP-AGWS-TS-00204406,Wind generation,Wind Offshore,15/04/2018,11,699.247
NGET-EMFIP-AGWS-TS-00204405,Solar generation,Solar,15/04/2018,11,1
NGET-EMFIP-AGWS-TS-00204404,Wind generation,Wind Onshore,15/04/2018,10,2122.753
NGET-EMFIP-AGWS-TS-00204403,Wind generation,Wind Offshore,15/04/2018,10,664.802
NGET-EMFIP-AGWS-TS-00204402,Solar generation,Solar,15/04/2018,10,1
NGET-EMFIP-AGWS-TS-00204401,Wind generation,Wind Onshore,15/04/2018,9,2108.401
NGET-EMFIP-AGWS-TS-00204400,Wind generation,Wind Offshore,15/04/2018,9,762.42
NGET-EMFIP-AGWS-TS-00204399,Solar generation,Solar,15/04/2018,9,0
NGET-EMFIP-AGWS-TS-00204398,Wind generation,Wind Onshore,15/04/2018,8,1073.233
NGET-EMFIP-AGWS-TS-00204397,Wind generation,Wind Offshore,15/04/2018,8,43.428
NGET-EMFIP-AGWS-TS-00204396,Solar generation,Solar,15/04/2018,8,0
NGET-EMFIP-AGWS-TS-00204395,Wind generation,Wind Onshore,15/04/2018,7,2200.844
NGET-EMFIP-AGWS-TS-00204394,Wind generation,Wind Offshore,15/04/2018,7,829.438
NGET-EMFIP-AGWS-TS-00204393,Solar generation,Solar,15/04/2018,7,0
NGET-EMFIP-AGWS-TS-00204392,Wind generation,Wind Onshore,15/04/2018,6,2310.339
NGET-EMFIP-AGWS-TS-00204391,Wind generation,Wind Offshore,15/04/2018,6,1064.51
NGET-EMFIP-AGWS-TS-00204390,Solar generation,Solar,15/04/2018,6,0
NGET-EMFIP-AGWS-TS-00204389,Wind generation,Wind Onshore,15/04/2018,5,2333.714
NGET-EMFIP-AGWS-TS-00204388,Wind generation,Wind Offshore,15/04/2018,5,1140.125
NGET-EMFIP-AGWS-TS-00204387,Solar generation,Solar,15/04/2018,5,0
NGET-EMFIP-AGWS-TS-00204386,Wind generation,Wind Onshore,15/04/2018,4,2292.709
NGET-EMFIP-AGWS-TS-00204385,Wind generation,Wind Offshore,15/04/2018,4,1139.127
NGET-EMFIP-AGWS-TS-00204384,Solar generation,Solar,15/04/2018,4,0
NGET-EMFIP-AGWS-TS-00204383,Wind generation,Wind Onshore,15/04/2018,3,2129.594
NGET-EMFIP-AGWS-TS-00204382,Wind generation,Wind Offshore,15/04/2018,3,1154.298
NGET-EMFIP-AGWS-TS-00204381,Solar generation,Solar,15/04/2018,3,0
NGET-EMFIP-AGWS-TS-00204380,Wind generation,Wind Onshore,15/04/2018,2,2056.333
NGET-EMFIP-AGWS-TS-00204379,Wind generation,Wind Offshore,15/04/2018,2,1096.629
NGET-EMFIP-AGWS-TS-00204378,Solar generation,Solar,15/04/2018,2,0
NGET-EMFIP-AGWS-TS-00204377,Wind generation,Wind Onshore,15/04/2018,1,2120.249
NGET-EMFIP-AGWS-TS-00204376,Wind generation,Wind Offshore,15/04/2018,1,1164.028
NGET-EMFIP-AGWS-TS-00204375,Solar generation,Solar,15/04/2018,1,0
