Actual Or Estimated Wind And Solar Power Generation (B1630)
Time Series ID,Business Type,PSR Type,Settlement  Date,Settlement Period,Quantity (MW)
NGET-EMFIP-AGWS-TS-00240530,Wind generation,"Wind Onshore",2018-11-18,48,3254.746
NGET-EMFIP-AGWS-TS-00240529,Wind generation,"Wind Offshore",2018-11-18,48,3292.043
NGET-EMFIP-AGWS-TS-00240528,Solar generation,"Solar",2018-11-18,48,0
NGET-EMFIP-AGWS-TS-00240527,Wind generation,"Wind Onshore",2018-11-18,47,3309.373
NGET-EMFIP-AGWS-TS-00240526,Wind generation,"Wind Offshore",2018-11-18,47,3328.393
NGET-EMFIP-AGWS-TS-00240525,Solar generation,"Solar",2018-11-18,47,0
NGET-EMFIP-AGWS-TS-00240524,Wind generation,"Wind Onshore",2018-11-18,46,3363.577
NGET-EMFIP-AGWS-TS-00240523,Wind generation,"Wind Offshore",2018-11-18,46,3429.841
NGET-EMFIP-AGWS-TS-00240522,Solar generation,"Solar",2018-11-18,46,0
NGET-EMFIP-AGWS-TS-00240521,Wind generation,"Wind Onshore",2018-11-18,45,3283.864
NGET-EMFIP-AGWS-TS-00240520,Wind generation,"Wind Offshore",2018-11-18,45,3486.22
NGET-EMFIP-AGWS-TS-00240519,Solar generation,"Solar",2018-11-18,45,0
NGET-EMFIP-AGWS-TS-00240518,Wind generation,"Wind Onshore",2018-11-18,44,3353.997
NGET-EMFIP-AGWS-TS-00240517,Wind generation,"Wind Offshore",2018-11-18,44,3552.493
NGET-EMFIP-AGWS-TS-00240516,Solar generation,"Solar",2018-11-18,44,0
NGET-EMFIP-AGWS-TS-00240515,Wind generation,"Wind Onshore",2018-11-18,43,3393.249
NGET-EMFIP-AGWS-TS-00240514,Wind generation,"Wind Offshore",2018-11-18,43,3315.904
NGET-EMFIP-AGWS-TS-00240513,Solar generation,"Solar",2018-11-18,43,0
NGET-EMFIP-AGWS-TS-00240512,Wind generation,"Wind Onshore",2018-11-18,42,3305.319
NGET-EMFIP-AGWS-TS-00240511,Wind generation,"Wind Offshore",2018-11-18,42,3292.157
NGET-EMFIP-AGWS-TS-00240510,Solar generation,"Solar",2018-11-18,42,0
NGET-EMFIP-AGWS-TS-00240509,Wind generation,"Wind Onshore",2018-11-18,41,3230.474
NGET-EMFIP-AGWS-TS-00240508,Wind generation,"Wind Offshore",2018-11-18,41,3274.58
NGET-EMFIP-AGWS-TS-00240507,Solar generation,"Solar",2018-11-18,41,0
NGET-EMFIP-AGWS-TS-00240506,Wind generation,"Wind Onshore",2018-11-18,40,3103.53
NGET-EMFIP-AGWS-TS-00240505,Wind generation,"Wind Offshore",2018-11-18,40,3282.574
NGET-EMFIP-AGWS-TS-00240504,Solar generation,"Solar",2018-11-18,40,0
NGET-EMFIP-AGWS-TS-00240503,Wind generation,"Wind Onshore",2018-11-18,39,3119.761
NGET-EMFIP-AGWS-TS-00240502,Wind generation,"Wind Offshore",2018-11-18,39,3240.216
NGET-EMFIP-AGWS-TS-00240501,Solar generation,"Solar",2018-11-18,39,0
NGET-EMFIP-AGWS-TS-00240500,Wind generation,"Wind Onshore",2018-11-18,38,3256.576
NGET-EMFIP-AGWS-TS-00240499,Wind generation,"Wind Offshore",2018-11-18,38,3191.785
NGET-EMFIP-AGWS-TS-00240498,Solar generation,"Solar",2018-11-18,38,1
NGET-EMFIP-AGWS-TS-00240497,Wind generation,"Wind Onshore",2018-11-18,37,3242.595
NGET-EMFIP-AGWS-TS-00240496,Wind generation,"Wind Offshore",2018-11-18,37,3424.082
NGET-EMFIP-AGWS-TS-00240495,Solar generation,"Solar",2018-11-18,37,2
NGET-EMFIP-AGWS-TS-00240494,Wind generation,"Wind Onshore",2018-11-18,36,3492.484
NGET-EMFIP-AGWS-TS-00240493,Wind generation,"Wind Offshore",2018-11-18,36,3535.256
NGET-EMFIP-AGWS-TS-00240492,Solar generation,"Solar",2018-11-18,36,3
NGET-EMFIP-AGWS-TS-00240491,Wind generation,"Wind Onshore",2018-11-18,35,3511.792
NGET-EMFIP-AGWS-TS-00240490,Wind generation,"Wind Offshore",2018-11-18,35,3393.295
NGET-EMFIP-AGWS-TS-00240489,Solar generation,"Solar",2018-11-18,35,3
NGET-EMFIP-AGWS-TS-00240488,Wind generation,"Wind Onshore",2018-11-18,34,3525.09
NGET-EMFIP-AGWS-TS-00240487,Wind generation,"Wind Offshore",2018-11-18,34,3276.743
NGET-EMFIP-AGWS-TS-00240486,Solar generation,"Solar",2018-11-18,34,2
NGET-EMFIP-AGWS-TS-00240485,Wind generation,"Wind Onshore",2018-11-18,33,3468.894
NGET-EMFIP-AGWS-TS-00240484,Wind generation,"Wind Offshore",2018-11-18,33,3318.73
NGET-EMFIP-AGWS-TS-00240483,Solar generation,"Solar",2018-11-18,33,16
NGET-EMFIP-AGWS-TS-00240482,Wind generation,"Wind Onshore",2018-11-18,32,3493.286
NGET-EMFIP-AGWS-TS-00240481,Wind generation,"Wind Offshore",2018-11-18,32,3346.289
NGET-EMFIP-AGWS-TS-00240480,Solar generation,"Solar",2018-11-18,32,294
NGET-EMFIP-AGWS-TS-00240479,Wind generation,"Wind Onshore",2018-11-18,31,3293.394
NGET-EMFIP-AGWS-TS-00240478,Wind generation,"Wind Offshore",2018-11-18,31,3232.429
NGET-EMFIP-AGWS-TS-00240477,Solar generation,"Solar",2018-11-18,31,1100
NGET-EMFIP-AGWS-TS-00240476,Wind generation,"Wind Onshore",2018-11-18,30,3129.476
NGET-EMFIP-AGWS-TS-00240475,Wind generation,"Wind Offshore",2018-11-18,30,3028.322
NGET-EMFIP-AGWS-TS-00240474,Solar generation,"Solar",2018-11-18,30,1980
NGET-EMFIP-AGWS-TS-00240473,Wind generation,"Wind Onshore",2018-11-18,29,2978.225
NGET-EMFIP-AGWS-TS-00240472,Wind generation,"Wind Offshore",2018-11-18,29,3058.492
NGET-EMFIP-AGWS-TS-00240471,Solar generation,"Solar",2018-11-18,29,2850
NGET-EMFIP-AGWS-TS-00240470,Wind generation,"Wind Onshore",2018-11-18,28,2990.574
NGET-EMFIP-AGWS-TS-00240469,Wind generation,"Wind Offshore",2018-11-18,28,2899.222
NGET-EMFIP-AGWS-TS-00240468,Solar generation,"Solar",2018-11-18,28,3520
NGET-EMFIP-AGWS-TS-00240467,Wind generation,"Wind Onshore",2018-11-18,27,3002.548
NGET-EMFIP-AGWS-TS-00240466,Wind generation,"Wind Offshore",2018-11-18,27,2792.868
NGET-EMFIP-AGWS-TS-00240465,Solar generation,"Solar",2018-11-18,27,4020
NGET-EMFIP-AGWS-TS-00240464,Wind generation,"Wind Onshore",2018-11-18,26,3158.424
NGET-EMFIP-AGWS-TS-00240463,Wind generation,"Wind Offshore",2018-11-18,26,2888.54
NGET-EMFIP-AGWS-TS-00240462,Solar generation,"Solar",2018-11-18,26,4400
NGET-EMFIP-AGWS-TS-00240461,Wind generation,"Wind Onshore",2018-11-18,25,3255.154
NGET-EMFIP-AGWS-TS-00240460,Wind generation,"Wind Offshore",2018-11-18,25,2340.793
NGET-EMFIP-AGWS-TS-00240459,Solar generation,"Solar",2018-11-18,25,4530
NGET-EMFIP-AGWS-TS-00240456,Wind generation,"Wind Onshore",2018-11-18,24,3271.436
NGET-EMFIP-AGWS-TS-00240455,Wind generation,"Wind Offshore",2018-11-18,24,2257.932
NGET-EMFIP-AGWS-TS-00240454,Solar generation,"Solar",2018-11-18,24,4470
NGET-EMFIP-AGWS-TS-00240453,Wind generation,"Wind Onshore",2018-11-18,23,3401.938
NGET-EMFIP-AGWS-TS-00240452,Wind generation,"Wind Offshore",2018-11-18,23,2283.291
NGET-EMFIP-AGWS-TS-00240451,Solar generation,"Solar",2018-11-18,23,4260
NGET-EMFIP-AGWS-TS-00240450,Wind generation,"Wind Onshore",2018-11-18,22,3582.717
NGET-EMFIP-AGWS-TS-00240449,Wind generation,"Wind Offshore",2018-11-18,22,2305.814
NGET-EMFIP-AGWS-TS-00240448,Solar generation,"Solar",2018-11-18,22,3840
NGET-EMFIP-AGWS-TS-00240447,Wind generation,"Wind Onshore",2018-11-18,21,3718.643
NGET-EMFIP-AGWS-TS-00240446,Wind generation,"Wind Offshore",2018-11-18,21,2418.741
NGET-EMFIP-AGWS-TS-00240445,Solar generation,"Solar",2018-11-18,21,3360
NGET-EMFIP-AGWS-TS-00240444,Wind generation,"Wind Onshore",2018-11-18,20,3745.594
NGET-EMFIP-AGWS-TS-00240443,Wind generation,"Wind Offshore",2018-11-18,20,2540.27
NGET-EMFIP-AGWS-TS-00240442,Solar generation,"Solar",2018-11-18,20,2610
NGET-EMFIP-AGWS-TS-00240441,Wind generation,"Wind Onshore",2018-11-18,19,3717.053
NGET-EMFIP-AGWS-TS-00240440,Wind generation,"Wind Offshore",2018-11-18,19,2357.056
NGET-EMFIP-AGWS-TS-00240439,Solar generation,"Solar",2018-11-18,19,1890
NGET-EMFIP-AGWS-TS-00240438,Wind generation,"Wind Onshore",2018-11-18,18,3877.554
NGET-EMFIP-AGWS-TS-00240437,Wind generation,"Wind Offshore",2018-11-18,18,2284.183
NGET-EMFIP-AGWS-TS-00240436,Solar generation,"Solar",2018-11-18,18,1080
NGET-EMFIP-AGWS-TS-00240435,Wind generation,"Wind Onshore",2018-11-18,17,3948.953
NGET-EMFIP-AGWS-TS-00240434,Wind generation,"Wind Offshore",2018-11-18,17,2502.506
NGET-EMFIP-AGWS-TS-00240433,Solar generation,"Solar",2018-11-18,17,459
NGET-EMFIP-AGWS-TS-00240432,Wind generation,"Wind Onshore",2018-11-18,16,4053.177
NGET-EMFIP-AGWS-TS-00240431,Wind generation,"Wind Offshore",2018-11-18,16,2484.919
NGET-EMFIP-AGWS-TS-00240430,Solar generation,"Solar",2018-11-18,16,62
NGET-EMFIP-AGWS-TS-00240429,Wind generation,"Wind Onshore",2018-11-18,15,4192.565
NGET-EMFIP-AGWS-TS-00240428,Wind generation,"Wind Offshore",2018-11-18,15,2346.852
NGET-EMFIP-AGWS-TS-00240427,Solar generation,"Solar",2018-11-18,15,1
NGET-EMFIP-AGWS-TS-00240426,Wind generation,"Wind Onshore",2018-11-18,14,1630.341
NGET-EMFIP-AGWS-TS-00240425,Wind generation,"Wind Offshore",2018-11-18,14,122.067
NGET-EMFIP-AGWS-TS-00240424,Solar generation,"Solar",2018-11-18,14,0
NGET-EMFIP-AGWS-TS-00240423,Wind generation,"Wind Onshore",2018-11-18,13,4102.838
NGET-EMFIP-AGWS-TS-00240422,Wind generation,"Wind Offshore",2018-11-18,13,2522.134
NGET-EMFIP-AGWS-TS-00240421,Solar generation,"Solar",2018-11-18,13,0
NGET-EMFIP-AGWS-TS-00240420,Wind generation,"Wind Onshore",2018-11-18,12,4032.39
NGET-EMFIP-AGWS-TS-00240419,Wind generation,"Wind Offshore",2018-11-18,12,2670.858
NGET-EMFIP-AGWS-TS-00240418,Solar generation,"Solar",2018-11-18,12,0
NGET-EMFIP-AGWS-TS-00240417,Wind generation,"Wind Onshore",2018-11-18,11,3982.501
NGET-EMFIP-AGWS-TS-00240416,Wind generation,"Wind Offshore",2018-11-18,11,2589.947
NGET-EMFIP-AGWS-TS-00240415,Solar generation,"Solar",2018-11-18,11,0
NGET-EMFIP-AGWS-TS-00240414,Wind generation,"Wind Onshore",2018-11-18,10,3688.195
NGET-EMFIP-AGWS-TS-00240413,Wind generation,"Wind Offshore",2018-11-18,10,2484.446
NGET-EMFIP-AGWS-TS-00240412,Solar generation,"Solar",2018-11-18,10,0
NGET-EMFIP-AGWS-TS-00240411,Wind generation,"Wind Onshore",2018-11-18,9,3511.827
NGET-EMFIP-AGWS-TS-00240410,Wind generation,"Wind Offshore",2018-11-18,9,2348.607
NGET-EMFIP-AGWS-TS-00240409,Solar generation,"Solar",2018-11-18,9,0
NGET-EMFIP-AGWS-TS-00240408,Wind generation,"Wind Onshore",2018-11-18,8,3521.486
NGET-EMFIP-AGWS-TS-00240407,Wind generation,"Wind Offshore",2018-11-18,8,2379.906
NGET-EMFIP-AGWS-TS-00240406,Solar generation,"Solar",2018-11-18,8,0
NGET-EMFIP-AGWS-TS-00240405,Wind generation,"Wind Onshore",2018-11-18,7,3683.996
NGET-EMFIP-AGWS-TS-00240404,Wind generation,"Wind Offshore",2018-11-18,7,2234.603
NGET-EMFIP-AGWS-TS-00240403,Solar generation,"Solar",2018-11-18,7,0
NGET-EMFIP-AGWS-TS-00240402,Wind generation,"Wind Onshore",2018-11-18,6,3774.637
NGET-EMFIP-AGWS-TS-00240401,Wind generation,"Wind Offshore",2018-11-18,6,2241.664
NGET-EMFIP-AGWS-TS-00240400,Solar generation,"Solar",2018-11-18,6,0
NGET-EMFIP-AGWS-TS-00240399,Wind generation,"Wind Onshore",2018-11-18,5,3854.664
NGET-EMFIP-AGWS-TS-00240398,Wind generation,"Wind Offshore",2018-11-18,5,2327.665
NGET-EMFIP-AGWS-TS-00240397,Solar generation,"Solar",2018-11-18,5,0
NGET-EMFIP-AGWS-TS-00240396,Wind generation,"Wind Onshore",2018-11-18,4,3767.167
NGET-EMFIP-AGWS-TS-00240395,Wind generation,"Wind Offshore",2018-11-18,4,2368.071
NGET-EMFIP-AGWS-TS-00240394,Solar generation,"Solar",2018-11-18,4,0
NGET-EMFIP-AGWS-TS-00240393,Wind generation,"Wind Onshore",2018-11-18,3,3812.837
NGET-EMFIP-AGWS-TS-00240392,Wind generation,"Wind Offshore",2018-11-18,3,2649.021
NGET-EMFIP-AGWS-TS-00240391,Solar generation,"Solar",2018-11-18,3,0
NGET-EMFIP-AGWS-TS-00240390,Wind generation,"Wind Onshore",2018-11-18,2,4120.441
NGET-EMFIP-AGWS-TS-00240389,Wind generation,"Wind Offshore",2018-11-18,2,2870.176
NGET-EMFIP-AGWS-TS-00240388,Solar generation,"Solar",2018-11-18,2,0
NGET-EMFIP-AGWS-TS-00240387,Wind generation,"Wind Onshore",2018-11-18,1,4429.274
NGET-EMFIP-AGWS-TS-00240386,Wind generation,"Wind Offshore",2018-11-18,1,3181.375
NGET-EMFIP-AGWS-TS-00240385,Solar generation,"Solar",2018-11-18,1,0