Actual Or Estimated Wind And Solar Power Generation (B1630)
Time Series ID,Business Type,PSR Type,Settlement  Date,Settlement Period,Quantity (MW)
NGET-EMFIP-AGWS-TS-00243073,Wind generation,"Wind Onshore",2018-12-03,48,804.24
NGET-EMFIP-AGWS-TS-00243072,Wind generation,"Wind Offshore",2018-12-03,48,99.964
NGET-EMFIP-AGWS-TS-00243071,Solar generation,"Solar",2018-12-03,48,0
NGET-EMFIP-AGWS-TS-00243070,Wind generation,"Wind Onshore",2018-12-03,47,1743.445
NGET-EMFIP-AGWS-TS-00243069,Wind generation,"Wind Offshore",2018-12-03,47,1299.452
NGET-EMFIP-AGWS-TS-00243068,Solar generation,"Solar",2018-12-03,47,0
NGET-EMFIP-AGWS-TS-00243067,Wind generation,"Wind Onshore",2018-12-03,46,1684.135
NGET-EMFIP-AGWS-TS-00243066,Wind generation,"Wind Offshore",2018-12-03,46,1411.123
NGET-EMFIP-AGWS-TS-00243065,Solar generation,"Solar",2018-12-03,46,0
NGET-EMFIP-AGWS-TS-00243064,Wind generation,"Wind Onshore",2018-12-03,45,1727.701
NGET-EMFIP-AGWS-TS-00243063,Wind generation,"Wind Offshore",2018-12-03,45,1637.179
NGET-EMFIP-AGWS-TS-00243062,Solar generation,"Solar",2018-12-03,45,0
NGET-EMFIP-AGWS-TS-00243061,Wind generation,"Wind Onshore",2018-12-03,44,1798.976
NGET-EMFIP-AGWS-TS-00243060,Wind generation,"Wind Offshore",2018-12-03,44,1580.989
NGET-EMFIP-AGWS-TS-00243059,Solar generation,"Solar",2018-12-03,44,0
NGET-EMFIP-AGWS-TS-00243049,Wind generation,"Wind Onshore",2018-12-03,43,1836.148
NGET-EMFIP-AGWS-TS-00243048,Wind generation,"Wind Offshore",2018-12-03,43,1550.056
NGET-EMFIP-AGWS-TS-00243047,Solar generation,"Solar",2018-12-03,43,0
NGET-EMFIP-AGWS-TS-00243046,Wind generation,"Wind Onshore",2018-12-03,42,1882.384
NGET-EMFIP-AGWS-TS-00243045,Wind generation,"Wind Offshore",2018-12-03,42,1700.963
NGET-EMFIP-AGWS-TS-00243044,Solar generation,"Solar",2018-12-03,42,0
NGET-EMFIP-AGWS-TS-00243043,Wind generation,"Wind Onshore",2018-12-03,41,1829.776
NGET-EMFIP-AGWS-TS-00243042,Wind generation,"Wind Offshore",2018-12-03,41,1755.692
NGET-EMFIP-AGWS-TS-00243041,Solar generation,"Solar",2018-12-03,41,0
NGET-EMFIP-AGWS-TS-00243040,Wind generation,"Wind Onshore",2018-12-03,40,1953.131
NGET-EMFIP-AGWS-TS-00243039,Wind generation,"Wind Offshore",2018-12-03,40,1899.797
NGET-EMFIP-AGWS-TS-00243038,Solar generation,"Solar",2018-12-03,40,0
NGET-EMFIP-AGWS-TS-00243037,Wind generation,"Wind Onshore",2018-12-03,39,1996.787
NGET-EMFIP-AGWS-TS-00243036,Wind generation,"Wind Offshore",2018-12-03,39,2057.095
NGET-EMFIP-AGWS-TS-00243035,Solar generation,"Solar",2018-12-03,39,1
NGET-EMFIP-AGWS-TS-00243034,Wind generation,"Wind Onshore",2018-12-03,38,2093.6
NGET-EMFIP-AGWS-TS-00243033,Wind generation,"Wind Offshore",2018-12-03,38,2281.262
NGET-EMFIP-AGWS-TS-00243032,Solar generation,"Solar",2018-12-03,38,1
NGET-EMFIP-AGWS-TS-00243031,Wind generation,"Wind Onshore",2018-12-03,37,2068.962
NGET-EMFIP-AGWS-TS-00243030,Wind generation,"Wind Offshore",2018-12-03,37,2504.165
NGET-EMFIP-AGWS-TS-00243029,Solar generation,"Solar",2018-12-03,37,1
NGET-EMFIP-AGWS-TS-00243028,Wind generation,"Wind Onshore",2018-12-03,36,2241.301
NGET-EMFIP-AGWS-TS-00243027,Wind generation,"Wind Offshore",2018-12-03,36,2557.3
NGET-EMFIP-AGWS-TS-00243026,Solar generation,"Solar",2018-12-03,36,0
NGET-EMFIP-AGWS-TS-00243025,Wind generation,"Wind Onshore",2018-12-03,35,2173.467
NGET-EMFIP-AGWS-TS-00243024,Wind generation,"Wind Offshore",2018-12-03,35,2702.871
NGET-EMFIP-AGWS-TS-00243023,Solar generation,"Solar",2018-12-03,35,1
NGET-EMFIP-AGWS-TS-00243022,Wind generation,"Wind Onshore",2018-12-03,34,2337.929
NGET-EMFIP-AGWS-TS-00243021,Wind generation,"Wind Offshore",2018-12-03,34,2792.704
NGET-EMFIP-AGWS-TS-00243020,Solar generation,"Solar",2018-12-03,34,0
NGET-EMFIP-AGWS-TS-00243019,Wind generation,"Wind Onshore",2018-12-03,33,2366.486
NGET-EMFIP-AGWS-TS-00243018,Wind generation,"Wind Offshore",2018-12-03,33,2746.48
NGET-EMFIP-AGWS-TS-00243017,Solar generation,"Solar",2018-12-03,33,2
NGET-EMFIP-AGWS-TS-00243016,Wind generation,"Wind Onshore",2018-12-03,32,2464.365
NGET-EMFIP-AGWS-TS-00243015,Wind generation,"Wind Offshore",2018-12-03,32,2720.959
NGET-EMFIP-AGWS-TS-00243014,Solar generation,"Solar",2018-12-03,32,35
NGET-EMFIP-AGWS-TS-00243013,Wind generation,"Wind Onshore",2018-12-03,31,2408.301
NGET-EMFIP-AGWS-TS-00243012,Wind generation,"Wind Offshore",2018-12-03,31,2775.54
NGET-EMFIP-AGWS-TS-00243011,Solar generation,"Solar",2018-12-03,31,328
NGET-EMFIP-AGWS-TS-00243010,Wind generation,"Wind Onshore",2018-12-03,30,2540.973
NGET-EMFIP-AGWS-TS-00243009,Wind generation,"Wind Offshore",2018-12-03,30,2922.349
NGET-EMFIP-AGWS-TS-00243008,Solar generation,"Solar",2018-12-03,30,793
NGET-EMFIP-AGWS-TS-00243007,Wind generation,"Wind Onshore",2018-12-03,29,2699.46
NGET-EMFIP-AGWS-TS-00243006,Wind generation,"Wind Offshore",2018-12-03,29,2947.859
NGET-EMFIP-AGWS-TS-00243005,Solar generation,"Solar",2018-12-03,29,1240
NGET-EMFIP-AGWS-TS-00243004,Wind generation,"Wind Onshore",2018-12-03,28,2666.093
NGET-EMFIP-AGWS-TS-00243003,Wind generation,"Wind Offshore",2018-12-03,28,2551.522
NGET-EMFIP-AGWS-TS-00243002,Solar generation,"Solar",2018-12-03,28,1590
NGET-EMFIP-AGWS-TS-00243001,Wind generation,"Wind Onshore",2018-12-03,27,2727.439
NGET-EMFIP-AGWS-TS-00243000,Wind generation,"Wind Offshore",2018-12-03,27,2343.392
NGET-EMFIP-AGWS-TS-00242999,Solar generation,"Solar",2018-12-03,27,1910
NGET-EMFIP-AGWS-TS-00242993,Wind generation,"Wind Onshore",2018-12-03,26,2713.993
NGET-EMFIP-AGWS-TS-00242992,Wind generation,"Wind Offshore",2018-12-03,26,2356.748
NGET-EMFIP-AGWS-TS-00242991,Solar generation,"Solar",2018-12-03,26,1950
NGET-EMFIP-AGWS-TS-00242990,Wind generation,"Wind Onshore",2018-12-03,25,2866.009
NGET-EMFIP-AGWS-TS-00242989,Wind generation,"Wind Offshore",2018-12-03,25,2323.046
NGET-EMFIP-AGWS-TS-00242988,Solar generation,"Solar",2018-12-03,25,1940
NGET-EMFIP-AGWS-TS-00242987,Wind generation,"Wind Onshore",2018-12-03,24,2880.16
NGET-EMFIP-AGWS-TS-00242986,Wind generation,"Wind Offshore",2018-12-03,24,2375.362
NGET-EMFIP-AGWS-TS-00242985,Solar generation,"Solar",2018-12-03,24,1750
NGET-EMFIP-AGWS-TS-00242984,Wind generation,"Wind Onshore",2018-12-03,23,2888.284
NGET-EMFIP-AGWS-TS-00242983,Wind generation,"Wind Offshore",2018-12-03,23,2450.604
NGET-EMFIP-AGWS-TS-00242982,Solar generation,"Solar",2018-12-03,23,1530
NGET-EMFIP-AGWS-TS-00242981,Wind generation,"Wind Onshore",2018-12-03,22,3002.886
NGET-EMFIP-AGWS-TS-00242980,Wind generation,"Wind Offshore",2018-12-03,22,2467.962
NGET-EMFIP-AGWS-TS-00242979,Solar generation,"Solar",2018-12-03,22,1200
NGET-EMFIP-AGWS-TS-00242967,Wind generation,"Wind Onshore",2018-12-03,21,3005.374
NGET-EMFIP-AGWS-TS-00242966,Wind generation,"Wind Offshore",2018-12-03,21,2542.73
NGET-EMFIP-AGWS-TS-00242965,Solar generation,"Solar",2018-12-03,21,903
NGET-EMFIP-AGWS-TS-00242964,Wind generation,"Wind Onshore",2018-12-03,20,3195.783
NGET-EMFIP-AGWS-TS-00242963,Wind generation,"Wind Offshore",2018-12-03,20,2492.113
NGET-EMFIP-AGWS-TS-00242962,Solar generation,"Solar",2018-12-03,20,661
NGET-EMFIP-AGWS-TS-00242961,Wind generation,"Wind Onshore",2018-12-03,19,3294.689
NGET-EMFIP-AGWS-TS-00242960,Wind generation,"Wind Offshore",2018-12-03,19,2800.843
NGET-EMFIP-AGWS-TS-00242959,Solar generation,"Solar",2018-12-03,19,432
NGET-EMFIP-AGWS-TS-00242941,Wind generation,"Wind Onshore",2018-12-03,18,3264.459
NGET-EMFIP-AGWS-TS-00242940,Wind generation,"Wind Offshore",2018-12-03,18,2904.204
NGET-EMFIP-AGWS-TS-00242939,Solar generation,"Solar",2018-12-03,18,208
NGET-EMFIP-AGWS-TS-00242937,Wind generation,"Wind Onshore",2018-12-03,17,3268.062
NGET-EMFIP-AGWS-TS-00242936,Wind generation,"Wind Offshore",2018-12-03,17,2961.276
NGET-EMFIP-AGWS-TS-00242935,Solar generation,"Solar",2018-12-03,17,60
NGET-EMFIP-AGWS-TS-00242934,Wind generation,"Wind Onshore",2018-12-03,16,3447.42
NGET-EMFIP-AGWS-TS-00242933,Wind generation,"Wind Offshore",2018-12-03,16,3101.071
NGET-EMFIP-AGWS-TS-00242932,Solar generation,"Solar",2018-12-03,16,1
NGET-EMFIP-AGWS-TS-00242931,Wind generation,"Wind Onshore",2018-12-03,15,3392.747
NGET-EMFIP-AGWS-TS-00242930,Wind generation,"Wind Offshore",2018-12-03,15,3181.743
NGET-EMFIP-AGWS-TS-00242929,Solar generation,"Solar",2018-12-03,15,0
NGET-EMFIP-AGWS-TS-00242928,Wind generation,"Wind Onshore",2018-12-03,14,3754.121
NGET-EMFIP-AGWS-TS-00242927,Wind generation,"Wind Offshore",2018-12-03,14,3210.354
NGET-EMFIP-AGWS-TS-00242926,Solar generation,"Solar",2018-12-03,14,0
NGET-EMFIP-AGWS-TS-00242925,Wind generation,"Wind Onshore",2018-12-03,13,3939.622
NGET-EMFIP-AGWS-TS-00242924,Wind generation,"Wind Offshore",2018-12-03,13,3236.355
NGET-EMFIP-AGWS-TS-00242923,Solar generation,"Solar",2018-12-03,13,0
NGET-EMFIP-AGWS-TS-00242922,Wind generation,"Wind Onshore",2018-12-03,12,4208.315
NGET-EMFIP-AGWS-TS-00242921,Wind generation,"Wind Offshore",2018-12-03,12,3219.428
NGET-EMFIP-AGWS-TS-00242920,Solar generation,"Solar",2018-12-03,12,0
NGET-EMFIP-AGWS-TS-00242919,Wind generation,"Wind Onshore",2018-12-03,11,4621.559
NGET-EMFIP-AGWS-TS-00242918,Wind generation,"Wind Offshore",2018-12-03,11,3441.63
NGET-EMFIP-AGWS-TS-00242917,Solar generation,"Solar",2018-12-03,11,0
NGET-EMFIP-AGWS-TS-00242916,Wind generation,"Wind Onshore",2018-12-03,10,4821.871
NGET-EMFIP-AGWS-TS-00242915,Wind generation,"Wind Offshore",2018-12-03,10,3517.506
NGET-EMFIP-AGWS-TS-00242914,Solar generation,"Solar",2018-12-03,10,0
NGET-EMFIP-AGWS-TS-00242913,Wind generation,"Wind Onshore",2018-12-03,9,4940.565
NGET-EMFIP-AGWS-TS-00242912,Wind generation,"Wind Offshore",2018-12-03,9,3923.323
NGET-EMFIP-AGWS-TS-00242911,Solar generation,"Solar",2018-12-03,9,0
NGET-EMFIP-AGWS-TS-00242910,Wind generation,"Wind Onshore",2018-12-03,8,5383.664
NGET-EMFIP-AGWS-TS-00242909,Wind generation,"Wind Offshore",2018-12-03,8,4113.021
NGET-EMFIP-AGWS-TS-00242908,Solar generation,"Solar",2018-12-03,8,0
NGET-EMFIP-AGWS-TS-00242907,Wind generation,"Wind Onshore",2018-12-03,7,5734.584
NGET-EMFIP-AGWS-TS-00242906,Wind generation,"Wind Offshore",2018-12-03,7,4099.623
NGET-EMFIP-AGWS-TS-00242905,Solar generation,"Solar",2018-12-03,7,0
NGET-EMFIP-AGWS-TS-00242904,Wind generation,"Wind Onshore",2018-12-03,6,5847.749
NGET-EMFIP-AGWS-TS-00242903,Wind generation,"Wind Offshore",2018-12-03,6,3926.7
NGET-EMFIP-AGWS-TS-00242902,Solar generation,"Solar",2018-12-03,6,0
NGET-EMFIP-AGWS-TS-00242901,Wind generation,"Wind Onshore",2018-12-03,5,5598.018
NGET-EMFIP-AGWS-TS-00242900,Wind generation,"Wind Offshore",2018-12-03,5,4031.564
NGET-EMFIP-AGWS-TS-00242899,Solar generation,"Solar",2018-12-03,5,0
NGET-EMFIP-AGWS-TS-00242896,Wind generation,"Wind Onshore",2018-12-03,4,5090.633
NGET-EMFIP-AGWS-TS-00242895,Wind generation,"Wind Offshore",2018-12-03,4,4298.942
NGET-EMFIP-AGWS-TS-00242894,Solar generation,"Solar",2018-12-03,4,0
NGET-EMFIP-AGWS-TS-00242893,Wind generation,"Wind Onshore",2018-12-03,3,4827.901
NGET-EMFIP-AGWS-TS-00242892,Wind generation,"Wind Offshore",2018-12-03,3,4228.727
NGET-EMFIP-AGWS-TS-00242891,Solar generation,"Solar",2018-12-03,3,0
NGET-EMFIP-AGWS-TS-00242890,Wind generation,"Wind Onshore",2018-12-03,2,4429.235
NGET-EMFIP-AGWS-TS-00242889,Wind generation,"Wind Offshore",2018-12-03,2,4211.686
NGET-EMFIP-AGWS-TS-00242888,Solar generation,"Solar",2018-12-03,2,0
NGET-EMFIP-AGWS-TS-00242887,Wind generation,"Wind Onshore",2018-12-03,1,4380.246
NGET-EMFIP-AGWS-TS-00242886,Wind generation,"Wind Offshore",2018-12-03,1,4228.901
NGET-EMFIP-AGWS-TS-00242885,Solar generation,"Solar",2018-12-03,1,0