Actual Or Estimated Wind And Solar Power Generation (B1630)
Time Series ID,Business Type,PSR Type,Settlement  Date,Settlement Period,Quantity (MW)
NGET-EMFIP-AGWS-TS-00245479,Wind generation,"Wind Onshore",2018-12-18,48,3388.569
NGET-EMFIP-AGWS-TS-00245478,Wind generation,"Wind Offshore",2018-12-18,48,3225.925
NGET-EMFIP-AGWS-TS-00245477,Solar generation,"Solar",2018-12-18,48,0
NGET-EMFIP-AGWS-TS-00245476,Wind generation,"Wind Onshore",2018-12-18,47,3498.331
NGET-EMFIP-AGWS-TS-00245475,Wind generation,"Wind Offshore",2018-12-18,47,3228.994
NGET-EMFIP-AGWS-TS-00245474,Solar generation,"Solar",2018-12-18,47,0
NGET-EMFIP-AGWS-TS-00245473,Wind generation,"Wind Onshore",2018-12-18,46,3506.772
NGET-EMFIP-AGWS-TS-00245472,Wind generation,"Wind Offshore",2018-12-18,46,3347.85
NGET-EMFIP-AGWS-TS-00245471,Solar generation,"Solar",2018-12-18,46,0
NGET-EMFIP-AGWS-TS-00245470,Wind generation,"Wind Onshore",2018-12-18,45,3551.547
NGET-EMFIP-AGWS-TS-00245469,Wind generation,"Wind Offshore",2018-12-18,45,3495.877
NGET-EMFIP-AGWS-TS-00245468,Solar generation,"Solar",2018-12-18,45,0
NGET-EMFIP-AGWS-TS-00245467,Wind generation,"Wind Onshore",2018-12-18,44,3741.01
NGET-EMFIP-AGWS-TS-00245466,Wind generation,"Wind Offshore",2018-12-18,44,3519.335
NGET-EMFIP-AGWS-TS-00245465,Solar generation,"Solar",2018-12-18,44,0
NGET-EMFIP-AGWS-TS-00245464,Wind generation,"Wind Onshore",2018-12-18,43,3858.002
NGET-EMFIP-AGWS-TS-00245463,Wind generation,"Wind Offshore",2018-12-18,43,3496.944
NGET-EMFIP-AGWS-TS-00245462,Solar generation,"Solar",2018-12-18,43,0
NGET-EMFIP-AGWS-TS-00245461,Wind generation,"Wind Onshore",2018-12-18,42,4111.481
NGET-EMFIP-AGWS-TS-00245460,Wind generation,"Wind Offshore",2018-12-18,42,3503.983
NGET-EMFIP-AGWS-TS-00245459,Solar generation,"Solar",2018-12-18,42,0
NGET-EMFIP-AGWS-TS-00245458,Wind generation,"Wind Onshore",2018-12-18,41,4234.156
NGET-EMFIP-AGWS-TS-00245457,Wind generation,"Wind Offshore",2018-12-18,41,3612.874
NGET-EMFIP-AGWS-TS-00245456,Solar generation,"Solar",2018-12-18,41,0
NGET-EMFIP-AGWS-TS-00245455,Wind generation,"Wind Onshore",2018-12-18,40,4451.269
NGET-EMFIP-AGWS-TS-00245454,Wind generation,"Wind Offshore",2018-12-18,40,3619.912
NGET-EMFIP-AGWS-TS-00245453,Solar generation,"Solar",2018-12-18,40,0
NGET-EMFIP-AGWS-TS-00245452,Wind generation,"Wind Onshore",2018-12-18,39,4380.926
NGET-EMFIP-AGWS-TS-00245451,Wind generation,"Wind Offshore",2018-12-18,39,3622.725
NGET-EMFIP-AGWS-TS-00245450,Solar generation,"Solar",2018-12-18,39,0
NGET-EMFIP-AGWS-TS-00245449,Wind generation,"Wind Onshore",2018-12-18,38,4658.06
NGET-EMFIP-AGWS-TS-00245448,Wind generation,"Wind Offshore",2018-12-18,38,3567.977
NGET-EMFIP-AGWS-TS-00245447,Solar generation,"Solar",2018-12-18,38,0
NGET-EMFIP-AGWS-TS-00245446,Wind generation,"Wind Onshore",2018-12-18,37,4783.328
NGET-EMFIP-AGWS-TS-00245445,Wind generation,"Wind Offshore",2018-12-18,37,3604.387
NGET-EMFIP-AGWS-TS-00245444,Solar generation,"Solar",2018-12-18,37,0
NGET-EMFIP-AGWS-TS-00245443,Wind generation,"Wind Onshore",2018-12-18,36,4945.083
NGET-EMFIP-AGWS-TS-00245442,Wind generation,"Wind Offshore",2018-12-18,36,3517.047
NGET-EMFIP-AGWS-TS-00245441,Solar generation,"Solar",2018-12-18,36,0
NGET-EMFIP-AGWS-TS-00245440,Wind generation,"Wind Onshore",2018-12-18,35,5065.262
NGET-EMFIP-AGWS-TS-00245439,Wind generation,"Wind Offshore",2018-12-18,35,3412.186
NGET-EMFIP-AGWS-TS-00245438,Solar generation,"Solar",2018-12-18,35,0
NGET-EMFIP-AGWS-TS-00245437,Wind generation,"Wind Onshore",2018-12-18,34,4935.119
NGET-EMFIP-AGWS-TS-00245436,Wind generation,"Wind Offshore",2018-12-18,34,3314.186
NGET-EMFIP-AGWS-TS-00245435,Solar generation,"Solar",2018-12-18,34,0
NGET-EMFIP-AGWS-TS-00245434,Wind generation,"Wind Onshore",2018-12-18,33,5145.26
NGET-EMFIP-AGWS-TS-00245433,Wind generation,"Wind Offshore",2018-12-18,33,3242.521
NGET-EMFIP-AGWS-TS-00245432,Solar generation,"Solar",2018-12-18,33,0
NGET-EMFIP-AGWS-TS-00245431,Wind generation,"Wind Onshore",2018-12-18,32,5461.335
NGET-EMFIP-AGWS-TS-00245430,Wind generation,"Wind Offshore",2018-12-18,32,3375.321
NGET-EMFIP-AGWS-TS-00245429,Solar generation,"Solar",2018-12-18,32,3
NGET-EMFIP-AGWS-TS-00245428,Wind generation,"Wind Onshore",2018-12-18,31,5429.028
NGET-EMFIP-AGWS-TS-00245427,Wind generation,"Wind Offshore",2018-12-18,31,3448.601
NGET-EMFIP-AGWS-TS-00245426,Solar generation,"Solar",2018-12-18,31,9
NGET-EMFIP-AGWS-TS-00245425,Wind generation,"Wind Onshore",2018-12-18,30,5977.604
NGET-EMFIP-AGWS-TS-00245424,Wind generation,"Wind Offshore",2018-12-18,30,3449.08
NGET-EMFIP-AGWS-TS-00245423,Solar generation,"Solar",2018-12-18,30,51
NGET-EMFIP-AGWS-TS-00245422,Wind generation,"Wind Onshore",2018-12-18,29,6332.423
NGET-EMFIP-AGWS-TS-00245421,Wind generation,"Wind Offshore",2018-12-18,29,3398.038
NGET-EMFIP-AGWS-TS-00245420,Solar generation,"Solar",2018-12-18,29,136
NGET-EMFIP-AGWS-TS-00245419,Wind generation,"Wind Onshore",2018-12-18,28,6917.43
NGET-EMFIP-AGWS-TS-00245418,Wind generation,"Wind Offshore",2018-12-18,28,3503.39
NGET-EMFIP-AGWS-TS-00245417,Solar generation,"Solar",2018-12-18,28,229
NGET-EMFIP-AGWS-TS-00245416,Wind generation,"Wind Onshore",2018-12-18,27,7273.246
NGET-EMFIP-AGWS-TS-00245415,Wind generation,"Wind Offshore",2018-12-18,27,3959.004
NGET-EMFIP-AGWS-TS-00245414,Solar generation,"Solar",2018-12-18,27,283
NGET-EMFIP-AGWS-TS-00245413,Wind generation,"Wind Onshore",2018-12-18,26,7519.532
NGET-EMFIP-AGWS-TS-00245412,Wind generation,"Wind Offshore",2018-12-18,26,4118.243
NGET-EMFIP-AGWS-TS-00245411,Solar generation,"Solar",2018-12-18,26,329
NGET-EMFIP-AGWS-TS-00245410,Wind generation,"Wind Onshore",2018-12-18,25,8009.863
NGET-EMFIP-AGWS-TS-00245409,Wind generation,"Wind Offshore",2018-12-18,25,4124.618
NGET-EMFIP-AGWS-TS-00245408,Solar generation,"Solar",2018-12-18,25,373
NGET-EMFIP-AGWS-TS-00245407,Wind generation,"Wind Onshore",2018-12-18,24,2758.788
NGET-EMFIP-AGWS-TS-00245406,Wind generation,"Wind Offshore",2018-12-18,24,196.417
NGET-EMFIP-AGWS-TS-00245405,Solar generation,"Solar",2018-12-18,24,380
NGET-EMFIP-AGWS-TS-00245404,Wind generation,"Wind Onshore",2018-12-18,23,7973.853
NGET-EMFIP-AGWS-TS-00245403,Wind generation,"Wind Offshore",2018-12-18,23,3986.985
NGET-EMFIP-AGWS-TS-00245402,Solar generation,"Solar",2018-12-18,23,350
NGET-EMFIP-AGWS-TS-00245401,Wind generation,"Wind Onshore",2018-12-18,22,7979.437
NGET-EMFIP-AGWS-TS-00245400,Wind generation,"Wind Offshore",2018-12-18,22,3973.301
NGET-EMFIP-AGWS-TS-00245399,Solar generation,"Solar",2018-12-18,22,326
NGET-EMFIP-AGWS-TS-00245398,Wind generation,"Wind Onshore",2018-12-18,21,7878.345
NGET-EMFIP-AGWS-TS-00245397,Wind generation,"Wind Offshore",2018-12-18,21,3974.197
NGET-EMFIP-AGWS-TS-00245396,Solar generation,"Solar",2018-12-18,21,260
NGET-EMFIP-AGWS-TS-00245395,Wind generation,"Wind Onshore",2018-12-18,20,7620.524
NGET-EMFIP-AGWS-TS-00245394,Wind generation,"Wind Offshore",2018-12-18,20,3969.976
NGET-EMFIP-AGWS-TS-00245393,Solar generation,"Solar",2018-12-18,20,137
NGET-EMFIP-AGWS-TS-00245392,Wind generation,"Wind Onshore",2018-12-18,19,7327.837
NGET-EMFIP-AGWS-TS-00245391,Wind generation,"Wind Offshore",2018-12-18,19,4017.423
NGET-EMFIP-AGWS-TS-00245390,Solar generation,"Solar",2018-12-18,19,38
NGET-EMFIP-AGWS-TS-00245389,Wind generation,"Wind Onshore",2018-12-18,18,7410.943
NGET-EMFIP-AGWS-TS-00245388,Wind generation,"Wind Offshore",2018-12-18,18,4097.615
NGET-EMFIP-AGWS-TS-00245387,Solar generation,"Solar",2018-12-18,18,15
NGET-EMFIP-AGWS-TS-00245386,Wind generation,"Wind Onshore",2018-12-18,17,7238.931
NGET-EMFIP-AGWS-TS-00245385,Wind generation,"Wind Offshore",2018-12-18,17,4143.99
NGET-EMFIP-AGWS-TS-00245384,Solar generation,"Solar",2018-12-18,17,0
NGET-EMFIP-AGWS-TS-00245383,Wind generation,"Wind Onshore",2018-12-18,16,7448.374
NGET-EMFIP-AGWS-TS-00245382,Wind generation,"Wind Offshore",2018-12-18,16,4133.07
NGET-EMFIP-AGWS-TS-00245381,Solar generation,"Solar",2018-12-18,16,0
NGET-EMFIP-AGWS-TS-00245380,Wind generation,"Wind Onshore",2018-12-18,15,6542.225
NGET-EMFIP-AGWS-TS-00245379,Wind generation,"Wind Offshore",2018-12-18,15,4135.012
NGET-EMFIP-AGWS-TS-00245378,Solar generation,"Solar",2018-12-18,15,0
NGET-EMFIP-AGWS-TS-00245377,Wind generation,"Wind Onshore",2018-12-18,14,6260.079
NGET-EMFIP-AGWS-TS-00245376,Wind generation,"Wind Offshore",2018-12-18,14,4107.354
NGET-EMFIP-AGWS-TS-00245375,Solar generation,"Solar",2018-12-18,14,0
NGET-EMFIP-AGWS-TS-00245374,Wind generation,"Wind Onshore",2018-12-18,13,6014.343
NGET-EMFIP-AGWS-TS-00245373,Wind generation,"Wind Offshore",2018-12-18,13,3905.648
NGET-EMFIP-AGWS-TS-00245372,Solar generation,"Solar",2018-12-18,13,0
NGET-EMFIP-AGWS-TS-00245371,Wind generation,"Wind Onshore",2018-12-18,12,5981.22
NGET-EMFIP-AGWS-TS-00245370,Wind generation,"Wind Offshore",2018-12-18,12,3464.573
NGET-EMFIP-AGWS-TS-00245369,Solar generation,"Solar",2018-12-18,12,0
NGET-EMFIP-AGWS-TS-00245368,Wind generation,"Wind Onshore",2018-12-18,11,6242.881
NGET-EMFIP-AGWS-TS-00245367,Wind generation,"Wind Offshore",2018-12-18,11,4034.613
NGET-EMFIP-AGWS-TS-00245366,Solar generation,"Solar",2018-12-18,11,0
NGET-EMFIP-AGWS-TS-00245365,Wind generation,"Wind Onshore",2018-12-18,10,6127.677
NGET-EMFIP-AGWS-TS-00245364,Wind generation,"Wind Offshore",2018-12-18,10,4006.593
NGET-EMFIP-AGWS-TS-00245363,Solar generation,"Solar",2018-12-18,10,0
NGET-EMFIP-AGWS-TS-00245362,Wind generation,"Wind Onshore",2018-12-18,9,6174.649
NGET-EMFIP-AGWS-TS-00245361,Wind generation,"Wind Offshore",2018-12-18,9,3929.292
NGET-EMFIP-AGWS-TS-00245360,Solar generation,"Solar",2018-12-18,9,0
NGET-EMFIP-AGWS-TS-00245359,Wind generation,"Wind Onshore",2018-12-18,8,6171.509
NGET-EMFIP-AGWS-TS-00245358,Wind generation,"Wind Offshore",2018-12-18,8,3781.922
NGET-EMFIP-AGWS-TS-00245357,Solar generation,"Solar",2018-12-18,8,0
NGET-EMFIP-AGWS-TS-00245356,Wind generation,"Wind Onshore",2018-12-18,7,6141.779
NGET-EMFIP-AGWS-TS-00245355,Wind generation,"Wind Offshore",2018-12-18,7,3926.757
NGET-EMFIP-AGWS-TS-00245354,Solar generation,"Solar",2018-12-18,7,0
NGET-EMFIP-AGWS-TS-00245353,Wind generation,"Wind Onshore",2018-12-18,6,5941.455
NGET-EMFIP-AGWS-TS-00245352,Wind generation,"Wind Offshore",2018-12-18,6,3982.567
NGET-EMFIP-AGWS-TS-00245351,Solar generation,"Solar",2018-12-18,6,0
NGET-EMFIP-AGWS-TS-00245350,Wind generation,"Wind Onshore",2018-12-18,5,5846.534
NGET-EMFIP-AGWS-TS-00245349,Wind generation,"Wind Offshore",2018-12-18,5,3911.005
NGET-EMFIP-AGWS-TS-00245348,Solar generation,"Solar",2018-12-18,5,0
NGET-EMFIP-AGWS-TS-00245347,Wind generation,"Wind Onshore",2018-12-18,4,5986.953
NGET-EMFIP-AGWS-TS-00245346,Wind generation,"Wind Offshore",2018-12-18,4,3958.207
NGET-EMFIP-AGWS-TS-00245345,Solar generation,"Solar",2018-12-18,4,0
NGET-EMFIP-AGWS-TS-00245344,Wind generation,"Wind Onshore",2018-12-18,3,6053.305
NGET-EMFIP-AGWS-TS-00245343,Wind generation,"Wind Offshore",2018-12-18,3,3877.786
NGET-EMFIP-AGWS-TS-00245342,Solar generation,"Solar",2018-12-18,3,0
NGET-EMFIP-AGWS-TS-00245341,Wind generation,"Wind Onshore",2018-12-18,2,6043.159
NGET-EMFIP-AGWS-TS-00245340,Wind generation,"Wind Offshore",2018-12-18,2,3876.153
NGET-EMFIP-AGWS-TS-00245339,Solar generation,"Solar",2018-12-18,2,0
NGET-EMFIP-AGWS-TS-00245338,Wind generation,"Wind Onshore",2018-12-18,1,6103.667
NGET-EMFIP-AGWS-TS-00245337,Wind generation,"Wind Offshore",2018-12-18,1,3870.122
NGET-EMFIP-AGWS-TS-00245336,Solar generation,"Solar",2018-12-18,1,0