Actual Or Estimated Wind And Solar Power Generation (B1630)
Time Series ID,Business Type,PSR Type,Settlement  Date,Settlement Period,Quantity (MW)
NGET-EMFIP-AGWS-TS-00223566,Wind generation,"Wind Onshore",2018-08-08,48,1465.258
NGET-EMFIP-AGWS-TS-00223565,Wind generation,"Wind Offshore",2018-08-08,48,628.263
NGET-EMFIP-AGWS-TS-00223564,Solar generation,"Solar",2018-08-08,48,0
NGET-EMFIP-AGWS-TS-00223563,Wind generation,"Wind Onshore",2018-08-08,47,1487.869
NGET-EMFIP-AGWS-TS-00223562,Wind generation,"Wind Offshore",2018-08-08,47,650.75
NGET-EMFIP-AGWS-TS-00223561,Solar generation,"Solar",2018-08-08,47,0
NGET-EMFIP-AGWS-TS-00223560,Wind generation,"Wind Onshore",2018-08-08,46,1567.929
NGET-EMFIP-AGWS-TS-00223559,Wind generation,"Wind Offshore",2018-08-08,46,736.795
NGET-EMFIP-AGWS-TS-00223558,Solar generation,"Solar",2018-08-08,46,0
NGET-EMFIP-AGWS-TS-00223557,Wind generation,"Wind Onshore",2018-08-08,45,1673.939
NGET-EMFIP-AGWS-TS-00223556,Wind generation,"Wind Offshore",2018-08-08,45,848.036
NGET-EMFIP-AGWS-TS-00223555,Solar generation,"Solar",2018-08-08,45,4
NGET-EMFIP-AGWS-TS-00223554,Wind generation,"Wind Onshore",2018-08-08,44,1697.076
NGET-EMFIP-AGWS-TS-00223553,Wind generation,"Wind Offshore",2018-08-08,44,993.632
NGET-EMFIP-AGWS-TS-00223552,Solar generation,"Solar",2018-08-08,44,4
NGET-EMFIP-AGWS-TS-00223551,Wind generation,"Wind Onshore",2018-08-08,43,1786.998
NGET-EMFIP-AGWS-TS-00223550,Wind generation,"Wind Offshore",2018-08-08,43,1060.526
NGET-EMFIP-AGWS-TS-00223549,Solar generation,"Solar",2018-08-08,43,148
NGET-EMFIP-AGWS-TS-00223548,Wind generation,"Wind Onshore",2018-08-08,42,1894.082
NGET-EMFIP-AGWS-TS-00223547,Wind generation,"Wind Offshore",2018-08-08,42,1198.307
NGET-EMFIP-AGWS-TS-00223546,Solar generation,"Solar",2018-08-08,42,15
NGET-EMFIP-AGWS-TS-00223545,Wind generation,"Wind Onshore",2018-08-08,41,2003.462
NGET-EMFIP-AGWS-TS-00223544,Wind generation,"Wind Offshore",2018-08-08,41,1211.433
NGET-EMFIP-AGWS-TS-00223543,Solar generation,"Solar",2018-08-08,41,142
NGET-EMFIP-AGWS-TS-00223542,Wind generation,"Wind Onshore",2018-08-08,40,2313.18
NGET-EMFIP-AGWS-TS-00223541,Wind generation,"Wind Offshore",2018-08-08,40,1346.501
NGET-EMFIP-AGWS-TS-00223540,Solar generation,"Solar",2018-08-08,40,448
NGET-EMFIP-AGWS-TS-00223539,Wind generation,"Wind Onshore",2018-08-08,39,2479.231
NGET-EMFIP-AGWS-TS-00223538,Wind generation,"Wind Offshore",2018-08-08,39,1368.369
NGET-EMFIP-AGWS-TS-00223537,Solar generation,"Solar",2018-08-08,39,833
NGET-EMFIP-AGWS-TS-00223533,Wind generation,"Wind Onshore",2018-08-08,37,2685.124
NGET-EMFIP-AGWS-TS-00223532,Wind generation,"Wind Offshore",2018-08-08,37,1650.197
NGET-EMFIP-AGWS-TS-00223531,Solar generation,"Solar",2018-08-08,37,2030
NGET-EMFIP-AGWS-TS-00223530,Wind generation,"Wind Onshore",2018-08-08,36,2741.453
NGET-EMFIP-AGWS-TS-00223529,Wind generation,"Wind Offshore",2018-08-08,36,1548.622
NGET-EMFIP-AGWS-TS-00223528,Solar generation,"Solar",2018-08-08,36,2670
NGET-EMFIP-AGWS-TS-00223527,Wind generation,"Wind Onshore",2018-08-08,35,2796.766
NGET-EMFIP-AGWS-TS-00223526,Wind generation,"Wind Offshore",2018-08-08,35,1469.184
NGET-EMFIP-AGWS-TS-00223525,Solar generation,"Solar",2018-08-08,35,3210
NGET-EMFIP-AGWS-TS-00223524,Wind generation,"Wind Onshore",2018-08-08,34,2648.955
NGET-EMFIP-AGWS-TS-00223523,Wind generation,"Wind Offshore",2018-08-08,34,1366.319
NGET-EMFIP-AGWS-TS-00223522,Solar generation,"Solar",2018-08-08,34,3640
NGET-EMFIP-AGWS-TS-00223521,Wind generation,"Wind Onshore",2018-08-08,33,2690.376
NGET-EMFIP-AGWS-TS-00223520,Wind generation,"Wind Offshore",2018-08-08,33,1440.339
NGET-EMFIP-AGWS-TS-00223519,Solar generation,"Solar",2018-08-08,33,4160
NGET-EMFIP-AGWS-TS-00223499,Wind generation,"Wind Onshore",2018-08-08,32,2714.447
NGET-EMFIP-AGWS-TS-00223498,Wind generation,"Wind Offshore",2018-08-08,32,1632.023
NGET-EMFIP-AGWS-TS-00223497,Solar generation,"Solar",2018-08-08,32,4550
NGET-EMFIP-AGWS-TS-00223496,Wind generation,"Wind Onshore",2018-08-08,31,1261.769
NGET-EMFIP-AGWS-TS-00223495,Wind generation,"Wind Offshore",2018-08-08,31,83.988
NGET-EMFIP-AGWS-TS-00223494,Solar generation,"Solar",2018-08-08,31,4770
NGET-EMFIP-AGWS-TS-00223493,Wind generation,"Wind Onshore",2018-08-08,30,2537.812
NGET-EMFIP-AGWS-TS-00223492,Wind generation,"Wind Offshore",2018-08-08,30,1303.684
NGET-EMFIP-AGWS-TS-00223491,Solar generation,"Solar",2018-08-08,30,5000
NGET-EMFIP-AGWS-TS-00223490,Wind generation,"Wind Onshore",2018-08-08,29,2585.765
NGET-EMFIP-AGWS-TS-00223489,Wind generation,"Wind Offshore",2018-08-08,29,1207.787
NGET-EMFIP-AGWS-TS-00223488,Solar generation,"Solar",2018-08-08,29,4968
NGET-EMFIP-AGWS-TS-00223487,Wind generation,"Wind Onshore",2018-08-08,28,2463.682
NGET-EMFIP-AGWS-TS-00223486,Wind generation,"Wind Offshore",2018-08-08,28,1173.115
NGET-EMFIP-AGWS-TS-00223485,Solar generation,"Solar",2018-08-08,28,5030
NGET-EMFIP-AGWS-TS-00223484,Wind generation,"Wind Onshore",2018-08-08,27,2394.137
NGET-EMFIP-AGWS-TS-00223483,Wind generation,"Wind Offshore",2018-08-08,27,1270.061
NGET-EMFIP-AGWS-TS-00223482,Solar generation,"Solar",2018-08-08,27,5130
NGET-EMFIP-AGWS-TS-00223481,Wind generation,"Wind Onshore",2018-08-08,26,2208.551
NGET-EMFIP-AGWS-TS-00223480,Wind generation,"Wind Offshore",2018-08-08,26,1154.042
NGET-EMFIP-AGWS-TS-00223479,Solar generation,"Solar",2018-08-08,26,4880
NGET-EMFIP-AGWS-TS-00223463,Wind generation,"Wind Onshore",2018-08-08,25,2156.398
NGET-EMFIP-AGWS-TS-00223462,Wind generation,"Wind Offshore",2018-08-08,25,1179.748
NGET-EMFIP-AGWS-TS-00223461,Solar generation,"Solar",2018-08-08,25,4786
NGET-EMFIP-AGWS-TS-00223460,Wind generation,"Wind Onshore",2018-08-08,24,2135.552
NGET-EMFIP-AGWS-TS-00223459,Wind generation,"Wind Offshore",2018-08-08,24,1154.824
NGET-EMFIP-AGWS-TS-00223458,Solar generation,"Solar",2018-08-08,24,5380
NGET-EMFIP-AGWS-TS-00223457,Wind generation,"Wind Onshore",2018-08-08,23,2096.973
NGET-EMFIP-AGWS-TS-00223456,Wind generation,"Wind Offshore",2018-08-08,23,1202.316
NGET-EMFIP-AGWS-TS-00223455,Solar generation,"Solar",2018-08-08,23,5240
NGET-EMFIP-AGWS-TS-00223454,Wind generation,"Wind Onshore",2018-08-08,22,1738.838
NGET-EMFIP-AGWS-TS-00223453,Wind generation,"Wind Offshore",2018-08-08,22,908.068
NGET-EMFIP-AGWS-TS-00223452,Solar generation,"Solar",2018-08-08,22,4970
NGET-EMFIP-AGWS-TS-00223451,Wind generation,"Wind Onshore",2018-08-08,21,1680.039
NGET-EMFIP-AGWS-TS-00223450,Wind generation,"Wind Offshore",2018-08-08,21,1013.363
NGET-EMFIP-AGWS-TS-00223449,Solar generation,"Solar",2018-08-08,21,4590
NGET-EMFIP-AGWS-TS-00223448,Wind generation,"Wind Onshore",2018-08-08,20,1616.61
NGET-EMFIP-AGWS-TS-00223447,Wind generation,"Wind Offshore",2018-08-08,20,1089.059
NGET-EMFIP-AGWS-TS-00223446,Solar generation,"Solar",2018-08-08,20,4040
NGET-EMFIP-AGWS-TS-00223445,Wind generation,"Wind Onshore",2018-08-08,19,1582.559
NGET-EMFIP-AGWS-TS-00223444,Wind generation,"Wind Offshore",2018-08-08,19,1097.465
NGET-EMFIP-AGWS-TS-00223443,Solar generation,"Solar",2018-08-08,19,3320
NGET-EMFIP-AGWS-TS-00223442,Wind generation,"Wind Onshore",2018-08-08,18,1456.951
NGET-EMFIP-AGWS-TS-00223441,Wind generation,"Wind Offshore",2018-08-08,18,874.599
NGET-EMFIP-AGWS-TS-00223440,Solar generation,"Solar",2018-08-08,18,2708
NGET-EMFIP-AGWS-TS-00223439,Wind generation,"Wind Onshore",2018-08-08,17,1448.385
NGET-EMFIP-AGWS-TS-00223438,Wind generation,"Wind Offshore",2018-08-08,17,769.913
NGET-EMFIP-AGWS-TS-00223437,Solar generation,"Solar",2018-08-08,17,1990
NGET-EMFIP-AGWS-TS-00223436,Wind generation,"Wind Onshore",2018-08-08,16,1500.414
NGET-EMFIP-AGWS-TS-00223435,Wind generation,"Wind Offshore",2018-08-08,16,826.173
NGET-EMFIP-AGWS-TS-00223434,Solar generation,"Solar",2018-08-08,16,1400
NGET-EMFIP-AGWS-TS-00223433,Wind generation,"Wind Onshore",2018-08-08,15,1542.699
NGET-EMFIP-AGWS-TS-00223432,Wind generation,"Wind Offshore",2018-08-08,15,757.201
NGET-EMFIP-AGWS-TS-00223431,Solar generation,"Solar",2018-08-08,15,951
NGET-EMFIP-AGWS-TS-00223430,Wind generation,"Wind Onshore",2018-08-08,14,1569.493
NGET-EMFIP-AGWS-TS-00223429,Wind generation,"Wind Offshore",2018-08-08,14,719.983
NGET-EMFIP-AGWS-TS-00223428,Solar generation,"Solar",2018-08-08,14,553
NGET-EMFIP-AGWS-TS-00223427,Wind generation,"Wind Onshore",2018-08-08,13,1617.85
NGET-EMFIP-AGWS-TS-00223426,Wind generation,"Wind Offshore",2018-08-08,13,738.28
NGET-EMFIP-AGWS-TS-00223425,Solar generation,"Solar",2018-08-08,13,141
NGET-EMFIP-AGWS-TS-00223424,Wind generation,"Wind Onshore",2018-08-08,12,1607.402
NGET-EMFIP-AGWS-TS-00223423,Wind generation,"Wind Offshore",2018-08-08,12,901.035
NGET-EMFIP-AGWS-TS-00223422,Solar generation,"Solar",2018-08-08,12,6
NGET-EMFIP-AGWS-TS-00223421,Wind generation,"Wind Onshore",2018-08-08,11,1589.563
NGET-EMFIP-AGWS-TS-00223420,Wind generation,"Wind Offshore",2018-08-08,11,978.716
NGET-EMFIP-AGWS-TS-00223419,Solar generation,"Solar",2018-08-08,11,0
NGET-EMFIP-AGWS-TS-00223418,Wind generation,"Wind Onshore",2018-08-08,10,1640.784
NGET-EMFIP-AGWS-TS-00223417,Wind generation,"Wind Offshore",2018-08-08,10,1065.16
NGET-EMFIP-AGWS-TS-00223416,Solar generation,"Solar",2018-08-08,10,0
NGET-EMFIP-AGWS-TS-00223415,Wind generation,"Wind Onshore",2018-08-08,9,1627.019
NGET-EMFIP-AGWS-TS-00223414,Wind generation,"Wind Offshore",2018-08-08,9,966.3
NGET-EMFIP-AGWS-TS-00223413,Solar generation,"Solar",2018-08-08,9,0
NGET-EMFIP-AGWS-TS-00223412,Wind generation,"Wind Onshore",2018-08-08,8,1421.052
NGET-EMFIP-AGWS-TS-00223411,Wind generation,"Wind Offshore",2018-08-08,8,935.863
NGET-EMFIP-AGWS-TS-00223410,Solar generation,"Solar",2018-08-08,8,0
NGET-EMFIP-AGWS-TS-00223409,Wind generation,"Wind Onshore",2018-08-08,7,1397.205
NGET-EMFIP-AGWS-TS-00223408,Wind generation,"Wind Offshore",2018-08-08,7,883.377
NGET-EMFIP-AGWS-TS-00223407,Solar generation,"Solar",2018-08-08,7,0
NGET-EMFIP-AGWS-TS-00223406,Wind generation,"Wind Onshore",2018-08-08,6,1386.013
NGET-EMFIP-AGWS-TS-00223405,Wind generation,"Wind Offshore",2018-08-08,6,963.31
NGET-EMFIP-AGWS-TS-00223404,Solar generation,"Solar",2018-08-08,6,0
NGET-EMFIP-AGWS-TS-00223403,Wind generation,"Wind Onshore",2018-08-08,5,1321.587
NGET-EMFIP-AGWS-TS-00223402,Wind generation,"Wind Offshore",2018-08-08,5,856.222
NGET-EMFIP-AGWS-TS-00223401,Solar generation,"Solar",2018-08-08,5,0
NGET-EMFIP-AGWS-TS-00223400,Wind generation,"Wind Onshore",2018-08-08,4,1310.425
NGET-EMFIP-AGWS-TS-00223399,Wind generation,"Wind Offshore",2018-08-08,4,755.914
NGET-EMFIP-AGWS-TS-00223398,Solar generation,"Solar",2018-08-08,4,0
NGET-EMFIP-AGWS-TS-00223397,Wind generation,"Wind Onshore",2018-08-08,3,1403.413
NGET-EMFIP-AGWS-TS-00223396,Wind generation,"Wind Offshore",2018-08-08,3,1004.1
NGET-EMFIP-AGWS-TS-00223395,Solar generation,"Solar",2018-08-08,3,0
NGET-EMFIP-AGWS-TS-00223394,Wind generation,"Wind Onshore",2018-08-08,2,1403.419
NGET-EMFIP-AGWS-TS-00223393,Wind generation,"Wind Offshore",2018-08-08,2,951.712
NGET-EMFIP-AGWS-TS-00223392,Solar generation,"Solar",2018-08-08,2,0
NGET-EMFIP-AGWS-TS-00223391,Wind generation,"Wind Onshore",2018-08-08,1,1422.289
NGET-EMFIP-AGWS-TS-00223390,Wind generation,"Wind Offshore",2018-08-08,1,806.505
NGET-EMFIP-AGWS-TS-00223389,Solar generation,"Solar",2018-08-08,1,0