Actual Or Estimated Wind And Solar Power Generation (B1630)
Time Series ID,Business Type,PSR Type,Settlement  Date,Settlement Period,Quantity (MW)
NGET-EMFIP-AGWS-TS-00198508,Wind generation,"Wind Onshore",2018-03-09,48,2334.622
NGET-EMFIP-AGWS-TS-00198507,Wind generation,"Wind Offshore",2018-03-09,48,2682.604
NGET-EMFIP-AGWS-TS-00198506,Solar generation,"Solar",2018-03-09,48,0
NGET-EMFIP-AGWS-TS-00198505,Wind generation,"Wind Onshore",2018-03-09,47,2288.277
NGET-EMFIP-AGWS-TS-00198504,Wind generation,"Wind Offshore",2018-03-09,47,2653.592
NGET-EMFIP-AGWS-TS-00198503,Solar generation,"Solar",2018-03-09,47,0
NGET-EMFIP-AGWS-TS-00198502,Wind generation,"Wind Onshore",2018-03-09,46,2155.997
NGET-EMFIP-AGWS-TS-00198501,Wind generation,"Wind Offshore",2018-03-09,46,2644.033
NGET-EMFIP-AGWS-TS-00198500,Solar generation,"Solar",2018-03-09,46,0
NGET-EMFIP-AGWS-TS-00198499,Wind generation,"Wind Onshore",2018-03-09,45,2067.991
NGET-EMFIP-AGWS-TS-00198498,Wind generation,"Wind Offshore",2018-03-09,45,2527.96
NGET-EMFIP-AGWS-TS-00198497,Solar generation,"Solar",2018-03-09,45,0
NGET-EMFIP-AGWS-TS-00198496,Wind generation,"Wind Onshore",2018-03-09,44,1973.453
NGET-EMFIP-AGWS-TS-00198495,Wind generation,"Wind Offshore",2018-03-09,44,2462.666
NGET-EMFIP-AGWS-TS-00198494,Solar generation,"Solar",2018-03-09,44,0
NGET-EMFIP-AGWS-TS-00198493,Wind generation,"Wind Onshore",2018-03-09,43,1927.963
NGET-EMFIP-AGWS-TS-00198492,Wind generation,"Wind Offshore",2018-03-09,43,2105.62
NGET-EMFIP-AGWS-TS-00198491,Solar generation,"Solar",2018-03-09,43,0
NGET-EMFIP-AGWS-TS-00198490,Wind generation,"Wind Onshore",2018-03-09,42,1798.315
NGET-EMFIP-AGWS-TS-00198489,Wind generation,"Wind Offshore",2018-03-09,42,1629.372
NGET-EMFIP-AGWS-TS-00198488,Solar generation,"Solar",2018-03-09,42,0
NGET-EMFIP-AGWS-TS-00198487,Wind generation,"Wind Onshore",2018-03-09,41,1842.981
NGET-EMFIP-AGWS-TS-00198486,Wind generation,"Wind Offshore",2018-03-09,41,1408.592
NGET-EMFIP-AGWS-TS-00198485,Solar generation,"Solar",2018-03-09,41,0
NGET-EMFIP-AGWS-TS-00198484,Wind generation,"Wind Onshore",2018-03-09,40,1733.157
NGET-EMFIP-AGWS-TS-00198483,Wind generation,"Wind Offshore",2018-03-09,40,1203.185
NGET-EMFIP-AGWS-TS-00198482,Solar generation,"Solar",2018-03-09,40,1
NGET-EMFIP-AGWS-TS-00198481,Wind generation,"Wind Onshore",2018-03-09,39,1640.511
NGET-EMFIP-AGWS-TS-00198480,Wind generation,"Wind Offshore",2018-03-09,39,1096.764
NGET-EMFIP-AGWS-TS-00198479,Solar generation,"Solar",2018-03-09,39,0
NGET-EMFIP-AGWS-TS-00198478,Wind generation,"Wind Onshore",2018-03-09,38,1554.709
NGET-EMFIP-AGWS-TS-00198477,Wind generation,"Wind Offshore",2018-03-09,38,1053.564
NGET-EMFIP-AGWS-TS-00198476,Solar generation,"Solar",2018-03-09,38,0
NGET-EMFIP-AGWS-TS-00198475,Wind generation,"Wind Onshore",2018-03-09,37,1502.851
NGET-EMFIP-AGWS-TS-00198474,Wind generation,"Wind Offshore",2018-03-09,37,976.186
NGET-EMFIP-AGWS-TS-00198473,Solar generation,"Solar",2018-03-09,37,6
NGET-EMFIP-AGWS-TS-00198472,Wind generation,"Wind Onshore",2018-03-09,36,1484.862
NGET-EMFIP-AGWS-TS-00198471,Wind generation,"Wind Offshore",2018-03-09,36,960.639
NGET-EMFIP-AGWS-TS-00198470,Solar generation,"Solar",2018-03-09,36,7
NGET-EMFIP-AGWS-TS-00198469,Wind generation,"Wind Onshore",2018-03-09,35,1476.527
NGET-EMFIP-AGWS-TS-00198468,Wind generation,"Wind Offshore",2018-03-09,35,880.798
NGET-EMFIP-AGWS-TS-00198467,Solar generation,"Solar",2018-03-09,35,72
NGET-EMFIP-AGWS-TS-00198466,Wind generation,"Wind Onshore",2018-03-09,34,1457.747
NGET-EMFIP-AGWS-TS-00198465,Wind generation,"Wind Offshore",2018-03-09,34,725.998
NGET-EMFIP-AGWS-TS-00198464,Solar generation,"Solar",2018-03-09,34,223
NGET-EMFIP-AGWS-TS-00198463,Wind generation,"Wind Onshore",2018-03-09,33,1548.402
NGET-EMFIP-AGWS-TS-00198462,Wind generation,"Wind Offshore",2018-03-09,33,547.152
NGET-EMFIP-AGWS-TS-00198461,Solar generation,"Solar",2018-03-09,33,423
NGET-EMFIP-AGWS-TS-00198460,Wind generation,"Wind Onshore",2018-03-09,32,1665.32
NGET-EMFIP-AGWS-TS-00198459,Wind generation,"Wind Offshore",2018-03-09,32,461.273
NGET-EMFIP-AGWS-TS-00198458,Solar generation,"Solar",2018-03-09,32,663
NGET-EMFIP-AGWS-TS-00198457,Wind generation,"Wind Onshore",2018-03-09,31,1765.771
NGET-EMFIP-AGWS-TS-00198456,Wind generation,"Wind Offshore",2018-03-09,31,507.017
NGET-EMFIP-AGWS-TS-00198455,Solar generation,"Solar",2018-03-09,31,891
NGET-EMFIP-AGWS-TS-00198454,Wind generation,"Wind Onshore",2018-03-09,30,1894.306
NGET-EMFIP-AGWS-TS-00198453,Wind generation,"Wind Offshore",2018-03-09,30,440.126
NGET-EMFIP-AGWS-TS-00198452,Solar generation,"Solar",2018-03-09,30,1210
NGET-EMFIP-AGWS-TS-00198451,Wind generation,"Wind Onshore",2018-03-09,29,1897.063
NGET-EMFIP-AGWS-TS-00198450,Wind generation,"Wind Offshore",2018-03-09,29,414.831
NGET-EMFIP-AGWS-TS-00198449,Solar generation,"Solar",2018-03-09,29,1590
NGET-EMFIP-AGWS-TS-00198448,Wind generation,"Wind Onshore",2018-03-09,28,1900.853
NGET-EMFIP-AGWS-TS-00198447,Wind generation,"Wind Offshore",2018-03-09,28,339.625
NGET-EMFIP-AGWS-TS-00198446,Solar generation,"Solar",2018-03-09,28,1970
NGET-EMFIP-AGWS-TS-00198445,Wind generation,"Wind Onshore",2018-03-09,27,1883.343
NGET-EMFIP-AGWS-TS-00198444,Wind generation,"Wind Offshore",2018-03-09,27,279.512
NGET-EMFIP-AGWS-TS-00198443,Solar generation,"Solar",2018-03-09,27,2639
NGET-EMFIP-AGWS-TS-00198442,Wind generation,"Wind Onshore",2018-03-09,26,1977.259
NGET-EMFIP-AGWS-TS-00198441,Wind generation,"Wind Offshore",2018-03-09,26,190.447
NGET-EMFIP-AGWS-TS-00198440,Solar generation,"Solar",2018-03-09,26,2650
NGET-EMFIP-AGWS-TS-00198439,Wind generation,"Wind Onshore",2018-03-09,25,2059.59
NGET-EMFIP-AGWS-TS-00198438,Wind generation,"Wind Offshore",2018-03-09,25,138.595
NGET-EMFIP-AGWS-TS-00198437,Solar generation,"Solar",2018-03-09,25,2880
NGET-EMFIP-AGWS-TS-00198436,Wind generation,"Wind Onshore",2018-03-09,24,2050.019
NGET-EMFIP-AGWS-TS-00198435,Wind generation,"Wind Offshore",2018-03-09,24,123.481
NGET-EMFIP-AGWS-TS-00198434,Solar generation,"Solar",2018-03-09,24,3020
NGET-EMFIP-AGWS-TS-00198433,Wind generation,"Wind Onshore",2018-03-09,23,2063.63
NGET-EMFIP-AGWS-TS-00198432,Wind generation,"Wind Offshore",2018-03-09,23,111.209
NGET-EMFIP-AGWS-TS-00198431,Solar generation,"Solar",2018-03-09,23,3170
NGET-EMFIP-AGWS-TS-00198430,Wind generation,"Wind Onshore",2018-03-09,22,1912.318
NGET-EMFIP-AGWS-TS-00198429,Wind generation,"Wind Offshore",2018-03-09,22,177.928
NGET-EMFIP-AGWS-TS-00198428,Solar generation,"Solar",2018-03-09,22,3240
NGET-EMFIP-AGWS-TS-00198427,Wind generation,"Wind Onshore",2018-03-09,21,1955.197
NGET-EMFIP-AGWS-TS-00198426,Wind generation,"Wind Offshore",2018-03-09,21,172.39
NGET-EMFIP-AGWS-TS-00198425,Solar generation,"Solar",2018-03-09,21,3060
NGET-EMFIP-AGWS-TS-00198424,Wind generation,"Wind Onshore",2018-03-09,20,1972.426
NGET-EMFIP-AGWS-TS-00198423,Wind generation,"Wind Offshore",2018-03-09,20,216.885
NGET-EMFIP-AGWS-TS-00198422,Solar generation,"Solar",2018-03-09,20,2560
NGET-EMFIP-AGWS-TS-00198421,Wind generation,"Wind Onshore",2018-03-09,19,2086.702
NGET-EMFIP-AGWS-TS-00198420,Wind generation,"Wind Offshore",2018-03-09,19,259.014
NGET-EMFIP-AGWS-TS-00198419,Solar generation,"Solar",2018-03-09,19,2090
NGET-EMFIP-AGWS-TS-00198411,Wind generation,"Wind Onshore",2018-03-09,18,2029.103
NGET-EMFIP-AGWS-TS-00198410,Wind generation,"Wind Offshore",2018-03-09,18,290.088
NGET-EMFIP-AGWS-TS-00198409,Solar generation,"Solar",2018-03-09,18,1670
NGET-EMFIP-AGWS-TS-00198408,Wind generation,"Wind Onshore",2018-03-09,17,2120.885
NGET-EMFIP-AGWS-TS-00198407,Wind generation,"Wind Offshore",2018-03-09,17,271.173
NGET-EMFIP-AGWS-TS-00198406,Solar generation,"Solar",2018-03-09,17,907
NGET-EMFIP-AGWS-TS-00198405,Wind generation,"Wind Onshore",2018-03-09,16,2216.119
NGET-EMFIP-AGWS-TS-00198404,Wind generation,"Wind Offshore",2018-03-09,16,280.51
NGET-EMFIP-AGWS-TS-00198403,Solar generation,"Solar",2018-03-09,16,762
NGET-EMFIP-AGWS-TS-00198402,Wind generation,"Wind Onshore",2018-03-09,15,2297.508
NGET-EMFIP-AGWS-TS-00198401,Wind generation,"Wind Offshore",2018-03-09,15,291.289
NGET-EMFIP-AGWS-TS-00198400,Solar generation,"Solar",2018-03-09,15,320
NGET-EMFIP-AGWS-TS-00198399,Wind generation,"Wind Onshore",2018-03-09,14,2227.902
NGET-EMFIP-AGWS-TS-00198398,Wind generation,"Wind Offshore",2018-03-09,14,290.405
NGET-EMFIP-AGWS-TS-00198397,Solar generation,"Solar",2018-03-09,14,27
NGET-EMFIP-AGWS-TS-00198396,Wind generation,"Wind Onshore",2018-03-09,13,2225.949
NGET-EMFIP-AGWS-TS-00198395,Wind generation,"Wind Offshore",2018-03-09,13,360.06
NGET-EMFIP-AGWS-TS-00198394,Solar generation,"Solar",2018-03-09,13,0
NGET-EMFIP-AGWS-TS-00198393,Wind generation,"Wind Onshore",2018-03-09,12,2213.235
NGET-EMFIP-AGWS-TS-00198392,Wind generation,"Wind Offshore",2018-03-09,12,397.939
NGET-EMFIP-AGWS-TS-00198391,Solar generation,"Solar",2018-03-09,12,3
NGET-EMFIP-AGWS-TS-00198390,Wind generation,"Wind Onshore",2018-03-09,11,2235.595
NGET-EMFIP-AGWS-TS-00198389,Wind generation,"Wind Offshore",2018-03-09,11,461.99
NGET-EMFIP-AGWS-TS-00198388,Solar generation,"Solar",2018-03-09,11,1
NGET-EMFIP-AGWS-TS-00198387,Wind generation,"Wind Onshore",2018-03-09,10,2197.238
NGET-EMFIP-AGWS-TS-00198386,Wind generation,"Wind Offshore",2018-03-09,10,572.172
NGET-EMFIP-AGWS-TS-00198385,Solar generation,"Solar",2018-03-09,10,0
NGET-EMFIP-AGWS-TS-00198384,Wind generation,"Wind Onshore",2018-03-09,9,2232.22
NGET-EMFIP-AGWS-TS-00198383,Wind generation,"Wind Offshore",2018-03-09,9,635.883
NGET-EMFIP-AGWS-TS-00198382,Solar generation,"Solar",2018-03-09,9,0
NGET-EMFIP-AGWS-TS-00198381,Wind generation,"Wind Onshore",2018-03-09,8,2280.535
NGET-EMFIP-AGWS-TS-00198380,Wind generation,"Wind Offshore",2018-03-09,8,771.477
NGET-EMFIP-AGWS-TS-00198379,Solar generation,"Solar",2018-03-09,8,0
NGET-EMFIP-AGWS-TS-00198378,Wind generation,"Wind Onshore",2018-03-09,7,2290.335
NGET-EMFIP-AGWS-TS-00198377,Wind generation,"Wind Offshore",2018-03-09,7,844.856
NGET-EMFIP-AGWS-TS-00198376,Solar generation,"Solar",2018-03-09,7,0
NGET-EMFIP-AGWS-TS-00198375,Wind generation,"Wind Onshore",2018-03-09,6,2421.54
NGET-EMFIP-AGWS-TS-00198374,Wind generation,"Wind Offshore",2018-03-09,6,902.495
NGET-EMFIP-AGWS-TS-00198373,Solar generation,"Solar",2018-03-09,6,0
NGET-EMFIP-AGWS-TS-00198372,Wind generation,"Wind Onshore",2018-03-09,5,2381.351
NGET-EMFIP-AGWS-TS-00198371,Wind generation,"Wind Offshore",2018-03-09,5,1065.693
NGET-EMFIP-AGWS-TS-00198370,Solar generation,"Solar",2018-03-09,5,0
NGET-EMFIP-AGWS-TS-00198369,Wind generation,"Wind Onshore",2018-03-09,4,2401.083
NGET-EMFIP-AGWS-TS-00198368,Wind generation,"Wind Offshore",2018-03-09,4,1167.196
NGET-EMFIP-AGWS-TS-00198367,Solar generation,"Solar",2018-03-09,4,0
NGET-EMFIP-AGWS-TS-00198366,Wind generation,"Wind Onshore",2018-03-09,3,2356.696
NGET-EMFIP-AGWS-TS-00198365,Wind generation,"Wind Offshore",2018-03-09,3,1313.832
NGET-EMFIP-AGWS-TS-00198364,Solar generation,"Solar",2018-03-09,3,0
NGET-EMFIP-AGWS-TS-00198363,Wind generation,"Wind Onshore",2018-03-09,2,2410.577
NGET-EMFIP-AGWS-TS-00198362,Wind generation,"Wind Offshore",2018-03-09,2,1452.354
NGET-EMFIP-AGWS-TS-00198361,Solar generation,"Solar",2018-03-09,2,0
NGET-EMFIP-AGWS-TS-00198360,Wind generation,"Wind Onshore",2018-03-09,1,2588.881
NGET-EMFIP-AGWS-TS-00198359,Wind generation,"Wind Offshore",2018-03-09,1,1632.282
NGET-EMFIP-AGWS-TS-00198358,Solar generation,"Solar",2018-03-09,1,0