Actual Or Estimated Wind And Solar Power Generation (B1630)
Time Series ID,Business Type,PSR Type,Settlement  Date,Settlement Period,Quantity (MW)
NGET-EMFIP-AGWS-TS-00198212,Wind generation,"Wind Onshore",2018-03-07,48,2222.411
NGET-EMFIP-AGWS-TS-00198211,Wind generation,"Wind Offshore",2018-03-07,48,1551.591
NGET-EMFIP-AGWS-TS-00198210,Solar generation,"Solar",2018-03-07,48,0
NGET-EMFIP-AGWS-TS-00198209,Wind generation,"Wind Onshore",2018-03-07,47,2245.254
NGET-EMFIP-AGWS-TS-00198208,Wind generation,"Wind Offshore",2018-03-07,47,1737.91
NGET-EMFIP-AGWS-TS-00198207,Solar generation,"Solar",2018-03-07,47,0
NGET-EMFIP-AGWS-TS-00198206,Wind generation,"Wind Onshore",2018-03-07,46,2320.746
NGET-EMFIP-AGWS-TS-00198205,Wind generation,"Wind Offshore",2018-03-07,46,1789.048
NGET-EMFIP-AGWS-TS-00198204,Solar generation,"Solar",2018-03-07,46,0
NGET-EMFIP-AGWS-TS-00198203,Wind generation,"Wind Onshore",2018-03-07,45,2265.326
NGET-EMFIP-AGWS-TS-00198202,Wind generation,"Wind Offshore",2018-03-07,45,1754.288
NGET-EMFIP-AGWS-TS-00198201,Solar generation,"Solar",2018-03-07,45,1
NGET-EMFIP-AGWS-TS-00198200,Wind generation,"Wind Onshore",2018-03-07,44,2311.967
NGET-EMFIP-AGWS-TS-00198199,Wind generation,"Wind Offshore",2018-03-07,44,1850.368
NGET-EMFIP-AGWS-TS-00198198,Solar generation,"Solar",2018-03-07,44,1
NGET-EMFIP-AGWS-TS-00198197,Wind generation,"Wind Onshore",2018-03-07,43,2231.428
NGET-EMFIP-AGWS-TS-00198196,Wind generation,"Wind Offshore",2018-03-07,43,1614.772
NGET-EMFIP-AGWS-TS-00198195,Solar generation,"Solar",2018-03-07,43,0
NGET-EMFIP-AGWS-TS-00198194,Wind generation,"Wind Onshore",2018-03-07,42,2211.638
NGET-EMFIP-AGWS-TS-00198193,Wind generation,"Wind Offshore",2018-03-07,42,1705.817
NGET-EMFIP-AGWS-TS-00198192,Solar generation,"Solar",2018-03-07,42,0
NGET-EMFIP-AGWS-TS-00198191,Wind generation,"Wind Onshore",2018-03-07,41,2060.232
NGET-EMFIP-AGWS-TS-00198190,Wind generation,"Wind Offshore",2018-03-07,41,1623.458
NGET-EMFIP-AGWS-TS-00198189,Solar generation,"Solar",2018-03-07,41,0
NGET-EMFIP-AGWS-TS-00198188,Wind generation,"Wind Onshore",2018-03-07,40,1936.902
NGET-EMFIP-AGWS-TS-00198187,Wind generation,"Wind Offshore",2018-03-07,40,1421.15
NGET-EMFIP-AGWS-TS-00198186,Solar generation,"Solar",2018-03-07,40,3
NGET-EMFIP-AGWS-TS-00198185,Wind generation,"Wind Onshore",2018-03-07,39,2115.346
NGET-EMFIP-AGWS-TS-00198184,Wind generation,"Wind Offshore",2018-03-07,39,1017.25
NGET-EMFIP-AGWS-TS-00198183,Solar generation,"Solar",2018-03-07,39,2
NGET-EMFIP-AGWS-TS-00198182,Wind generation,"Wind Onshore",2018-03-07,38,2194.662
NGET-EMFIP-AGWS-TS-00198181,Wind generation,"Wind Offshore",2018-03-07,38,764.23
NGET-EMFIP-AGWS-TS-00198180,Solar generation,"Solar",2018-03-07,38,3
NGET-EMFIP-AGWS-TS-00198179,Wind generation,"Wind Onshore",2018-03-07,37,2167.631
NGET-EMFIP-AGWS-TS-00198178,Wind generation,"Wind Offshore",2018-03-07,37,648.687
NGET-EMFIP-AGWS-TS-00198177,Solar generation,"Solar",2018-03-07,37,4
NGET-EMFIP-AGWS-TS-00198176,Wind generation,"Wind Onshore",2018-03-07,36,2146.303
NGET-EMFIP-AGWS-TS-00198175,Wind generation,"Wind Offshore",2018-03-07,36,694.377
NGET-EMFIP-AGWS-TS-00198174,Solar generation,"Solar",2018-03-07,36,60
NGET-EMFIP-AGWS-TS-00198173,Wind generation,"Wind Onshore",2018-03-07,35,2126.186
NGET-EMFIP-AGWS-TS-00198172,Wind generation,"Wind Offshore",2018-03-07,35,687.601
NGET-EMFIP-AGWS-TS-00198171,Solar generation,"Solar",2018-03-07,35,546
NGET-EMFIP-AGWS-TS-00198170,Wind generation,"Wind Onshore",2018-03-07,34,2359.552
NGET-EMFIP-AGWS-TS-00198169,Wind generation,"Wind Offshore",2018-03-07,34,722.557
NGET-EMFIP-AGWS-TS-00198168,Solar generation,"Solar",2018-03-07,34,1350
NGET-EMFIP-AGWS-TS-00198167,Wind generation,"Wind Onshore",2018-03-07,33,2426.527
NGET-EMFIP-AGWS-TS-00198166,Wind generation,"Wind Offshore",2018-03-07,33,639.575
NGET-EMFIP-AGWS-TS-00198165,Solar generation,"Solar",2018-03-07,33,2040
NGET-EMFIP-AGWS-TS-00198164,Wind generation,"Wind Onshore",2018-03-07,32,2403.532
NGET-EMFIP-AGWS-TS-00198163,Wind generation,"Wind Offshore",2018-03-07,32,609.655
NGET-EMFIP-AGWS-TS-00198162,Solar generation,"Solar",2018-03-07,32,2780
NGET-EMFIP-AGWS-TS-00198161,Wind generation,"Wind Onshore",2018-03-07,31,2429.069
NGET-EMFIP-AGWS-TS-00198160,Wind generation,"Wind Offshore",2018-03-07,31,601.782
NGET-EMFIP-AGWS-TS-00198159,Solar generation,"Solar",2018-03-07,31,3360
NGET-EMFIP-AGWS-TS-00198144,Wind generation,"Wind Onshore",2018-03-07,30,2341.353
NGET-EMFIP-AGWS-TS-00198143,Wind generation,"Wind Offshore",2018-03-07,30,714.119
NGET-EMFIP-AGWS-TS-00198142,Solar generation,"Solar",2018-03-07,30,3900
NGET-EMFIP-AGWS-TS-00198141,Wind generation,"Wind Onshore",2018-03-07,29,2290.699
NGET-EMFIP-AGWS-TS-00198140,Wind generation,"Wind Offshore",2018-03-07,29,683.003
NGET-EMFIP-AGWS-TS-00198139,Solar generation,"Solar",2018-03-07,29,4260
NGET-EMFIP-AGWS-TS-00198138,Wind generation,"Wind Onshore",2018-03-07,28,2249.532
NGET-EMFIP-AGWS-TS-00198137,Wind generation,"Wind Offshore",2018-03-07,28,643.44
NGET-EMFIP-AGWS-TS-00198136,Solar generation,"Solar",2018-03-07,28,4660
NGET-EMFIP-AGWS-TS-00198135,Wind generation,"Wind Onshore",2018-03-07,27,2222.198
NGET-EMFIP-AGWS-TS-00198134,Wind generation,"Wind Offshore",2018-03-07,27,581.247
NGET-EMFIP-AGWS-TS-00198133,Solar generation,"Solar",2018-03-07,27,5136
NGET-EMFIP-AGWS-TS-00198132,Wind generation,"Wind Onshore",2018-03-07,26,2070.466
NGET-EMFIP-AGWS-TS-00198131,Wind generation,"Wind Offshore",2018-03-07,26,569.21
NGET-EMFIP-AGWS-TS-00198130,Solar generation,"Solar",2018-03-07,26,4380
NGET-EMFIP-AGWS-TS-00198129,Wind generation,"Wind Onshore",2018-03-07,25,1981.049
NGET-EMFIP-AGWS-TS-00198128,Wind generation,"Wind Offshore",2018-03-07,25,575.775
NGET-EMFIP-AGWS-TS-00198127,Solar generation,"Solar",2018-03-07,25,4410
NGET-EMFIP-AGWS-TS-00198126,Wind generation,"Wind Onshore",2018-03-07,24,1868.752
NGET-EMFIP-AGWS-TS-00198125,Wind generation,"Wind Offshore",2018-03-07,24,690.567
NGET-EMFIP-AGWS-TS-00198124,Solar generation,"Solar",2018-03-07,24,4660
NGET-EMFIP-AGWS-TS-00198123,Wind generation,"Wind Onshore",2018-03-07,23,1835.659
NGET-EMFIP-AGWS-TS-00198122,Wind generation,"Wind Offshore",2018-03-07,23,648.597
NGET-EMFIP-AGWS-TS-00198121,Solar generation,"Solar",2018-03-07,23,4620
NGET-EMFIP-AGWS-TS-00198120,Wind generation,"Wind Onshore",2018-03-07,22,1713.225
NGET-EMFIP-AGWS-TS-00198119,Wind generation,"Wind Offshore",2018-03-07,22,533.085
NGET-EMFIP-AGWS-TS-00198118,Solar generation,"Solar",2018-03-07,22,4220
NGET-EMFIP-AGWS-TS-00198117,Wind generation,"Wind Onshore",2018-03-07,21,1678.698
NGET-EMFIP-AGWS-TS-00198116,Wind generation,"Wind Offshore",2018-03-07,21,467.864
NGET-EMFIP-AGWS-TS-00198115,Solar generation,"Solar",2018-03-07,21,3670
NGET-EMFIP-AGWS-TS-00198114,Wind generation,"Wind Onshore",2018-03-07,20,1621.247
NGET-EMFIP-AGWS-TS-00198113,Wind generation,"Wind Offshore",2018-03-07,20,300.939
NGET-EMFIP-AGWS-TS-00198112,Solar generation,"Solar",2018-03-07,20,3090
NGET-EMFIP-AGWS-TS-00198111,Wind generation,"Wind Onshore",2018-03-07,19,1585.329
NGET-EMFIP-AGWS-TS-00198110,Wind generation,"Wind Offshore",2018-03-07,19,317.672
NGET-EMFIP-AGWS-TS-00198109,Solar generation,"Solar",2018-03-07,19,2420
NGET-EMFIP-AGWS-TS-00198108,Wind generation,"Wind Onshore",2018-03-07,18,1457.176
NGET-EMFIP-AGWS-TS-00198107,Wind generation,"Wind Offshore",2018-03-07,18,256.516
NGET-EMFIP-AGWS-TS-00198106,Solar generation,"Solar",2018-03-07,18,1760
NGET-EMFIP-AGWS-TS-00198105,Wind generation,"Wind Onshore",2018-03-07,17,1449
NGET-EMFIP-AGWS-TS-00198104,Wind generation,"Wind Offshore",2018-03-07,17,398.004
NGET-EMFIP-AGWS-TS-00198103,Solar generation,"Solar",2018-03-07,17,1060
NGET-EMFIP-AGWS-TS-00198102,Wind generation,"Wind Onshore",2018-03-07,16,1495.708
NGET-EMFIP-AGWS-TS-00198101,Wind generation,"Wind Offshore",2018-03-07,16,362.668
NGET-EMFIP-AGWS-TS-00198100,Solar generation,"Solar",2018-03-07,16,458
NGET-EMFIP-AGWS-TS-00198099,Wind generation,"Wind Onshore",2018-03-07,15,1488.495
NGET-EMFIP-AGWS-TS-00198098,Wind generation,"Wind Offshore",2018-03-07,15,394.959
NGET-EMFIP-AGWS-TS-00198097,Solar generation,"Solar",2018-03-07,15,63
NGET-EMFIP-AGWS-TS-00198096,Wind generation,"Wind Onshore",2018-03-07,14,1363.968
NGET-EMFIP-AGWS-TS-00198095,Wind generation,"Wind Offshore",2018-03-07,14,479.358
NGET-EMFIP-AGWS-TS-00198094,Solar generation,"Solar",2018-03-07,14,5
NGET-EMFIP-AGWS-TS-00198093,Wind generation,"Wind Onshore",2018-03-07,13,1379.071
NGET-EMFIP-AGWS-TS-00198092,Wind generation,"Wind Offshore",2018-03-07,13,472.06
NGET-EMFIP-AGWS-TS-00198091,Solar generation,"Solar",2018-03-07,13,2
NGET-EMFIP-AGWS-TS-00198090,Wind generation,"Wind Onshore",2018-03-07,12,1303.641
NGET-EMFIP-AGWS-TS-00198089,Wind generation,"Wind Offshore",2018-03-07,12,453.292
NGET-EMFIP-AGWS-TS-00198088,Solar generation,"Solar",2018-03-07,12,2
NGET-EMFIP-AGWS-TS-00198087,Wind generation,"Wind Onshore",2018-03-07,11,1334.814
NGET-EMFIP-AGWS-TS-00198086,Wind generation,"Wind Offshore",2018-03-07,11,409.382
NGET-EMFIP-AGWS-TS-00198085,Solar generation,"Solar",2018-03-07,11,2
NGET-EMFIP-AGWS-TS-00198084,Wind generation,"Wind Onshore",2018-03-07,10,1305.645
NGET-EMFIP-AGWS-TS-00198083,Wind generation,"Wind Offshore",2018-03-07,10,353.056
NGET-EMFIP-AGWS-TS-00198082,Solar generation,"Solar",2018-03-07,10,1
NGET-EMFIP-AGWS-TS-00198081,Wind generation,"Wind Onshore",2018-03-07,9,1356.635
NGET-EMFIP-AGWS-TS-00198080,Wind generation,"Wind Offshore",2018-03-07,9,336.628
NGET-EMFIP-AGWS-TS-00198079,Solar generation,"Solar",2018-03-07,9,2
NGET-EMFIP-AGWS-TS-00198070,Wind generation,"Wind Onshore",2018-03-07,8,1353.299
NGET-EMFIP-AGWS-TS-00198069,Wind generation,"Wind Offshore",2018-03-07,8,261.215
NGET-EMFIP-AGWS-TS-00198068,Solar generation,"Solar",2018-03-07,8,0
NGET-EMFIP-AGWS-TS-00198067,Wind generation,"Wind Onshore",2018-03-07,7,1330.611
NGET-EMFIP-AGWS-TS-00198066,Wind generation,"Wind Offshore",2018-03-07,7,260.059
NGET-EMFIP-AGWS-TS-00198065,Solar generation,"Solar",2018-03-07,7,0
NGET-EMFIP-AGWS-TS-00198064,Wind generation,"Wind Onshore",2018-03-07,6,1301.055
NGET-EMFIP-AGWS-TS-00198063,Wind generation,"Wind Offshore",2018-03-07,6,257.498
NGET-EMFIP-AGWS-TS-00198062,Solar generation,"Solar",2018-03-07,6,0
NGET-EMFIP-AGWS-TS-00198061,Wind generation,"Wind Onshore",2018-03-07,5,1310.961
NGET-EMFIP-AGWS-TS-00198060,Wind generation,"Wind Offshore",2018-03-07,5,243.482
NGET-EMFIP-AGWS-TS-00198059,Solar generation,"Solar",2018-03-07,5,0
NGET-EMFIP-AGWS-TS-00198058,Wind generation,"Wind Onshore",2018-03-07,4,1286.306
NGET-EMFIP-AGWS-TS-00198057,Wind generation,"Wind Offshore",2018-03-07,4,254.341
NGET-EMFIP-AGWS-TS-00198056,Solar generation,"Solar",2018-03-07,4,0
NGET-EMFIP-AGWS-TS-00198055,Wind generation,"Wind Onshore",2018-03-07,3,1322.462
NGET-EMFIP-AGWS-TS-00198054,Wind generation,"Wind Offshore",2018-03-07,3,246.234
NGET-EMFIP-AGWS-TS-00198053,Solar generation,"Solar",2018-03-07,3,0
NGET-EMFIP-AGWS-TS-00198052,Wind generation,"Wind Onshore",2018-03-07,2,1323.208
NGET-EMFIP-AGWS-TS-00198051,Wind generation,"Wind Offshore",2018-03-07,2,241.182
NGET-EMFIP-AGWS-TS-00198050,Solar generation,"Solar",2018-03-07,2,0
NGET-EMFIP-AGWS-TS-00198049,Wind generation,"Wind Onshore",2018-03-07,1,1340.095
NGET-EMFIP-AGWS-TS-00198048,Wind generation,"Wind Offshore",2018-03-07,1,293.833
NGET-EMFIP-AGWS-TS-00198047,Solar generation,"Solar",2018-03-07,1,0