Actual Or Estimated Wind And Solar Power Generation (B1630),,,,,
Time Series ID,Business Type,PSR Type,Settlement  Date,Settlement Period,Quantity (MW)
NGET-EMFIP-AGWS-TS-00201145,Wind generation,Wind Onshore,25/03/2018,48,1481.815667
NGET-EMFIP-AGWS-TS-00201144,Wind generation,Wind Offshore,25/03/2018,48,293.0466667
NGET-EMFIP-AGWS-TS-00201143,Solar generation,Solar,25/03/2018,48,0
NGET-EMFIP-AGWS-TS-00201145,Wind generation,Wind Onshore,25/03/2018,47,1500.286333
NGET-EMFIP-AGWS-TS-00201144,Wind generation,Wind Offshore,25/03/2018,47,297.4343333
NGET-EMFIP-AGWS-TS-00201143,Solar generation,Solar,25/03/2018,47,0
NGET-EMFIP-AGWS-TS-00201145,Wind generation,Wind Onshore,25/03/2018,46,1518.757
NGET-EMFIP-AGWS-TS-00201144,Wind generation,Wind Offshore,25/03/2018,46,301.822
NGET-EMFIP-AGWS-TS-00201143,Solar generation,Solar,25/03/2018,46,0
NGET-EMFIP-AGWS-TS-00201142,Wind generation,Wind Onshore,25/03/2018,45,1569.09
NGET-EMFIP-AGWS-TS-00201141,Wind generation,Wind Offshore,25/03/2018,45,357.301
NGET-EMFIP-AGWS-TS-00201140,Solar generation,Solar,25/03/2018,45,0
NGET-EMFIP-AGWS-TS-00201139,Wind generation,Wind Onshore,25/03/2018,44,1666.15
NGET-EMFIP-AGWS-TS-00201138,Wind generation,Wind Offshore,25/03/2018,44,288.663
NGET-EMFIP-AGWS-TS-00201137,Solar generation,Solar,25/03/2018,44,0
NGET-EMFIP-AGWS-TS-00201136,Wind generation,Wind Onshore,25/03/2018,43,1613.335
NGET-EMFIP-AGWS-TS-00201135,Wind generation,Wind Offshore,25/03/2018,43,271.725
NGET-EMFIP-AGWS-TS-00201134,Solar generation,Solar,25/03/2018,43,0
NGET-EMFIP-AGWS-TS-00201133,Wind generation,Wind Onshore,25/03/2018,42,1548.632
NGET-EMFIP-AGWS-TS-00201132,Wind generation,Wind Offshore,25/03/2018,42,201.326
NGET-EMFIP-AGWS-TS-00201131,Solar generation,Solar,25/03/2018,42,0
NGET-EMFIP-AGWS-TS-00201130,Wind generation,Wind Onshore,25/03/2018,41,1538.052
NGET-EMFIP-AGWS-TS-00201129,Wind generation,Wind Offshore,25/03/2018,41,180.706
NGET-EMFIP-AGWS-TS-00201128,Solar generation,Solar,25/03/2018,41,0
NGET-EMFIP-AGWS-TS-00201127,Wind generation,Wind Onshore,25/03/2018,40,1577.505
NGET-EMFIP-AGWS-TS-00201126,Wind generation,Wind Offshore,25/03/2018,40,199.235
NGET-EMFIP-AGWS-TS-00201125,Solar generation,Solar,25/03/2018,40,0
NGET-EMFIP-AGWS-TS-00201124,Wind generation,Wind Onshore,25/03/2018,39,1590.948
NGET-EMFIP-AGWS-TS-00201123,Wind generation,Wind Offshore,25/03/2018,39,200.489
NGET-EMFIP-AGWS-TS-00201122,Solar generation,Solar,25/03/2018,39,87
NGET-EMFIP-AGWS-TS-00201121,Wind generation,Wind Onshore,25/03/2018,38,1702.23
NGET-EMFIP-AGWS-TS-00201120,Wind generation,Wind Offshore,25/03/2018,38,209.25
NGET-EMFIP-AGWS-TS-00201119,Solar generation,Solar,25/03/2018,38,174
NGET-EMFIP-AGWS-TS-00201118,Wind generation,Wind Onshore,25/03/2018,37,1883.968
NGET-EMFIP-AGWS-TS-00201117,Wind generation,Wind Offshore,25/03/2018,37,243.078
NGET-EMFIP-AGWS-TS-00201116,Solar generation,Solar,25/03/2018,37,721
NGET-EMFIP-AGWS-TS-00201115,Wind generation,Wind Onshore,25/03/2018,36,2168.663
NGET-EMFIP-AGWS-TS-00201114,Wind generation,Wind Offshore,25/03/2018,36,248.601
NGET-EMFIP-AGWS-TS-00201113,Solar generation,Solar,25/03/2018,36,1291
NGET-EMFIP-AGWS-TS-00201112,Wind generation,Wind Onshore,25/03/2018,35,2388.438
NGET-EMFIP-AGWS-TS-00201111,Wind generation,Wind Offshore,25/03/2018,35,286.087
NGET-EMFIP-AGWS-TS-00201110,Solar generation,Solar,25/03/2018,35,1875
NGET-EMFIP-AGWS-TS-00201109,Wind generation,Wind Onshore,25/03/2018,34,2580.521
NGET-EMFIP-AGWS-TS-00201108,Wind generation,Wind Offshore,25/03/2018,34,290.585
NGET-EMFIP-AGWS-TS-00201107,Solar generation,Solar,25/03/2018,34,2786
NGET-EMFIP-AGWS-TS-00201106,Wind generation,Wind Onshore,25/03/2018,33,2631.472
NGET-EMFIP-AGWS-TS-00201105,Wind generation,Wind Offshore,25/03/2018,33,303.578
NGET-EMFIP-AGWS-TS-00201104,Solar generation,Solar,25/03/2018,33,3081
NGET-EMFIP-AGWS-TS-00201103,Wind generation,Wind Onshore,25/03/2018,32,2732.589
NGET-EMFIP-AGWS-TS-00201102,Wind generation,Wind Offshore,25/03/2018,32,278.671
NGET-EMFIP-AGWS-TS-00201101,Solar generation,Solar,25/03/2018,32,3797
NGET-EMFIP-AGWS-TS-00201100,Wind generation,Wind Onshore,25/03/2018,31,2572.486
NGET-EMFIP-AGWS-TS-00201099,Wind generation,Wind Offshore,25/03/2018,31,228.591
NGET-EMFIP-AGWS-TS-00201098,Solar generation,Solar,25/03/2018,31,4425
NGET-EMFIP-AGWS-TS-00201097,Wind generation,Wind Onshore,25/03/2018,30,2484.922
NGET-EMFIP-AGWS-TS-00201096,Wind generation,Wind Offshore,25/03/2018,30,211.547
NGET-EMFIP-AGWS-TS-00201095,Solar generation,Solar,25/03/2018,30,5080
NGET-EMFIP-AGWS-TS-00201094,Wind generation,Wind Onshore,25/03/2018,29,2408.818
NGET-EMFIP-AGWS-TS-00201093,Wind generation,Wind Offshore,25/03/2018,29,229.637
NGET-EMFIP-AGWS-TS-00201092,Solar generation,Solar,25/03/2018,29,5220
NGET-EMFIP-AGWS-TS-00201091,Wind generation,Wind Onshore,25/03/2018,28,2505.987
NGET-EMFIP-AGWS-TS-00201090,Wind generation,Wind Offshore,25/03/2018,28,209.315
NGET-EMFIP-AGWS-TS-00201089,Solar generation,Solar,25/03/2018,28,5603
NGET-EMFIP-AGWS-TS-00201088,Wind generation,Wind Onshore,25/03/2018,27,2341.56
NGET-EMFIP-AGWS-TS-00201087,Wind generation,Wind Offshore,25/03/2018,27,190.241
NGET-EMFIP-AGWS-TS-00201086,Solar generation,Solar,25/03/2018,27,5777
NGET-EMFIP-AGWS-TS-00201085,Wind generation,Wind Onshore,25/03/2018,26,2228.76
NGET-EMFIP-AGWS-TS-00201084,Wind generation,Wind Offshore,25/03/2018,26,204.251
NGET-EMFIP-AGWS-TS-00201083,Solar generation,Solar,25/03/2018,26,6511
NGET-EMFIP-AGWS-TS-00201082,Wind generation,Wind Onshore,25/03/2018,25,2287.689
NGET-EMFIP-AGWS-TS-00201081,Wind generation,Wind Offshore,25/03/2018,25,199.944
NGET-EMFIP-AGWS-TS-00201080,Solar generation,Solar,25/03/2018,25,6061
NGET-EMFIP-AGWS-TS-00201079,Wind generation,Wind Onshore,25/03/2018,24,2197.451
NGET-EMFIP-AGWS-TS-00201078,Wind generation,Wind Offshore,25/03/2018,24,204.472
NGET-EMFIP-AGWS-TS-00201077,Solar generation,Solar,25/03/2018,24,6365
NGET-EMFIP-AGWS-TS-00201076,Wind generation,Wind Onshore,25/03/2018,23,2018.046
NGET-EMFIP-AGWS-TS-00201075,Wind generation,Wind Offshore,25/03/2018,23,186.755
NGET-EMFIP-AGWS-TS-00201074,Solar generation,Solar,25/03/2018,23,5692
NGET-EMFIP-AGWS-TS-00201073,Wind generation,Wind Onshore,25/03/2018,22,2070.137
NGET-EMFIP-AGWS-TS-00201072,Wind generation,Wind Offshore,25/03/2018,22,172.803
NGET-EMFIP-AGWS-TS-00201071,Solar generation,Solar,25/03/2018,22,5623
NGET-EMFIP-AGWS-TS-00201070,Wind generation,Wind Onshore,25/03/2018,21,1986.652
NGET-EMFIP-AGWS-TS-00201069,Wind generation,Wind Offshore,25/03/2018,21,176.909
NGET-EMFIP-AGWS-TS-00201068,Solar generation,Solar,25/03/2018,21,4537
NGET-EMFIP-AGWS-TS-00201067,Wind generation,Wind Onshore,25/03/2018,20,1681.229
NGET-EMFIP-AGWS-TS-00201066,Wind generation,Wind Offshore,25/03/2018,20,178.887
NGET-EMFIP-AGWS-TS-00201065,Solar generation,Solar,25/03/2018,20,4041
NGET-EMFIP-AGWS-TS-00201064,Wind generation,Wind Onshore,25/03/2018,19,1599.6
NGET-EMFIP-AGWS-TS-00201063,Wind generation,Wind Offshore,25/03/2018,19,195.357
NGET-EMFIP-AGWS-TS-00201062,Solar generation,Solar,25/03/2018,19,3199
NGET-EMFIP-AGWS-TS-00201061,Wind generation,Wind Onshore,25/03/2018,18,1534.761
NGET-EMFIP-AGWS-TS-00201060,Wind generation,Wind Offshore,25/03/2018,18,159.18
NGET-EMFIP-AGWS-TS-00201059,Solar generation,Solar,25/03/2018,18,2579
NGET-EMFIP-AGWS-TS-00201042,Wind generation,Wind Onshore,25/03/2018,17,1491.054
NGET-EMFIP-AGWS-TS-00201041,Wind generation,Wind Offshore,25/03/2018,17,173.245
NGET-EMFIP-AGWS-TS-00201040,Solar generation,Solar,25/03/2018,17,1895
NGET-EMFIP-AGWS-TS-00201039,Wind generation,Wind Onshore,25/03/2018,16,1511.821
NGET-EMFIP-AGWS-TS-00201038,Wind generation,Wind Offshore,25/03/2018,16,252.997
NGET-EMFIP-AGWS-TS-00201037,Solar generation,Solar,25/03/2018,16,1316
NGET-EMFIP-AGWS-TS-00201036,Wind generation,Wind Onshore,25/03/2018,15,1574.581
NGET-EMFIP-AGWS-TS-00201035,Wind generation,Wind Offshore,25/03/2018,15,227.921
NGET-EMFIP-AGWS-TS-00201034,Solar generation,Solar,25/03/2018,15,341
NGET-EMFIP-AGWS-TS-00201033,Wind generation,Wind Onshore,25/03/2018,14,1594.983
NGET-EMFIP-AGWS-TS-00201032,Wind generation,Wind Offshore,25/03/2018,14,218.423
NGET-EMFIP-AGWS-TS-00201031,Solar generation,Solar,25/03/2018,14,253
NGET-EMFIP-AGWS-TS-00201030,Wind generation,Wind Onshore,25/03/2018,13,1666.975
NGET-EMFIP-AGWS-TS-00201029,Wind generation,Wind Offshore,25/03/2018,13,209.653
NGET-EMFIP-AGWS-TS-00201028,Solar generation,Solar,25/03/2018,13,219
NGET-EMFIP-AGWS-TS-00201027,Wind generation,Wind Onshore,25/03/2018,12,1659.204
NGET-EMFIP-AGWS-TS-00201026,Wind generation,Wind Offshore,25/03/2018,12,232.978
NGET-EMFIP-AGWS-TS-00201025,Solar generation,Solar,25/03/2018,12,3
NGET-EMFIP-AGWS-TS-00201024,Wind generation,Wind Onshore,25/03/2018,11,1638.823
NGET-EMFIP-AGWS-TS-00201023,Wind generation,Wind Offshore,25/03/2018,11,218.778
NGET-EMFIP-AGWS-TS-00201022,Solar generation,Solar,25/03/2018,11,5
NGET-EMFIP-AGWS-TS-00201021,Wind generation,Wind Onshore,25/03/2018,10,1661.669
NGET-EMFIP-AGWS-TS-00201020,Wind generation,Wind Offshore,25/03/2018,10,205.722
NGET-EMFIP-AGWS-TS-00201019,Solar generation,Solar,25/03/2018,10,0
NGET-EMFIP-AGWS-TS-00201018,Wind generation,Wind Onshore,25/03/2018,9,1648.9
NGET-EMFIP-AGWS-TS-00201017,Wind generation,Wind Offshore,25/03/2018,9,181.735
NGET-EMFIP-AGWS-TS-00201016,Solar generation,Solar,25/03/2018,9,0
NGET-EMFIP-AGWS-TS-00201015,Wind generation,Wind Onshore,25/03/2018,8,1576.963
NGET-EMFIP-AGWS-TS-00201014,Wind generation,Wind Offshore,25/03/2018,8,193.66
NGET-EMFIP-AGWS-TS-00201013,Solar generation,Solar,25/03/2018,8,0
NGET-EMFIP-AGWS-TS-00201012,Wind generation,Wind Onshore,25/03/2018,7,1600.193
NGET-EMFIP-AGWS-TS-00201011,Wind generation,Wind Offshore,25/03/2018,7,168.12
NGET-EMFIP-AGWS-TS-00201010,Solar generation,Solar,25/03/2018,7,0
NGET-EMFIP-AGWS-TS-00201009,Wind generation,Wind Onshore,25/03/2018,6,1523.608
NGET-EMFIP-AGWS-TS-00201008,Wind generation,Wind Offshore,25/03/2018,6,142.101
NGET-EMFIP-AGWS-TS-00201007,Solar generation,Solar,25/03/2018,6,0
NGET-EMFIP-AGWS-TS-00201006,Wind generation,Wind Onshore,25/03/2018,5,1454.578
NGET-EMFIP-AGWS-TS-00201005,Wind generation,Wind Offshore,25/03/2018,5,120.021
NGET-EMFIP-AGWS-TS-00201004,Solar generation,Solar,25/03/2018,5,0
NGET-EMFIP-AGWS-TS-00201003,Wind generation,Wind Onshore,25/03/2018,4,1381.683
NGET-EMFIP-AGWS-TS-00201002,Wind generation,Wind Offshore,25/03/2018,4,105.499
NGET-EMFIP-AGWS-TS-00201001,Solar generation,Solar,25/03/2018,4,0
NGET-EMFIP-AGWS-TS-00201000,Wind generation,Wind Onshore,25/03/2018,3,1397.9
NGET-EMFIP-AGWS-TS-00200999,Wind generation,Wind Offshore,25/03/2018,3,119.264
NGET-EMFIP-AGWS-TS-00200998,Solar generation,Solar,25/03/2018,3,0
NGET-EMFIP-AGWS-TS-00200997,Wind generation,Wind Onshore,25/03/2018,2,697.556
NGET-EMFIP-AGWS-TS-00200996,Wind generation,Wind Offshore,25/03/2018,2,29.825
NGET-EMFIP-AGWS-TS-00200995,Solar generation,Solar,25/03/2018,2,0
NGET-EMFIP-AGWS-TS-00200994,Wind generation,Wind Onshore,25/03/2018,1,1330.32
NGET-EMFIP-AGWS-TS-00200993,Wind generation,Wind Offshore,25/03/2018,1,120.392
NGET-EMFIP-AGWS-TS-00200992,Solar generation,Solar,25/03/2018,1,0
