Actual Or Estimated Wind And Solar Power Generation (B1630)
Time Series ID,Business Type,PSR Type,Settlement  Date,Settlement Period,Quantity (MW)
NGET-EMFIP-AGWS-TS-00200833,Wind generation,"Wind Onshore",2018-03-23,48,1653.07
NGET-EMFIP-AGWS-TS-00200832,Wind generation,"Wind Offshore",2018-03-23,48,405.475
NGET-EMFIP-AGWS-TS-00200831,Solar generation,"Solar",2018-03-23,48,0
NGET-EMFIP-AGWS-TS-00200830,Wind generation,"Wind Onshore",2018-03-23,47,1631.891
NGET-EMFIP-AGWS-TS-00200829,Wind generation,"Wind Offshore",2018-03-23,47,486.726
NGET-EMFIP-AGWS-TS-00200828,Solar generation,"Solar",2018-03-23,47,0
NGET-EMFIP-AGWS-TS-00200827,Wind generation,"Wind Onshore",2018-03-23,46,1724.761
NGET-EMFIP-AGWS-TS-00200826,Wind generation,"Wind Offshore",2018-03-23,46,635.895
NGET-EMFIP-AGWS-TS-00200825,Solar generation,"Solar",2018-03-23,46,0
NGET-EMFIP-AGWS-TS-00200824,Wind generation,"Wind Onshore",2018-03-23,45,1850.087
NGET-EMFIP-AGWS-TS-00200823,Wind generation,"Wind Offshore",2018-03-23,45,705.173
NGET-EMFIP-AGWS-TS-00200822,Solar generation,"Solar",2018-03-23,45,0
NGET-EMFIP-AGWS-TS-00200821,Wind generation,"Wind Onshore",2018-03-23,44,1943.776
NGET-EMFIP-AGWS-TS-00200820,Wind generation,"Wind Offshore",2018-03-23,44,802.782
NGET-EMFIP-AGWS-TS-00200819,Solar generation,"Solar",2018-03-23,44,0
NGET-EMFIP-AGWS-TS-00200811,Wind generation,"Wind Onshore",2018-03-23,43,1985.768
NGET-EMFIP-AGWS-TS-00200810,Wind generation,"Wind Offshore",2018-03-23,43,874.33
NGET-EMFIP-AGWS-TS-00200809,Solar generation,"Solar",2018-03-23,43,0
NGET-EMFIP-AGWS-TS-00200808,Wind generation,"Wind Onshore",2018-03-23,42,2043.781
NGET-EMFIP-AGWS-TS-00200807,Wind generation,"Wind Offshore",2018-03-23,42,925.53
NGET-EMFIP-AGWS-TS-00200806,Solar generation,"Solar",2018-03-23,42,0
NGET-EMFIP-AGWS-TS-00200805,Wind generation,"Wind Onshore",2018-03-23,41,2228.948
NGET-EMFIP-AGWS-TS-00200804,Wind generation,"Wind Offshore",2018-03-23,41,940.142
NGET-EMFIP-AGWS-TS-00200803,Solar generation,"Solar",2018-03-23,41,2
NGET-EMFIP-AGWS-TS-00200802,Wind generation,"Wind Onshore",2018-03-23,40,2447.431
NGET-EMFIP-AGWS-TS-00200801,Wind generation,"Wind Offshore",2018-03-23,40,875.447
NGET-EMFIP-AGWS-TS-00200800,Solar generation,"Solar",2018-03-23,40,0
NGET-EMFIP-AGWS-TS-00200799,Wind generation,"Wind Onshore",2018-03-23,39,966.875
NGET-EMFIP-AGWS-TS-00200798,Wind generation,"Wind Offshore",2018-03-23,39,86.619
NGET-EMFIP-AGWS-TS-00200797,Solar generation,"Solar",2018-03-23,39,5
NGET-EMFIP-AGWS-TS-00200796,Wind generation,"Wind Onshore",2018-03-23,38,2677.038
NGET-EMFIP-AGWS-TS-00200795,Wind generation,"Wind Offshore",2018-03-23,38,1222.6
NGET-EMFIP-AGWS-TS-00200794,Solar generation,"Solar",2018-03-23,38,9
NGET-EMFIP-AGWS-TS-00200793,Wind generation,"Wind Onshore",2018-03-23,37,2865.553
NGET-EMFIP-AGWS-TS-00200792,Wind generation,"Wind Offshore",2018-03-23,37,1314.355
NGET-EMFIP-AGWS-TS-00200791,Solar generation,"Solar",2018-03-23,37,14
NGET-EMFIP-AGWS-TS-00200790,Wind generation,"Wind Onshore",2018-03-23,36,3344.755
NGET-EMFIP-AGWS-TS-00200789,Wind generation,"Wind Offshore",2018-03-23,36,1599.093
NGET-EMFIP-AGWS-TS-00200788,Solar generation,"Solar",2018-03-23,36,154
NGET-EMFIP-AGWS-TS-00200787,Wind generation,"Wind Onshore",2018-03-23,35,3551.224
NGET-EMFIP-AGWS-TS-00200786,Wind generation,"Wind Offshore",2018-03-23,35,1749.555
NGET-EMFIP-AGWS-TS-00200785,Solar generation,"Solar",2018-03-23,35,453
NGET-EMFIP-AGWS-TS-00200784,Wind generation,"Wind Onshore",2018-03-23,34,4157.095
NGET-EMFIP-AGWS-TS-00200783,Wind generation,"Wind Offshore",2018-03-23,34,1883.157
NGET-EMFIP-AGWS-TS-00200782,Solar generation,"Solar",2018-03-23,34,909
NGET-EMFIP-AGWS-TS-00200781,Wind generation,"Wind Onshore",2018-03-23,33,4463.797
NGET-EMFIP-AGWS-TS-00200780,Wind generation,"Wind Offshore",2018-03-23,33,2122.706
NGET-EMFIP-AGWS-TS-00200779,Solar generation,"Solar",2018-03-23,33,1380
NGET-EMFIP-AGWS-TS-00200770,Wind generation,"Wind Onshore",2018-03-23,32,5106.61
NGET-EMFIP-AGWS-TS-00200769,Wind generation,"Wind Offshore",2018-03-23,32,2600.319
NGET-EMFIP-AGWS-TS-00200768,Solar generation,"Solar",2018-03-23,32,2000
NGET-EMFIP-AGWS-TS-00200767,Wind generation,"Wind Onshore",2018-03-23,31,5226.545
NGET-EMFIP-AGWS-TS-00200766,Wind generation,"Wind Offshore",2018-03-23,31,2566.843
NGET-EMFIP-AGWS-TS-00200765,Solar generation,"Solar",2018-03-23,31,2570
NGET-EMFIP-AGWS-TS-00200764,Wind generation,"Wind Onshore",2018-03-23,30,5631.079
NGET-EMFIP-AGWS-TS-00200763,Wind generation,"Wind Offshore",2018-03-23,30,2972.648
NGET-EMFIP-AGWS-TS-00200762,Solar generation,"Solar",2018-03-23,30,3120
NGET-EMFIP-AGWS-TS-00200761,Wind generation,"Wind Onshore",2018-03-23,29,6085.298
NGET-EMFIP-AGWS-TS-00200760,Wind generation,"Wind Offshore",2018-03-23,29,3201.529
NGET-EMFIP-AGWS-TS-00200759,Solar generation,"Solar",2018-03-23,29,3570
NGET-EMFIP-AGWS-TS-00200758,Wind generation,"Wind Onshore",2018-03-23,28,6674.084
NGET-EMFIP-AGWS-TS-00200757,Wind generation,"Wind Offshore",2018-03-23,28,3052.293
NGET-EMFIP-AGWS-TS-00200756,Solar generation,"Solar",2018-03-23,28,3890
NGET-EMFIP-AGWS-TS-00200755,Wind generation,"Wind Onshore",2018-03-23,27,6458.729
NGET-EMFIP-AGWS-TS-00200754,Wind generation,"Wind Offshore",2018-03-23,27,3019.741
NGET-EMFIP-AGWS-TS-00200753,Solar generation,"Solar",2018-03-23,27,4497
NGET-EMFIP-AGWS-TS-00200752,Wind generation,"Wind Onshore",2018-03-23,26,6582.497
NGET-EMFIP-AGWS-TS-00200751,Wind generation,"Wind Offshore",2018-03-23,26,3402.378
NGET-EMFIP-AGWS-TS-00200750,Solar generation,"Solar",2018-03-23,26,4520
NGET-EMFIP-AGWS-TS-00200749,Wind generation,"Wind Onshore",2018-03-23,25,6719.805
NGET-EMFIP-AGWS-TS-00200748,Wind generation,"Wind Offshore",2018-03-23,25,3614.86
NGET-EMFIP-AGWS-TS-00200747,Solar generation,"Solar",2018-03-23,25,4340
NGET-EMFIP-AGWS-TS-00200746,Wind generation,"Wind Onshore",2018-03-23,24,6657.431
NGET-EMFIP-AGWS-TS-00200745,Wind generation,"Wind Offshore",2018-03-23,24,3788.181
NGET-EMFIP-AGWS-TS-00200744,Solar generation,"Solar",2018-03-23,24,4140
NGET-EMFIP-AGWS-TS-00200743,Wind generation,"Wind Onshore",2018-03-23,23,6609.574
NGET-EMFIP-AGWS-TS-00200742,Wind generation,"Wind Offshore",2018-03-23,23,3813.935
NGET-EMFIP-AGWS-TS-00200741,Solar generation,"Solar",2018-03-23,23,3870
NGET-EMFIP-AGWS-TS-00200740,Wind generation,"Wind Onshore",2018-03-23,22,6064.868
NGET-EMFIP-AGWS-TS-00200739,Wind generation,"Wind Offshore",2018-03-23,22,3840.595
NGET-EMFIP-AGWS-TS-00200738,Solar generation,"Solar",2018-03-23,22,3740
NGET-EMFIP-AGWS-TS-00200737,Wind generation,"Wind Onshore",2018-03-23,21,6180.233
NGET-EMFIP-AGWS-TS-00200736,Wind generation,"Wind Offshore",2018-03-23,21,3898.977
NGET-EMFIP-AGWS-TS-00200735,Solar generation,"Solar",2018-03-23,21,3520
NGET-EMFIP-AGWS-TS-00200734,Wind generation,"Wind Onshore",2018-03-23,20,6099.611
NGET-EMFIP-AGWS-TS-00200733,Wind generation,"Wind Offshore",2018-03-23,20,3964.24
NGET-EMFIP-AGWS-TS-00200732,Solar generation,"Solar",2018-03-23,20,3070
NGET-EMFIP-AGWS-TS-00200731,Wind generation,"Wind Onshore",2018-03-23,19,5966.088
NGET-EMFIP-AGWS-TS-00200730,Wind generation,"Wind Offshore",2018-03-23,19,3976.13
NGET-EMFIP-AGWS-TS-00200729,Solar generation,"Solar",2018-03-23,19,2550
NGET-EMFIP-AGWS-TS-00200728,Wind generation,"Wind Onshore",2018-03-23,18,5735.831
NGET-EMFIP-AGWS-TS-00200727,Wind generation,"Wind Offshore",2018-03-23,18,3959.158
NGET-EMFIP-AGWS-TS-00200726,Solar generation,"Solar",2018-03-23,18,2000
NGET-EMFIP-AGWS-TS-00200725,Wind generation,"Wind Onshore",2018-03-23,17,5585.993
NGET-EMFIP-AGWS-TS-00200724,Wind generation,"Wind Offshore",2018-03-23,17,3988.124
NGET-EMFIP-AGWS-TS-00200723,Solar generation,"Solar",2018-03-23,17,1610
NGET-EMFIP-AGWS-TS-00200722,Wind generation,"Wind Onshore",2018-03-23,16,5546.814
NGET-EMFIP-AGWS-TS-00200721,Wind generation,"Wind Offshore",2018-03-23,16,3993.694
NGET-EMFIP-AGWS-TS-00200720,Solar generation,"Solar",2018-03-23,16,1200
NGET-EMFIP-AGWS-TS-00200719,Wind generation,"Wind Onshore",2018-03-23,15,5583.49
NGET-EMFIP-AGWS-TS-00200718,Wind generation,"Wind Offshore",2018-03-23,15,3971.746
NGET-EMFIP-AGWS-TS-00200717,Solar generation,"Solar",2018-03-23,15,324
NGET-EMFIP-AGWS-TS-00200716,Wind generation,"Wind Onshore",2018-03-23,14,5461.826
NGET-EMFIP-AGWS-TS-00200715,Wind generation,"Wind Offshore",2018-03-23,14,3943.566
NGET-EMFIP-AGWS-TS-00200714,Solar generation,"Solar",2018-03-23,14,217
NGET-EMFIP-AGWS-TS-00200713,Wind generation,"Wind Onshore",2018-03-23,13,5275.271
NGET-EMFIP-AGWS-TS-00200712,Wind generation,"Wind Offshore",2018-03-23,13,3934.945
NGET-EMFIP-AGWS-TS-00200711,Solar generation,"Solar",2018-03-23,13,15
NGET-EMFIP-AGWS-TS-00200710,Wind generation,"Wind Onshore",2018-03-23,12,5162.559
NGET-EMFIP-AGWS-TS-00200709,Wind generation,"Wind Offshore",2018-03-23,12,3965.191
NGET-EMFIP-AGWS-TS-00200708,Solar generation,"Solar",2018-03-23,12,3
NGET-EMFIP-AGWS-TS-00200707,Wind generation,"Wind Onshore",2018-03-23,11,5400.743
NGET-EMFIP-AGWS-TS-00200706,Wind generation,"Wind Offshore",2018-03-23,11,3978.137
NGET-EMFIP-AGWS-TS-00200705,Solar generation,"Solar",2018-03-23,11,2
NGET-EMFIP-AGWS-TS-00200704,Wind generation,"Wind Onshore",2018-03-23,10,5505.092
NGET-EMFIP-AGWS-TS-00200703,Wind generation,"Wind Offshore",2018-03-23,10,3901.297
NGET-EMFIP-AGWS-TS-00200702,Solar generation,"Solar",2018-03-23,10,0
NGET-EMFIP-AGWS-TS-00200701,Wind generation,"Wind Onshore",2018-03-23,9,2380.963
NGET-EMFIP-AGWS-TS-00200700,Wind generation,"Wind Offshore",2018-03-23,9,146.037
NGET-EMFIP-AGWS-TS-00200699,Solar generation,"Solar",2018-03-23,9,0
NGET-EMFIP-AGWS-TS-00200698,Wind generation,"Wind Onshore",2018-03-23,8,5205.017
NGET-EMFIP-AGWS-TS-00200697,Wind generation,"Wind Offshore",2018-03-23,8,3856.172
NGET-EMFIP-AGWS-TS-00200696,Solar generation,"Solar",2018-03-23,8,0
NGET-EMFIP-AGWS-TS-00200695,Wind generation,"Wind Onshore",2018-03-23,7,5456.297
NGET-EMFIP-AGWS-TS-00200694,Wind generation,"Wind Offshore",2018-03-23,7,3736.449
NGET-EMFIP-AGWS-TS-00200693,Solar generation,"Solar",2018-03-23,7,0
NGET-EMFIP-AGWS-TS-00200692,Wind generation,"Wind Onshore",2018-03-23,6,5598.52
NGET-EMFIP-AGWS-TS-00200691,Wind generation,"Wind Offshore",2018-03-23,6,3812.781
NGET-EMFIP-AGWS-TS-00200690,Solar generation,"Solar",2018-03-23,6,0
NGET-EMFIP-AGWS-TS-00200689,Wind generation,"Wind Onshore",2018-03-23,5,5682.496
NGET-EMFIP-AGWS-TS-00200688,Wind generation,"Wind Offshore",2018-03-23,5,3546.182
NGET-EMFIP-AGWS-TS-00200687,Solar generation,"Solar",2018-03-23,5,0
NGET-EMFIP-AGWS-TS-00200686,Wind generation,"Wind Onshore",2018-03-23,4,5512.492
NGET-EMFIP-AGWS-TS-00200685,Wind generation,"Wind Offshore",2018-03-23,4,3409.838
NGET-EMFIP-AGWS-TS-00200684,Solar generation,"Solar",2018-03-23,4,0
NGET-EMFIP-AGWS-TS-00200683,Wind generation,"Wind Onshore",2018-03-23,3,5497.037
NGET-EMFIP-AGWS-TS-00200682,Wind generation,"Wind Offshore",2018-03-23,3,3267.378
NGET-EMFIP-AGWS-TS-00200681,Solar generation,"Solar",2018-03-23,3,0
NGET-EMFIP-AGWS-TS-00200680,Wind generation,"Wind Onshore",2018-03-23,2,5432.354
NGET-EMFIP-AGWS-TS-00200679,Wind generation,"Wind Offshore",2018-03-23,2,3228.186
NGET-EMFIP-AGWS-TS-00200678,Solar generation,"Solar",2018-03-23,2,0
NGET-EMFIP-AGWS-TS-00200677,Wind generation,"Wind Onshore",2018-03-23,1,5562.243
NGET-EMFIP-AGWS-TS-00200676,Wind generation,"Wind Offshore",2018-03-23,1,3109.83
NGET-EMFIP-AGWS-TS-00200675,Solar generation,"Solar",2018-03-23,1,0