Actual Or Estimated Wind And Solar Power Generation (B1630)
Time Series ID,Business Type,PSR Type,Settlement  Date,Settlement Period,Quantity (MW)
NGET-EMFIP-AGWS-TS-00197242,Wind generation,"Wind Onshore",2018-03-01,48,6892.294
NGET-EMFIP-AGWS-TS-00197241,Wind generation,"Wind Offshore",2018-03-01,48,3232.797
NGET-EMFIP-AGWS-TS-00197240,Solar generation,"Solar",2018-03-01,48,0
NGET-EMFIP-AGWS-TS-00197239,Wind generation,"Wind Onshore",2018-03-01,47,6974.899
NGET-EMFIP-AGWS-TS-00197238,Wind generation,"Wind Offshore",2018-03-01,47,3224.257
NGET-EMFIP-AGWS-TS-00197237,Solar generation,"Solar",2018-03-01,47,0
NGET-EMFIP-AGWS-TS-00197236,Wind generation,"Wind Onshore",2018-03-01,46,6993.465
NGET-EMFIP-AGWS-TS-00197235,Wind generation,"Wind Offshore",2018-03-01,46,3147.198
NGET-EMFIP-AGWS-TS-00197234,Solar generation,"Solar",2018-03-01,46,0
NGET-EMFIP-AGWS-TS-00197233,Wind generation,"Wind Onshore",2018-03-01,45,7052.446
NGET-EMFIP-AGWS-TS-00197232,Wind generation,"Wind Offshore",2018-03-01,45,3272.175
NGET-EMFIP-AGWS-TS-00197231,Solar generation,"Solar",2018-03-01,45,0
NGET-EMFIP-AGWS-TS-00197230,Wind generation,"Wind Onshore",2018-03-01,44,7046.579
NGET-EMFIP-AGWS-TS-00197229,Wind generation,"Wind Offshore",2018-03-01,44,3278.877
NGET-EMFIP-AGWS-TS-00197228,Solar generation,"Solar",2018-03-01,44,0
NGET-EMFIP-AGWS-TS-00197227,Wind generation,"Wind Onshore",2018-03-01,43,7059.326
NGET-EMFIP-AGWS-TS-00197226,Wind generation,"Wind Offshore",2018-03-01,43,3327.745
NGET-EMFIP-AGWS-TS-00197225,Solar generation,"Solar",2018-03-01,43,0
NGET-EMFIP-AGWS-TS-00197224,Wind generation,"Wind Onshore",2018-03-01,42,7076.379
NGET-EMFIP-AGWS-TS-00197223,Wind generation,"Wind Offshore",2018-03-01,42,3308.419
NGET-EMFIP-AGWS-TS-00197222,Solar generation,"Solar",2018-03-01,42,0
NGET-EMFIP-AGWS-TS-00197221,Wind generation,"Wind Onshore",2018-03-01,41,7073.988
NGET-EMFIP-AGWS-TS-00197220,Wind generation,"Wind Offshore",2018-03-01,41,3289.593
NGET-EMFIP-AGWS-TS-00197219,Solar generation,"Solar",2018-03-01,41,0
NGET-EMFIP-AGWS-TS-00197218,Wind generation,"Wind Onshore",2018-03-01,40,7022.318
NGET-EMFIP-AGWS-TS-00197217,Wind generation,"Wind Offshore",2018-03-01,40,3292.373
NGET-EMFIP-AGWS-TS-00197216,Solar generation,"Solar",2018-03-01,40,0
NGET-EMFIP-AGWS-TS-00197215,Wind generation,"Wind Onshore",2018-03-01,39,7017.339
NGET-EMFIP-AGWS-TS-00197214,Wind generation,"Wind Offshore",2018-03-01,39,3341.274
NGET-EMFIP-AGWS-TS-00197213,Solar generation,"Solar",2018-03-01,39,0
NGET-EMFIP-AGWS-TS-00197212,Wind generation,"Wind Onshore",2018-03-01,38,7060.871
NGET-EMFIP-AGWS-TS-00197211,Wind generation,"Wind Offshore",2018-03-01,38,3341.55
NGET-EMFIP-AGWS-TS-00197210,Solar generation,"Solar",2018-03-01,38,0
NGET-EMFIP-AGWS-TS-00197209,Wind generation,"Wind Onshore",2018-03-01,37,7075.055
NGET-EMFIP-AGWS-TS-00197208,Wind generation,"Wind Offshore",2018-03-01,37,3352.091
NGET-EMFIP-AGWS-TS-00197207,Solar generation,"Solar",2018-03-01,37,3
NGET-EMFIP-AGWS-TS-00197206,Wind generation,"Wind Onshore",2018-03-01,36,7231.247
NGET-EMFIP-AGWS-TS-00197205,Wind generation,"Wind Offshore",2018-03-01,36,3388.625
NGET-EMFIP-AGWS-TS-00197204,Solar generation,"Solar",2018-03-01,36,0
NGET-EMFIP-AGWS-TS-00197203,Wind generation,"Wind Onshore",2018-03-01,35,7231.042
NGET-EMFIP-AGWS-TS-00197202,Wind generation,"Wind Offshore",2018-03-01,35,3393.7
NGET-EMFIP-AGWS-TS-00197201,Solar generation,"Solar",2018-03-01,35,16
NGET-EMFIP-AGWS-TS-00197200,Wind generation,"Wind Onshore",2018-03-01,34,7302.697
NGET-EMFIP-AGWS-TS-00197199,Wind generation,"Wind Offshore",2018-03-01,34,3373.159
NGET-EMFIP-AGWS-TS-00197198,Solar generation,"Solar",2018-03-01,34,106
NGET-EMFIP-AGWS-TS-00197197,Wind generation,"Wind Onshore",2018-03-01,33,7288.305
NGET-EMFIP-AGWS-TS-00197196,Wind generation,"Wind Offshore",2018-03-01,33,3400.781
NGET-EMFIP-AGWS-TS-00197195,Solar generation,"Solar",2018-03-01,33,231
NGET-EMFIP-AGWS-TS-00197194,Wind generation,"Wind Onshore",2018-03-01,32,7380.12
NGET-EMFIP-AGWS-TS-00197193,Wind generation,"Wind Offshore",2018-03-01,32,3457.211
NGET-EMFIP-AGWS-TS-00197192,Solar generation,"Solar",2018-03-01,32,369
NGET-EMFIP-AGWS-TS-00197191,Wind generation,"Wind Onshore",2018-03-01,31,7374.288
NGET-EMFIP-AGWS-TS-00197190,Wind generation,"Wind Offshore",2018-03-01,31,3500.608
NGET-EMFIP-AGWS-TS-00197189,Solar generation,"Solar",2018-03-01,31,523
NGET-EMFIP-AGWS-TS-00197188,Wind generation,"Wind Onshore",2018-03-01,30,7464.391
NGET-EMFIP-AGWS-TS-00197187,Wind generation,"Wind Offshore",2018-03-01,30,3503.101
NGET-EMFIP-AGWS-TS-00197186,Solar generation,"Solar",2018-03-01,30,671
NGET-EMFIP-AGWS-TS-00197185,Wind generation,"Wind Onshore",2018-03-01,29,7422.424
NGET-EMFIP-AGWS-TS-00197184,Wind generation,"Wind Offshore",2018-03-01,29,3476.59
NGET-EMFIP-AGWS-TS-00197183,Solar generation,"Solar",2018-03-01,29,790
NGET-EMFIP-AGWS-TS-00197182,Wind generation,"Wind Onshore",2018-03-01,28,7476.641
NGET-EMFIP-AGWS-TS-00197181,Wind generation,"Wind Offshore",2018-03-01,28,3501.987
NGET-EMFIP-AGWS-TS-00197180,Solar generation,"Solar",2018-03-01,28,842
NGET-EMFIP-AGWS-TS-00197179,Wind generation,"Wind Onshore",2018-03-01,27,7486.992
NGET-EMFIP-AGWS-TS-00197178,Wind generation,"Wind Offshore",2018-03-01,27,3502.409
NGET-EMFIP-AGWS-TS-00197177,Solar generation,"Solar",2018-03-01,27,1924
NGET-EMFIP-AGWS-TS-00197176,Wind generation,"Wind Onshore",2018-03-01,26,7469.085
NGET-EMFIP-AGWS-TS-00197175,Wind generation,"Wind Offshore",2018-03-01,26,3480.978
NGET-EMFIP-AGWS-TS-00197174,Solar generation,"Solar",2018-03-01,26,809
NGET-EMFIP-AGWS-TS-00197173,Wind generation,"Wind Onshore",2018-03-01,25,7482.625
NGET-EMFIP-AGWS-TS-00197172,Wind generation,"Wind Offshore",2018-03-01,25,3486.806
NGET-EMFIP-AGWS-TS-00197171,Solar generation,"Solar",2018-03-01,25,831
NGET-EMFIP-AGWS-TS-00197170,Wind generation,"Wind Onshore",2018-03-01,24,7407.637
NGET-EMFIP-AGWS-TS-00197169,Wind generation,"Wind Offshore",2018-03-01,24,3498.6
NGET-EMFIP-AGWS-TS-00197168,Solar generation,"Solar",2018-03-01,24,815
NGET-EMFIP-AGWS-TS-00197167,Wind generation,"Wind Onshore",2018-03-01,23,7393.356
NGET-EMFIP-AGWS-TS-00197166,Wind generation,"Wind Offshore",2018-03-01,23,3515.96
NGET-EMFIP-AGWS-TS-00197165,Solar generation,"Solar",2018-03-01,23,794
NGET-EMFIP-AGWS-TS-00197164,Wind generation,"Wind Onshore",2018-03-01,22,7164.795
NGET-EMFIP-AGWS-TS-00197163,Wind generation,"Wind Offshore",2018-03-01,22,3513.926
NGET-EMFIP-AGWS-TS-00197162,Solar generation,"Solar",2018-03-01,22,830
NGET-EMFIP-AGWS-TS-00197161,Wind generation,"Wind Onshore",2018-03-01,21,7126.981
NGET-EMFIP-AGWS-TS-00197160,Wind generation,"Wind Offshore",2018-03-01,21,3510.859
NGET-EMFIP-AGWS-TS-00197159,Solar generation,"Solar",2018-03-01,21,745
NGET-EMFIP-AGWS-TS-00197139,Wind generation,"Wind Onshore",2018-03-01,20,6872.535
NGET-EMFIP-AGWS-TS-00197138,Wind generation,"Wind Offshore",2018-03-01,20,3514.628
NGET-EMFIP-AGWS-TS-00197137,Solar generation,"Solar",2018-03-01,20,522
NGET-EMFIP-AGWS-TS-00197136,Wind generation,"Wind Onshore",2018-03-01,19,6850.696
NGET-EMFIP-AGWS-TS-00197135,Wind generation,"Wind Offshore",2018-03-01,19,3500.8
NGET-EMFIP-AGWS-TS-00197134,Solar generation,"Solar",2018-03-01,19,407
NGET-EMFIP-AGWS-TS-00197133,Wind generation,"Wind Onshore",2018-03-01,18,6573.363
NGET-EMFIP-AGWS-TS-00197132,Wind generation,"Wind Offshore",2018-03-01,18,3532.432
NGET-EMFIP-AGWS-TS-00197131,Solar generation,"Solar",2018-03-01,18,292
NGET-EMFIP-AGWS-TS-00197130,Wind generation,"Wind Onshore",2018-03-01,17,6487.357
NGET-EMFIP-AGWS-TS-00197129,Wind generation,"Wind Offshore",2018-03-01,17,3464.326
NGET-EMFIP-AGWS-TS-00197128,Solar generation,"Solar",2018-03-01,17,138
NGET-EMFIP-AGWS-TS-00197127,Wind generation,"Wind Onshore",2018-03-01,16,6379.788
NGET-EMFIP-AGWS-TS-00197126,Wind generation,"Wind Offshore",2018-03-01,16,3486.617
NGET-EMFIP-AGWS-TS-00197125,Solar generation,"Solar",2018-03-01,16,43
NGET-EMFIP-AGWS-TS-00197124,Wind generation,"Wind Onshore",2018-03-01,15,6385.034
NGET-EMFIP-AGWS-TS-00197123,Wind generation,"Wind Offshore",2018-03-01,15,3476.409
NGET-EMFIP-AGWS-TS-00197122,Solar generation,"Solar",2018-03-01,15,23
NGET-EMFIP-AGWS-TS-00197121,Wind generation,"Wind Onshore",2018-03-01,14,6355.828
NGET-EMFIP-AGWS-TS-00197120,Wind generation,"Wind Offshore",2018-03-01,14,3467.103
NGET-EMFIP-AGWS-TS-00197119,Solar generation,"Solar",2018-03-01,14,23
NGET-EMFIP-AGWS-TS-00197118,Wind generation,"Wind Onshore",2018-03-01,13,6359.416
NGET-EMFIP-AGWS-TS-00197117,Wind generation,"Wind Offshore",2018-03-01,13,3466.375
NGET-EMFIP-AGWS-TS-00197116,Solar generation,"Solar",2018-03-01,13,0
NGET-EMFIP-AGWS-TS-00197115,Wind generation,"Wind Onshore",2018-03-01,12,6273.394
NGET-EMFIP-AGWS-TS-00197114,Wind generation,"Wind Offshore",2018-03-01,12,3474.749
NGET-EMFIP-AGWS-TS-00197113,Solar generation,"Solar",2018-03-01,12,0
NGET-EMFIP-AGWS-TS-00197112,Wind generation,"Wind Onshore",2018-03-01,11,6195.912
NGET-EMFIP-AGWS-TS-00197111,Wind generation,"Wind Offshore",2018-03-01,11,3476.201
NGET-EMFIP-AGWS-TS-00197110,Solar generation,"Solar",2018-03-01,11,0
NGET-EMFIP-AGWS-TS-00197109,Wind generation,"Wind Onshore",2018-03-01,10,5984.631
NGET-EMFIP-AGWS-TS-00197108,Wind generation,"Wind Offshore",2018-03-01,10,3435.114
NGET-EMFIP-AGWS-TS-00197107,Solar generation,"Solar",2018-03-01,10,0
NGET-EMFIP-AGWS-TS-00197106,Wind generation,"Wind Onshore",2018-03-01,9,6149.559
NGET-EMFIP-AGWS-TS-00197105,Wind generation,"Wind Offshore",2018-03-01,9,3451.575
NGET-EMFIP-AGWS-TS-00197104,Solar generation,"Solar",2018-03-01,9,0
NGET-EMFIP-AGWS-TS-00197103,Wind generation,"Wind Onshore",2018-03-01,8,6132.855
NGET-EMFIP-AGWS-TS-00197102,Wind generation,"Wind Offshore",2018-03-01,8,3455.891
NGET-EMFIP-AGWS-TS-00197101,Solar generation,"Solar",2018-03-01,8,0
NGET-EMFIP-AGWS-TS-00197100,Wind generation,"Wind Onshore",2018-03-01,7,6090.868
NGET-EMFIP-AGWS-TS-00197099,Wind generation,"Wind Offshore",2018-03-01,7,3471.38
NGET-EMFIP-AGWS-TS-00197098,Solar generation,"Solar",2018-03-01,7,0
NGET-EMFIP-AGWS-TS-00197097,Wind generation,"Wind Onshore",2018-03-01,6,6036.176
NGET-EMFIP-AGWS-TS-00197096,Wind generation,"Wind Offshore",2018-03-01,6,3489.195
NGET-EMFIP-AGWS-TS-00197095,Solar generation,"Solar",2018-03-01,6,0
NGET-EMFIP-AGWS-TS-00197094,Wind generation,"Wind Onshore",2018-03-01,5,5906.3
NGET-EMFIP-AGWS-TS-00197093,Wind generation,"Wind Offshore",2018-03-01,5,3490.019
NGET-EMFIP-AGWS-TS-00197092,Solar generation,"Solar",2018-03-01,5,0
NGET-EMFIP-AGWS-TS-00197091,Wind generation,"Wind Onshore",2018-03-01,4,5795.604
NGET-EMFIP-AGWS-TS-00197090,Wind generation,"Wind Offshore",2018-03-01,4,3480.399
NGET-EMFIP-AGWS-TS-00197089,Solar generation,"Solar",2018-03-01,4,0
NGET-EMFIP-AGWS-TS-00197088,Wind generation,"Wind Onshore",2018-03-01,3,5803.93
NGET-EMFIP-AGWS-TS-00197087,Wind generation,"Wind Offshore",2018-03-01,3,3469.262
NGET-EMFIP-AGWS-TS-00197086,Solar generation,"Solar",2018-03-01,3,0
NGET-EMFIP-AGWS-TS-00197085,Wind generation,"Wind Onshore",2018-03-01,2,5523.517
NGET-EMFIP-AGWS-TS-00197084,Wind generation,"Wind Offshore",2018-03-01,2,3439.878
NGET-EMFIP-AGWS-TS-00197083,Solar generation,"Solar",2018-03-01,2,0
NGET-EMFIP-AGWS-TS-00197082,Wind generation,"Wind Onshore",2018-03-01,1,5610.972
NGET-EMFIP-AGWS-TS-00197081,Wind generation,"Wind Offshore",2018-03-01,1,3465.64
NGET-EMFIP-AGWS-TS-00197080,Solar generation,"Solar",2018-03-01,1,0